,trend3_plus_0pct_static_qqq,trend3_plus_10pct_static_qqq,trend3_plus_20pct_static_qqq,trend3_plus_25pct_static_qqq,trend3_plus_33pct_static_qqq,trend3_plus_50pct_static_qqq
2007-01-03,0.987456089636116,0.9880052864345406,0.9885544832329652,0.9888290816321776,0.9892867456308648,0.9902020736282393
2007-01-04,0.9911382840508425,0.9932023155286204,0.9952663470063983,0.9962983627452872,0.9980183889767688,1.0014584414397316
2007-01-05,0.9791442061579413,0.9819253719215606,0.9847065376851798,0.9860971205669894,0.9884147587033388,0.9930500349760375
2007-01-08,0.9825159896039717,0.9850288732377663,0.9875417568715609,0.9887981986884582,0.9908922683832871,0.9950804077729448
2007-01-09,0.985855334683412,0.9885395056734004,0.991223676663389,0.9925657621583831,0.9948025713167069,0.9992761896333543
2007-01-10,0.989574348688407,0.9930806897978535,0.9965870309073,0.9983402014620233,1.0012621523865621,1.0071060542356396
2007-01-11,0.9947546594577226,0.9987992997133494,1.002843939968976,1.0048662600967893,1.0082367936431451,1.014977860735856
2007-01-12,1.007098597653446,1.0104370347674116,1.0137754718813774,1.0154446904383603,1.0182267213666651,1.0237907832232747
2007-01-16,1.0051678066261918,1.0086304061750204,1.0120930057238486,1.0138243054982627,1.0167098051222865,1.022480804370334
2007-01-17,1.0059815832675651,1.0085131635734796,1.0110447438793941,1.0123105340323513,1.01442018428728,1.0186394847971374
2007-01-18,0.9965175267548317,0.9980895613632155,0.9996615959715992,1.0004476132757911,1.001757642116111,1.0043776997967506
2007-01-19,1.0017330328222078,1.0029901543354782,1.0042472758487486,1.0048758366053838,1.0059234378664426,1.0080186403885596
2007-01-22,0.9955647956717921,0.9963364832759876,0.9971081708801828,0.9974940146822805,0.9981370876857767,0.9994232336927688
2007-01-23,1.0036057301589472,1.0033207287221715,1.0030357272853956,1.0028932265670076,1.0026557253696944,1.0021807229750679
2007-01-24,1.0123295930475833,1.0128255917581188,1.0133215904686543,1.013569589823922,1.0139829220827015,1.0148095866002607
2007-01-25,1.0026016672673106,1.0027615429670482,1.0029214186667856,1.0030013565166547,1.003134586266436,1.0034010457659985
2007-01-26,1.001648437577943,1.0015362477182053,1.0014240578584672,1.0013679629285983,1.0012744713788169,1.0010874882792533
2007-01-29,0.9996747205007939,0.9998517469242385,1.0000287733476827,1.000117286559405,1.0002648085789423,1.0005598526180162
2007-01-30,1.003912636843114,1.0037117581271626,1.003510879411211,1.0034104400532353,1.0032430411232758,1.0029082432633567
2007-01-31,1.0127174689422815,1.0126465098385202,1.012575550734759,1.0125400711828783,1.0124809385964106,1.012362673423475
2007-02-01,1.0162416590673309,1.0156567409950121,1.015071991501992,1.014779679963677,1.0142925876957545,1.0133187542093858
2007-02-02,1.0130640839811251,1.0131654878253338,1.0132668147189665,1.013317449315659,1.013401797577991,1.0135703338993514
2007-02-05,1.0130074142974375,1.0130224913255992,1.0130375223046915,1.013045020530242,1.013057492002627,1.0130823390885173
2007-02-06,1.0151311907818095,1.0147955744618995,1.0144600375324802,1.0142922988357514,1.0140127784371398,1.0134539029766545
2007-02-07,1.0181219491274451,1.0184067634192506,1.0186914349088185,1.0188337171132404,1.0190707748160421,1.019544592899357
2007-02-08,1.0222142355775559,1.022066176746482,1.0219181298886026,1.0218441109503935,1.0217207527073942,1.0214740611791702
2007-02-09,1.0184118514470666,1.0173335968366275,1.0162556872999164,1.0157168619141088,1.0148190112544853,1.0130240284889431
2007-02-12,1.0136204625739138,1.0126311317970371,1.0116421144573782,1.011147723308381,1.010323912139927,1.0086769424817181
2007-02-13,1.0185020123977586,1.0173687666869242,1.0162358857293396,1.0156695820116826,1.0147259450618453,1.012839430693411
2007-02-14,1.0291626004489245,1.0286635918063833,1.0281647204747808,1.027915336293519,1.0274997722550419,1.0266689301195988
2007-02-15,1.0318112338652388,1.0316449234826752,1.03147863122101,1.0313954918859258,1.0312569363957969,1.0309798631745721
2007-02-16,1.0302368737082466,1.0298832778434075,1.0295297671983366,1.0293530438294183,1.0290585522146634,1.0284697464602526
2007-02-20,1.0281280994562298,1.028767714682422,1.029407059709795,1.029726630917401,1.0302590995392091,1.0313234741902433
2007-02-21,1.03964120684524,1.039449687678342,1.0392581953411817,1.0391624592336308,1.0390029139594388,1.038683879304207
2007-02-22,1.0401083973843468,1.0403990750517784,1.0406896069359488,1.040834818220008,1.0410767560667096,1.041560328231184
2007-02-23,1.0404956803097531,1.0403795761467571,1.0402634717856758,1.040205419532426,1.0401086656714666,1.0399151575642456
2007-02-26,1.040473493138264,1.0398536054941565,1.039233897973682,1.0389241117500783,1.0384079014182253,1.0373758558427302
2007-02-27,0.9989818468627035,0.9982626872948426,0.9975437450484117,0.9971843554086102,0.9965854933750145,0.9953882218497787
2007-02-28,1.0089727643739184,1.0075748526244162,1.0061774007433366,1.0054788472261467,1.004314846768401,1.0019878034367413
2007-03-01,1.003196955246697,1.0019307846420624,1.0006620962365531,1.0000268085251358,0.998966598803657,0.9968409455425944
2007-03-02,0.9831252720238675,0.9823827438965871,0.9816356607968879,0.9812604122366315,0.980632470591589,0.9793671169904876
2007-03-05,0.9734769853308447,0.9729451878991552,0.9724080279189844,0.9721374382507294,0.9716834799351644,0.970764413557817
2007-03-06,0.9906867697000857,0.990039858755235,0.9893879333143211,0.9890600913622765,0.9885109057269139,0.9874021085475866
2007-03-07,0.989776774992367,0.9888246805562928,0.9878688572124381,0.9873895481267225,0.986588630688717,0.9849790433788821
2007-03-08,0.995765011390608,0.9948815468436489,0.9939940191890628,0.9935487326959609,0.9928043341212288,0.9913070895571864
2007-03-09,0.9943926173757602,0.9935553171347576,0.9927137710926826,0.9922914069350894,0.9915851108690443,0.9901636913948084
2007-03-12,0.9976856547517141,0.9971682092989063,0.996645152413832,0.9963815210184297,0.9959390217179591,0.9950423558499669
2007-03-13,0.9813128425949051,0.9804975183229796,0.9796779581724435,0.9792665906777989,0.9785786278850904,0.977193895564171
2007-03-14,0.9897237842739626,0.9895026520378523,0.9892747291167034,0.9891582227372253,0.9889602773828825,0.9885502670460968
2007-03-15,0.9895965323552725,0.9891542926023555,0.9887061894334023,0.9884799404555863,0.988099605346482,0.9873267438249501
2007-03-16,0.9916203941686242,0.9908946855033473,0.9901642851664681,0.9897973267559959,0.9891831261708084,0.9879449704313631
2007-03-19,0.9996673789141288,0.9991522112640849,0.9986314071875857,0.9983688928292915,0.9979282413878299,0.9970352192647958
2007-03-20,1.0065999261804308,1.0061044364157803,1.0056031737345084,1.0053503789203466,1.0049258509780978,1.0040647920267736
2007-03-21,1.021493819564958,1.0214481034091163,1.0213946139876988,1.0213649561065177,1.0213112129902107,1.02118756384765
2007-03-22,1.0196774479185473,1.019442113547227,1.019199814432863,1.0190760547262898,1.018865923912734,1.0184311807547142
2007-03-23,1.016021743303787,1.0158309939951309,1.0156331216692553,1.0155315160378509,1.0153582208494372,1.0149968197909622
2007-03-26,1.0204401972673225,1.020220841731782,1.0199944485664036,1.019878614517613,1.0196816526863857,1.0192730959211231
2007-03-27,1.0164967604876372,1.0159531798154955,1.0154039505245225,1.0151272189915441,1.0146628654988414,1.0137224139542125
2007-03-28,1.0120855103642685,1.0108906715541268,1.0096929468099407,1.009093002959854,1.0080914953863376,1.0060824808797493
2007-03-29,1.0108273704884292,1.0098777913953074,1.0089243087214663,1.0084461045087132,1.0076469316005534,1.0060404701498395
2007-03-30,1.0110382291370072,1.0099735405248798,1.008905428911589,1.008370090342662,1.007475960198981,1.0056805836787028
2007-04-02,1.012448640502368,1.0113819666586745,1.0103115937735434,1.0097750215648231,1.0088786834630672,1.0070783248374982
2007-04-03,1.0203835848079614,1.0198375273723777,1.019286810332785,1.0190097038787405,1.018545269451661,1.0176066829591883
2007-04-04,1.0271858301909846,1.026371224854368,1.0255523953758345,1.0251413969822303,1.0244540540566625,1.023070574855352
2007-04-05,1.0300685246229695,1.0294729662859297,1.0288727821661379,1.0285709550143058,1.0280653386700858,1.0270444615760874
2007-04-09,1.0279991776388513,1.0273574010929227,1.026711091558351,1.026386236674163,1.0258422928358029,1.0247449571577132
2007-04-10,1.033414578731822,1.0327597687313548,1.0321004188620002,1.0317690412649423,1.0312142225152188,1.0300951232826911
2007-04-11,1.0279707888139493,1.026775901463013,1.0255774553544343,1.0249768995776265,1.023974001383062,1.0219608224352184
2007-04-12,1.0317331605415556,1.0309698265069887,1.0302021529863516,1.029816689115248,1.0291718390675886,1.0278731018012313
2007-04-13,1.0383594105197744,1.0371367425290394,1.0359105074741548,1.0352960541859875,1.0342699890774851,1.0322104603314066
2007-04-16,1.0476792362173104,1.0464669809121756,1.045251088862687,1.0446417808845267,1.0436242524021964,1.0415816506522546
2007-04-17,1.04732424106481,1.046379393483893,1.045430440186804,1.04495442472651,1.04415878705485,1.042558972612684
2007-04-18,1.048543107734705,1.04712792376334,1.0457094556630175,1.0449989926429375,1.0438130704768145,1.041434429068331
2007-04-19,1.0451665205223655,1.0444160107593032,1.043661064921647,1.043281928589212,1.042647570543899,1.04136961462767
2007-04-20,1.056405380679042,1.0551012641596165,1.0537936245991335,1.0531384858235993,1.0520446367619913,1.049849636291154
2007-04-23,1.0533579998861413,1.0525232056092806,1.0516840785633677,1.0512628906589523,1.050558504890033,1.0491407138357751
2007-04-24,1.052557037403374,1.0523357252959076,1.0521090044382089,1.051993613854731,1.051798285990998,1.051396329455059
2007-04-25,1.061321482004378,1.061629887411454,1.0619319029082253,1.0620805105738431,1.0623246289960655,1.062799486278399
2007-04-26,1.0583433859803353,1.0595078998408283,1.0606645325183128,1.0612398863697545,1.0621944108525962,1.0640869181693704
2007-04-27,1.061755287313439,1.0626222329438129,1.0634818026377937,1.063908815563238,1.0646163890067077,1.0660160659463631
2007-04-30,1.0516842655426781,1.0521531812507219,1.0526154774674163,1.0528441388276635,1.0532215508901488,1.0539625072014818
2007-05-01,1.0501835447188288,1.050710012843671,1.0512300035942819,1.0514875651129512,1.051913221905534,1.0527504330572393
2007-05-02,1.055893462340443,1.0569956466431567,1.0580918673861124,1.0586377332296824,1.0595441730710822,1.0613439579772992
2007-05-03,1.0634457140996953,1.0641850066324423,1.0649179375942848,1.0652820113868422,1.065885249363738,1.0670778350549652
2007-05-04,1.0687599924724753,1.0690617217110643,1.0693566346799417,1.0695015314949556,1.0697392291572636,1.0701998295668416
2007-05-07,1.0691446451878965,1.0694080772717967,1.069664653824074,1.0697903679292295,1.0699960732319431,1.0703926109007988
2007-05-08,1.067498683493559,1.0681548572384454,1.0688045628046088,1.0691269843970042,1.0696607441777517,1.0707141578729564
2007-05-09,1.066979261404927,1.0679160050323038,1.068846552837002,1.0693094960543752,1.070077605184129,1.0716002561252238
2007-05-10,1.0507807014413708,1.0518656123742331,1.052944577183497,1.0534818217077426,1.0543739026827392,1.0561450106685344
2007-05-11,1.060656757677143,1.0621085915631974,1.0635547653314894,1.0642757194406864,1.065474135793172,1.067858467075718
2007-05-14,1.0565480279476875,1.0576766040220231,1.0587992374791486,1.0593583173789438,1.0602867918396046,1.0621306865293243
2007-05-15,1.055258259566072,1.0556914228004,1.056117985497266,1.0563287873358536,1.0566764444329138,1.0573574066188696
2007-05-16,1.0562027026139575,1.0575716193320677,1.058934826075202,1.0596142784642653,1.060743498986717,1.0629893456964536
2007-05-17,1.0509910725493803,1.052375424701792,1.0537541163213535,1.0544413296086845,1.0555835121977801,1.0578553871879095
2007-05-18,1.0594126942163797,1.0608281211370194,1.0622378613177896,1.062940588863391,1.0641086134319424,1.0664321101197431
2007-05-21,1.062295893477184,1.0641108145008547,1.0659204124979231,1.0668232030202112,1.068324861281675,1.0713163400892203
2007-05-22,1.0598582454105883,1.062007468825634,1.0641517058212053,1.0652219401339589,1.0670028528301032,1.0705535083422848
2007-05-23,1.0600072960965556,1.0616381890778697,1.0632635978724105,1.0640742344305312,1.065422216292968,1.068106026867076
2007-05-24,1.0475058864287714,1.0488481606050781,1.0501847570909255,1.0508509166274809,1.0519580008173526,1.0541596494693564
2007-05-25,1.0521990442653766,1.0537377528355603,1.055270940779633,1.0560354537961654,1.0573065444177485,1.059836510280607
2007-05-29,1.0569228596209341,1.0588150670382008,1.060702061223024,1.0616435905724906,1.0632098732821569,1.0663308245290835
2007-05-30,1.0609170812178625,1.0632812498438993,1.0656406310179936,1.0668185107832908,1.068778939521131,1.0726890187548423
2007-05-31,1.0665076891692946,1.068818690208949,1.0711248156718602,1.0722760348338964,1.074191981132693,1.07801291447074
2007-06-01,1.0733687473107767,1.0750743296383984,1.0767723946082959,1.07761859532099,1.0790247169811735,1.081820538913493
2007-06-04,1.0750077103582134,1.0768682328538557,1.0787218950170419,1.0796461400720536,1.0811826988103923,1.0842407512328696
2007-06-05,1.0726709740698896,1.074760536475401,1.0768442763164812,1.0778839484549896,1.0796134595575244,1.0830595631027446
2007-06-06,1.065240982050756,1.066909413086861,1.068570277330814,1.069397859337801,1.0707729229188279,1.073506533260101
2007-06-07,1.0471760659361713,1.0489699320976094,1.0507570344070336,1.051648036137464,1.053129244145512,1.0560768174855526
2007-06-08,1.0502993220413106,1.0530716784951362,1.0558415214069048,1.057225483309778,1.059530641381656,1.0641348951841767
2007-06-11,1.0528330621309525,1.055154290828431,1.0574709908621327,1.0586276274756037,1.0605527957968934,1.0643929039197713
2007-06-12,1.0436529144805007,1.0462428712363616,1.0488296069098464,1.0501217506435894,1.0522734875942785,1.056569442575162
2007-06-13,1.055001706452235,1.057628705573912,1.0602524875505974,1.0615631557002339,1.0637457682557836,1.0681034732002965
2007-06-14,1.0599533122931617,1.0627935748885715,1.0656314870080905,1.0670495443361543,1.0694116177646775,1.0741300312621118
2007-06-15,1.0666045038583678,1.0697784423145553,1.07295140162177,1.0745374953986135,1.0771803874131418,1.0824632663184521
2007-06-18,1.0668033370159855,1.069980384209778,1.0731564631178268,1.07474412075508,1.0773896251992767,1.0826777512475154
2007-06-19,1.0704898186576688,1.0732829301647946,1.0760733370156719,1.0774675090262509,1.0797895772148656,1.0844272396369927
2007-06-20,1.0579762882612558,1.0609809948625317,1.0639841002586425,1.0654850345437228,1.0679856506002614,1.072982699294689
2007-06-21,1.0623431773662573,1.0658897231358586,1.0694369844484546,1.071210863245803,1.074167667492427,1.0800818763268392
2007-06-22,1.0568329234531597,1.0599046140485633,1.0629750133686946,1.0645097105733843,1.0670667695791192,1.0721773455618937
2007-06-25,1.0517566999455166,1.054874823906482,1.057991931306658,1.059550085408096,1.062146391395543,1.0673360332133481
2007-06-26,1.041749955406095,1.0452400044893424,1.0487308090115475,1.0504764747162065,1.0533862802857679,1.0592065912327995
2007-06-27,1.0523335532766538,1.0564100595078487,1.0604897468371592,1.0625307611258676,1.0659341548927443,1.0727466459103328
2007-06-28,1.0553398784453814,1.0590766786069739,1.0628151270977089,1.0646849485434955,1.0678021732988925,1.0740391564667444
2007-06-29,1.0561105127402426,1.0599521987052145,1.063795982504583,1.0657186397385638,1.0689241726259215,1.0753387002863273
2007-07-02,1.0665659343411469,1.0703511372884948,1.0741383764753158,1.0760327391519073,1.0791910826518218,1.0855111129223178
2007-07-03,1.0683926771921617,1.0726249581205765,1.0768624139540601,1.078983062740519,1.0825202956746776,1.0896046547973675
2007-07-05,1.0688569606451825,1.0738241412215384,1.078801715251068,1.0812943814502614,1.0854545464269703,1.093795662248938
2007-07-06,1.0751647950774756,1.0799670210967163,1.084778319535049,1.0871873520800448,1.0912073923925318,1.0992654960424324
2007-07-09,1.077966480810393,1.0825644095586313,1.0871698915869326,1.0894754457961797,1.0933221769690513,1.1010304889609146
2007-07-10,1.0710894721758215,1.0754394912515988,1.0797954600762565,1.0819756560746994,1.0856125652505586,1.0928978919440753
2007-07-11,1.0751053214793542,1.079801950956135,1.084506902838287,1.0868624806545617,1.0907930125276606,1.0986705337977818
2007-07-12,1.0894471289071923,1.0944267449004705,1.0994163621675552,1.1019149024092418,1.1060846381241378,1.1144440592897134
2007-07-13,1.0930947157098814,1.0984788601526512,1.1038757992548969,1.1065790485942735,1.111091519876185,1.1201422398860303
2007-07-16,1.0915282602088292,1.0969525573526258,1.1023899714419279,1.1051135792475009,1.1096601606809016,1.1187797750542083
2007-07-17,1.0937700241732036,1.0998240052478558,1.1058955316294998,1.108937857333717,1.1140180986093995,1.124214274362679
2007-07-18,1.097432773300985,1.1029986156281315,1.1085784442677395,1.111373585472546,1.1160398725274854,1.125400707807368
2007-07-19,1.1020816750063467,1.107531785095461,1.1129949494452545,1.1157314086496362,1.1202993736124482,1.1294616152229748
2007-07-20,1.0995290815187755,1.1046246321195916,1.109730773601645,1.1122877970093108,1.116555332091935,1.125111574143662
2007-07-23,1.100174813301169,1.1052524236034444,1.1103404820533993,1.1128884103697676,1.1171407075285038,1.1256661752463883
2007-07-24,1.0884497101384984,1.0930134015227353,1.0975841578356715,1.0998721657206203,1.1036893807592396,1.1113376321997137
2007-07-25,1.086573544318001,1.091474748422001,1.0963854629201868,1.0988443676255435,1.102947771202444,1.1111735058915693
2007-07-26,1.068221628709748,1.0739632954113245,1.0797208814729369,1.0826056273647002,1.0874223325611345,1.09708806394152
2007-07-27,1.052771116556986,1.0578023885885497,1.0628448856501085,1.0653703257419995,1.06958557738508,1.078038616024073
2007-07-30,1.0641984764154635,1.0693714743250375,1.0745564389892734,1.0771533909983053,1.081488241140146,1.0901820153071304
2007-07-31,1.05287425313348,1.0568705967517344,1.0608707986660963,1.06287232672555,1.0662102935713411,1.0728933854734932
2007-08-01,1.0580365444356754,1.0623568936938697,1.0666834646720522,1.0688490646200348,1.0724618006721096,1.0796993696864916
2007-08-02,1.0638870509606992,1.0686204007739184,1.0733630122328086,1.0757377738177143,1.0797008054912152,1.0876453192766342
2007-08-03,1.0522177460343531,1.0560330898340422,1.0598509039613753,1.0617607169250585,1.0649450521543011,1.0713179777957051
2007-08-06,1.0611726614565895,1.065345847040515,1.0695240371686516,1.0716149895672185,1.0751026348836732,1.0820874737474917
2007-08-07,1.0672247892023405,1.0715693372518817,1.0759200581663417,1.0780977145472384,1.081730516897414,1.0890081083543237
2007-08-08,1.0776445961423287,1.0821611550563106,1.0866849480904777,1.0889495388262371,1.0927278222700485,1.1002985867059647
2007-08-09,1.0516206544267068,1.0561379781048184,1.0606632095790558,1.062928773043172,1.0667090544807774,1.074285246585018
2007-08-10,1.052735684659135,1.056189926416027,1.0596438360300737,1.0613706443754345,1.0642484108995265,1.0700023367666804
2007-08-13,1.0546943288256032,1.058670595745316,1.0626505124267904,1.0646418195037253,1.0679626350536071,1.0746109862068454
2007-08-14,1.043531316428315,1.04678510537804,1.0500372500539723,1.051662683404262,1.0543707612911553,1.0597825732831747
2007-08-15,1.0313659270464424,1.0338162113340252,1.0362589571765648,1.0374774780510354,1.0395040861432094,1.0435406402781762
2007-08-16,1.0228582187546071,1.0251297175091432,1.0273925151712542,1.0285206255474328,1.0303959023848352,1.0341273694798123
2007-08-17,1.0372511569948362,1.040044508056779,1.0428328195343985,1.0442250614478668,1.0465425961227857,1.0511662251781595
2007-08-20,1.0392932011986118,1.0423783395145392,1.045460639635189,1.0470007024679044,1.0495658313952003,1.0546892518210818
2007-08-21,1.0433399630815392,1.0471232887602144,1.0509090652581081,1.0528028522648238,1.0559604672256497,1.0622799192191887
2007-08-22,1.053966121047356,1.0581459738744208,1.0623310676623048,1.0644255608159658,1.0679192395020944,1.0749166458629644
2007-08-23,1.052213320037188,1.056273483640046,1.0603380086913397,1.0623718872486845,1.0657640518227116,1.072556591806454
2007-08-24,1.065786624017533,1.0700255141054853,1.0742697978510491,1.0763939430783696,1.0799371262390038,1.0870338506988815
2007-08-27,1.059408058189843,1.0635515987210444,1.0676999600951076,1.0697759291716928,1.0732385000676787,1.0801728073727053
2007-08-28,1.0411356299860888,1.0445095382545562,1.04788279153301,1.0495691507183205,1.0523793228370268,1.0579973946495602
2007-08-29,1.0603767077601258,1.064871136717724,1.0693730719523662,1.0716268363421149,1.0753872284906238,1.0829227945718507
2007-08-30,1.0598404438406523,1.0649421064835054,1.0700559794840858,1.0726174791893086,1.076893383736995,1.0854698145859758
2007-08-31,1.0711364113414032,1.0763477563038524,1.0815718689666671,1.0841886975565402,1.0885571266827072,1.0973197626891897
2007-09-04,1.0855900123599391,1.0912020856249345,1.096830591527183,1.0996509956511575,1.1043607664578108,1.113813792019914
2007-09-05,1.079452118511496,1.0845498677721641,1.0896592691975748,1.0922183229882594,1.096489838602843,1.1050563049759796
2007-09-06,1.0869472701743308,1.091240243599602,1.095536789276057,1.0976863755693782,1.1012709289108886,1.1084464685685416
2007-09-07,1.078143602022801,1.081274172336852,1.084397332966475,1.0859560959170422,1.0885498066146555,1.093720571111953
2007-09-10,1.0784773904552731,1.0815099432264619,1.0845341225337817,1.086043032269839,1.0885531155958805,1.093554597872798
2007-09-11,1.0927527735850968,1.0960281201927764,1.0992969509255817,1.1009288847438221,1.1036450452661888,1.1090625748642016
2007-09-12,1.0934255148324907,1.0966585227711336,1.099884579990244,1.1014949634577484,1.1041749636414093,1.1095192572717276
2007-09-13,1.0956649505501566,1.0992124493053277,1.1027559735242454,1.1045262099773918,1.1074742950061907,1.1133610159933518
2007-09-14,1.0954507756394678,1.099106813259773,1.1027599381240965,1.1045853743148522,1.1076260523499089,1.1137001928359047
2007-09-17,1.0957651231089176,1.09848813593971,1.1011991622630142,1.1025501359095211,1.1047949717145091,1.1092583423418876
2007-09-18,1.1192314152831209,1.1224195911182737,1.1255994755803425,1.1271862676371438,1.129826197449332,1.135087504844741
2007-09-19,1.120916896790543,1.1242301937363814,1.1275363555235298,1.1291867211279945,1.1319332529234776,1.1374101945091946
2007-09-20,1.124185090907437,1.1268775459830367,1.12955672085527,1.130891281335177,1.1331080365441548,1.1375124966560786
2007-09-21,1.1257482038898305,1.1290756240512203,1.1323958767700395,1.1340532755613941,1.1368115109049288,1.1423117868798263
2007-09-24,1.126425911650379,1.130195351172748,1.1339618929358302,1.1358440423533482,1.1389792483352623,1.1452424454624088
2007-09-25,1.129471701507852,1.134007632028476,1.1385480030903232,1.1408198275142016,1.1446085929547039,1.1521943408322002
2007-09-26,1.1314801950658273,1.1363749512426522,1.1412775628811147,1.1437317921248351,1.147826474028421,1.1560312355368554
2007-09-27,1.1393222065773951,1.1440400121789103,1.1487636794004223,1.1511276861953275,1.1550708823699014,1.162968470918543
2007-09-28,1.1411756604342083,1.1453416420186144,1.1495080601921306,1.1515914016823374,1.1550637901640493,1.1620083508587071
2007-10-01,1.1518117440188125,1.1562618757023588,1.1607145970594035,1.1629418990062368,1.1666554218941982,1.1740867560415353
2007-10-02,1.143337762413129,1.148629312535139,1.1539298958747681,1.156583546207877,1.1610112324358208,1.1698843364674822
2007-10-03,1.137572935178155,1.142620097251689,1.1476746374989995,1.1502046455789272,1.1544253417560193,1.1628810204195295
2007-10-04,1.1440805385634847,1.1487658825907068,1.1534557586472143,1.1558023667842434,1.1597158136876617,1.1675510532085591
2007-10-05,1.159151437162653,1.164718006970175,1.1702952270620082,1.1730878019683746,1.1777479269125315,1.1870892647648092
2007-10-08,1.1550183588222194,1.1617192023042504,1.1684391904437996,1.171806335984655,1.1774288011078613,1.188712534389711
2007-10-09,1.1632582012790729,1.1696747062193642,1.1761080368898467,1.1793309835787298,1.1847118275370616,1.1955074754901447
2007-10-10,1.1649689416010438,1.1715095109368372,1.1780677781847924,1.1813535203000085,1.186839508031987,1.197847260413806
2007-10-11,1.1596610763139525,1.164822081782203,1.1699907258128632,1.1725778828851907,1.176893970474857,1.18554095357428
2007-10-12,1.1717589183364723,1.177687692533084,1.183629463002342,1.186605192819703,1.1915718791688628,1.2015312191412106
2007-10-15,1.1682835953513333,1.17363538211854,1.17899599098079,1.1816795742225645,1.1861570293886723,1.1951292070320956
2007-10-16,1.1632646289920794,1.168544901827003,1.1738336001329357,1.1764810794421892,1.1808981412760549,1.1897487101211037
2007-10-17,1.1662549504209319,1.172760284730706,1.1792830226211375,1.182550889611019,1.188006921747577,1.1989541480057606
2007-10-18,1.1743253467292532,1.1805627214729795,1.1868153064177038,1.189947273918551,1.195175586968296,1.2056627939888644
2007-10-19,1.152840452164157,1.1581708801646386,1.1635103787416254,1.1661835004587446,1.1706436590467493,1.1795817765256127
2007-10-22,1.1539733475139176,1.1605970083285886,1.1672392706937518,1.1705673496385596,1.1761244019259902,1.1872761781460954
2007-10-23,1.168485042496226,1.176177621850035,1.1838963233251292,1.1877654426432802,1.1942284085876542,1.2072076787915762
2007-10-24,1.1662563564215718,1.1732514164433436,1.1802675005191037,1.1837833987532038,1.1896548289697553,1.2014404002081525
2007-10-25,1.1644699561498453,1.1700344986245863,1.1756095364391745,1.1784009619430127,1.1830590846802844,1.1923960899228536
2007-10-26,1.1840092555727184,1.189644549877267,1.195290348409785,1.1981171570945137,1.2028342552708713,1.2122892110734138
2007-10-29,1.1891336862885309,1.1947635152311054,1.2004036731474805,1.2032275956465226,1.207939785701544,1.21738455490623
2007-10-30,1.1832930528136574,1.1897324086071797,1.1961882318497856,1.1994222898971227,1.2048214521052203,1.2156529702000558
2007-10-31,1.1995259517188561,1.206110681790004,1.2127125268850012,1.2160198383582732,1.2215414483843665,1.2326191966722106
2007-11-01,1.1791921058241435,1.1854502357987187,1.191723302045042,1.194865406279469,1.20011045828078,1.210630549234177
2007-11-02,1.192318171382812,1.1982488856928561,1.204190388824109,1.2071651506433176,1.21212897858321,1.2220778789081161
2007-11-05,1.1863866270938515,1.1921140641149837,1.197850348473377,1.200721770737791,1.2055122814562067,1.2151104695851478
2007-11-06,1.2045752908312863,1.2099104723222862,1.2152494215442347,1.2179202644876905,1.2223736346173055,1.2312868315711676
2007-11-07,1.18822782956913,1.1922015463245677,1.1961649757733952,1.198142771817858,1.2014332086769932,1.2079909864306124
2007-11-08,1.1744572003315938,1.1761886011825262,1.1778859744990484,1.1787218116712685,1.1800957141404453,1.182770489102365
2007-11-09,1.1563909273521733,1.1560473120852957,1.1556479397971704,1.1554272300018547,1.1550280757988325,1.1541110393661682
2007-11-12,1.1237556015718202,1.1237310178351483,1.1236556111345841,1.123598741717743,1.1234754168593306,1.1231204605097687
2007-11-13,1.1538799506848787,1.1553975740105196,1.1568797731327765,1.1576074986030391,1.1588004365479179,1.1611103689137148
2007-11-14,1.153972802643549,1.1540564672046387,1.1540891253523573,1.1540862181111327,1.1540527241233431,1.153877006630275
2007-11-15,1.1346752309678472,1.136002089336271,1.1372923150850902,1.1379236000308417,1.138955130489846,1.1409397287552476
2007-11-16,1.1376531041473297,1.1397053219590425,1.1417286532360458,1.1427294049975183,1.1443810433350876,1.1476221519366836
2007-11-19,1.1255881975971456,1.127516068303369,1.1294142443909483,1.130352115038649,1.1318985011987592,1.1349274199213308
2007-11-20,1.1406291159972208,1.1415651994139508,1.1424601371115934,1.1428920799049633,1.1435888498424973,1.1448944239700671
2007-11-21,1.128107860312558,1.1289410576810672,1.1297325549224566,1.1301125694232717,1.130722483748191,1.1318531954325628
2007-11-23,1.1478943902193257,1.148007944638609,1.148071090815277,1.148083652875714,1.1480762761571142,1.147954059210612
2007-11-26,1.1336514501457184,1.1332339186980382,1.1327608502404953,1.1325033760590215,1.1320430735312417,1.1310042311316193
2007-11-27,1.1388917781367025,1.1401245904497275,1.1413195587638438,1.1419027590843505,1.142853470824853,1.1446738776918632
2007-11-28,1.1590766166600024,1.1617225108120495,1.164345004115913,1.1656473998001795,1.1678048420988256,1.1720690746686007
2007-11-29,1.15426586568961,1.1578516215785624,1.1614244033802965,1.1632058661863711,1.166167582998314,1.1720623089830084
2007-11-30,1.1504015235964822,1.153499689525633,1.156579758208976,1.1581129372177539,1.1606579842153124,1.165708595864767
2007-12-03,1.1494270141947833,1.1516543515221236,1.1538588030889647,1.1549523894899143,1.1567621554267813,1.160332437435288
2007-12-04,1.1499832407723272,1.1516831933876737,1.1533576515429989,1.154185271545643,1.1555503355625532,1.1582259312126149
2007-12-05,1.159317743997502,1.1621547974897493,1.1649716711034883,1.166372473133685,1.1686957393008388,1.1732984744922244
2007-12-06,1.1740187169824958,1.1770853170135822,1.1801324327555784,1.1816486126930745,1.1841645502935931,1.1891539991781321
2007-12-07,1.1702088399033301,1.1736704062381813,1.1771145418622642,1.1788299954765973,1.1816791784346863,1.1873392850179691
2007-12-10,1.1817246357354283,1.1845333507875395,1.1873210871045314,1.1887070209670556,1.1910050632163902,1.1955556764384019
2007-12-11,1.1560849185315554,1.1586524322290432,1.161198536302205,1.1624634968515513,1.164559690157914,1.1687057983157385
2007-12-12,1.1714580607555996,1.1735586794863337,1.1756351410816728,1.1766642573906068,1.1783658716557592,1.1817172205658395
2007-12-13,1.1587210949933242,1.1614362537884786,1.1641306511020808,1.1654699988750443,1.1676905239109607,1.1720866009459716
2007-12-14,1.1499705030360545,1.1523474282490005,1.1547021869934342,1.155871194274133,1.1578070542451449,1.1616309790912338
2007-12-17,1.1333329370787004,1.134543445295951,1.1357265433318116,1.1363077731458942,1.1372611463574902,1.1391095244610585
2007-12-18,1.1421603690996924,1.1428682398880756,1.1435459699712025,1.1438734998786177,1.1444025460557827,1.1453967199400035
2007-12-19,1.1420361815259161,1.1427337179136772,1.1434010664536194,1.1437233880813773,1.144243728092887,1.1452203945248347
2007-12-20,1.1492325941699921,1.1515239611564914,1.1537927628391602,1.154918643431137,1.1567824080603795,1.1604613366866183
2007-12-21,1.1692868481097614,1.1718791512912785,1.174449778092634,1.175726899328303,1.1778432104038659,1.182028980542148
2007-12-24,1.1752640957590723,1.1781514126118562,1.1810183272617751,1.1824440653295551,1.1848087648665442,1.1894938762170548
2007-12-26,1.1848670933780379,1.1874017577836202,1.1899140038750362,1.1911616571837367,1.1932284447587822,1.1973136263367516
2007-12-27,1.1754616763411623,1.1774953966792323,1.17950451319812,1.180499790477669,1.182144761131384,1.1853819083737402
2007-12-28,1.181246049451714,1.1826015190313397,1.1839288806258819,1.1845819773097765,1.1856547317005393,1.1877403378185518
2007-12-31,1.1712485435271245,1.17222859362405,1.1731789846676453,1.1736430207156408,1.174399830453019,1.1758504326422075
2008-01-02,1.1766993708992055,1.1752831379712936,1.1738335492915413,1.1730962664345288,1.171848988493875,1.1692847179159522
2008-01-03,1.181383250978627,1.1799827989690925,1.178548876197588,1.1778193827021906,1.176585021809098,1.1740463352942256
2008-01-04,1.1622421004537942,1.1576490768141747,1.1530204581388575,1.1506929012703675,1.146794154138254,1.1389237051593042
2008-01-07,1.1591341572532576,1.1543224109566994,1.1494749732250134,1.1470379762647234,1.1429567914471228,1.134721365920948
2008-01-08,1.1587492515759705,1.1511047472820628,1.1434222127318114,1.139566862110519,1.133120661165295,1.1201515925788634
2008-01-09,1.1650653402064135,1.1590886089675743,1.1530750579031805,1.1500546105779395,1.145000466080673,1.134817284857317
2008-01-10,1.1737548590508597,1.1670734715437803,1.1603544421574092,1.1569809651435161,1.1513380320375264,1.139975868468267
2008-01-11,1.1682820966256386,1.1599867100162768,1.1516524926303866,1.1474710167642304,1.1404808759707077,1.1264225428624242
2008-01-14,1.1794074425416095,1.1718873490561046,1.1643287635196777,1.1605352107979108,1.1541917399601953,1.141427099118593
2008-01-15,1.1619419316646586,1.1531295695069061,1.1442781212142215,1.1398379473251259,1.1324165391272094,1.1174953740312035
2008-01-16,1.1520583403364302,1.143082017788513,1.1340667434284941,1.1295447111670929,1.1219869592735838,1.1067934668139559
2008-01-17,1.1460499943593978,1.136202108747153,1.1263147128124231,1.1213564324952328,1.1130713538276185,1.096422436735246
2008-01-18,1.1501677839815552,1.1397719754549631,1.129336089569813,1.1241033654708943,1.1153606051619627,1.0977953844689259
2008-01-22,1.144906637548731,1.132347461189235,1.1197465571675573,1.113430760042269,1.1028821186887903,1.0817026649659998
2008-01-23,1.1427188611999648,1.129987062230886,1.1172134522679027,1.1108112753277357,1.1001186339561906,1.0786510850485396
2008-01-24,1.160061343384497,1.1476694543312624,1.1352355618940602,1.1290031627190085,1.1185933520250742,1.0976908997046309
2008-01-25,1.1536257921066526,1.1397618053047602,1.1258547702385782,1.1188854453192454,1.107246951846403,1.0838856173480413
2008-01-28,1.163207187519834,1.149169717634412,1.1350887935677862,1.1280323761962694,1.1162485153731987,1.0925956708126512
2008-01-29,1.1613448087352443,1.1476766432835575,1.133965380866944,1.1270939189412323,1.1156184888672143,1.0925830869018045
2008-01-30,1.165482956358956,1.1513107334325647,1.137094882328212,1.1299709395736315,1.1180744494911603,1.0941960422735797
2008-01-31,1.168200055330947,1.1555028252115844,1.142763115890439,1.1363776374704027,1.1257124522472488,1.1042983896449379
2008-02-01,1.1591030734847898,1.1485596825739541,1.137933386024435,1.1325893790015216,1.1236373075081605,1.1055639752411475
2008-02-04,1.1582055161336742,1.14612597284051,1.1339968099547115,1.1279139080909282,1.1177489961697646,1.097320282417573
2008-02-05,1.1516382882271845,1.1370093264327263,1.1223873437710135,1.1150793502498253,1.1029043279063728,1.078574902793954
2008-02-06,1.1577351212062368,1.1402420082000224,1.1228158597806366,1.1141283814233238,1.0996878360560702,1.0709540921874705
2008-02-07,1.1614056061986484,1.1442765319564314,1.127205610206576,1.1186924269067688,1.104537438821272,1.0763562160975488
2008-02-08,1.1663124174755426,1.1498971919161693,1.1335234511759955,1.1253525813595808,1.1117587805351443,1.0846647533416216
2008-02-11,1.1678900945130088,1.1525023507136853,1.1371335666451858,1.129456690630698,1.1166735923495037,1.0911534027224241
2008-02-12,1.1591868914102528,1.1441140976790374,1.129055813911752,1.1215325090653456,1.1090028613280376,1.0839801299421619
2008-02-13,1.1598258701535131,1.1471346831036675,1.1344066013750782,1.1280290339925907,1.1173801447500638,1.0960103611063008
2008-02-14,1.161147517849742,1.1462430256129967,1.131348898893386,1.1239061120153497,1.111508340354098,1.086740617581241
2008-02-15,1.158758127684854,1.1437323018922325,1.1287200902417933,1.1212194838668705,1.1087271645495083,1.0837771957363669
2008-02-19,1.1691264207974912,1.1527605248900918,1.1364343006895434,1.128286507057734,1.114730153146182,1.0877072046417378
2008-02-20,1.1758700106880933,1.159276180129813,1.1427251227601802,1.1344660830094515,1.120726062995585,1.093342367396732
2008-02-21,1.1765912060550965,1.1588457489674175,1.1411676465287959,1.132354344134305,1.1177043279013015,1.0885525624133388
2008-02-22,1.1771885535963185,1.1597862599098128,1.1424437790142647,1.1337954466187825,1.119416154860609,1.0907899121011186
2008-02-25,1.1740758765037587,1.1575763796150613,1.1411181059803897,1.1329048736733056,1.119240329249495,1.0920043020321812
2008-02-26,1.1787235536514118,1.1621490834257862,1.1456162074210847,1.1373658151580066,1.1236395496072222,1.0962808873859635
2008-02-27,1.1834590523206037,1.1669277025026408,1.1504357539347505,1.1422050008302704,1.1285102427245337,1.1012099877606785
2008-02-28,1.1886218603857357,1.1710907827923456,1.1536192333910171,1.144906263197881,1.1304190927872069,1.1015765499815209
2008-02-29,1.1896023533016296,1.1689759326222235,1.1484753661777465,1.1382728723215043,1.121340329091588,1.0877471338728624
2008-03-03,1.1944371952789323,1.172520702660412,1.1507664943575215,1.1399507847449462,1.122014039727997,1.0864832610963941
2008-03-04,1.1860212188232369,1.165738020350929,1.1455625866836852,1.135515983656632,1.1188312742459652,1.0856938806748233
2008-03-05,1.1962245762132706,1.175331490852353,1.1545628116932372,1.1442257830599725,1.1270661343288069,1.0930127341144291
2008-03-06,1.1915876249070325,1.1686343771361547,1.1458823326746699,1.134582174699398,1.115859289454559,1.0788351438828332
2008-03-07,1.1899125835203732,1.1668802601756436,1.1440528758891328,1.1327164356876258,1.1139351212336368,1.0768016761107648
2008-03-10,1.1890138150353655,1.163870357172538,1.1390085074551075,1.1266833435232044,1.1062960675220377,1.0661062096139895
2008-03-11,1.189504046723668,1.1685977875459341,1.1478199476393427,1.1374798250133167,1.1203172093395173,1.0862659395163237
2008-03-12,1.1938450930997253,1.1721068233735823,1.1505247171391386,1.1397927819828926,1.121992314694963,1.0867216689464345
2008-03-13,1.1991048017083608,1.1776587258348945,1.1563554988269555,1.1457580567916028,1.1281744693244828,1.0933106345281982
2008-03-14,1.2016593443944732,1.1777560122760926,1.15408287271129,1.142332955815827,1.1228763257149774,1.0844436081028994
2008-03-17,1.2033649992678548,1.1771576529088885,1.15126275875715,1.1384325547185146,1.1172204150959082,1.0754435584999318
2008-03-18,1.1933260236355612,1.1733437372792261,1.1534545099279356,1.1435455480466472,1.127082205905197,1.094357799391744
2008-03-19,1.1793640778448633,1.1580756303854307,1.1369347338433138,1.1264201881958629,1.1089773198402502,1.0744042377039364
2008-03-20,1.1664030528818152,1.1489810503888105,1.1315738719000992,1.1228768187540603,1.1083905402960745,1.0794612594412327
2008-03-24,1.1664837869682263,1.1531309597630726,1.1396460476155956,1.1328554989029382,1.1214664187186134,1.098433535812139
2008-03-25,1.1767067350320193,1.1628517501242086,1.1488774231497851,1.1418469144965204,1.1300648732828686,1.1062720325276572
2008-03-26,1.181599897801199,1.1668211846585248,1.1519538933580706,1.1444883465458826,1.131998062079123,1.1068511937007544
2008-03-27,1.180384892420083,1.1630372923511256,1.1456944710738846,1.137025873443784,1.1225815380034532,1.0937159251350166
2008-03-28,1.1732340943366253,1.1561141886777335,1.1389946078462607,1.1304359679346438,1.1161724562258617,1.0876593751523158
2008-03-31,1.168097904455252,1.1522037126924758,1.1362683103762117,1.1282863100803988,1.114961155578651,1.088240477740954
2008-04-01,1.1527297717341929,1.1435159630919887,1.134076304010434,1.1292728283126112,1.1211423460451682,1.1044247529722526
2008-04-02,1.1633143190117539,1.1526792267602397,1.1418463683304638,1.13635699136417,1.1270994008621813,1.108188890357631
2008-04-03,1.1639731160474414,1.1535233693853368,1.142871426915213,1.137470825001438,1.1283586681511335,1.1097294248079903
2008-04-04,1.1679548653459462,1.157763334358583,1.1473622835368702,1.1420843504490894,1.1331724775847092,1.114928014068417
2008-04-07,1.1716590032789096,1.1608024687030347,1.1497500242979792,1.1441515762567431,1.1347132898127499,1.1154456636309327
2008-04-08,1.1685620677263384,1.1571439627691835,1.14554378334214,1.139676722183558,1.1297986292403916,1.1096813443235827
2008-04-09,1.1770824334368648,1.1634132226714535,1.1496095207371222,1.1426588065174683,1.1310018026275093,1.1074302787985153
2008-04-10,1.1747986081808555,1.1630299397737478,1.1510847596830422,1.1450473252686473,1.1348884730318265,1.1142219328372505
2008-04-11,1.1727344266138209,1.1579452338868748,1.1430484549076427,1.1355614233484133,1.1230258910499324,1.0977556100756813
2008-04-14,1.1722365443516547,1.1569866669971998,1.1416397846441733,1.133931723557855,1.121033843625555,1.0950618312455656
2008-04-15,1.1746521223132396,1.1592912746904758,1.1438350168721818,1.1360728790790282,1.123085789870983,1.0969388931457535
2008-04-16,1.1812184959962435,1.1683059413300454,1.1552402676454103,1.1486514929997904,1.137587109291562,1.1151604945880602
2008-04-17,1.178100225768985,1.1652727889481342,1.1522914859836944,1.1457446066134858,1.134749610867627,1.112460058093603
2008-04-18,1.169075120347748,1.1609511461154374,1.1525705825378547,1.1482849988363837,1.1410001920447221,1.1259076764057743
2008-04-21,1.1677865268685608,1.160654727777045,1.153244438840945,1.149435663138049,1.1429330372450819,1.12935728599411
2008-04-22,1.1680426893137268,1.1590785731833262,1.1498772113682865,1.1451885812493576,1.1372430624491114,1.1208710995943494
2008-04-23,1.1634311770795314,1.1562884585119422,1.1488691352278533,1.1450565506931079,1.1385486365116417,1.1249662746365874
2008-04-24,1.1548153214837238,1.1497021579278746,1.1442698408898504,1.1414345652925364,1.1365311937585667,1.1260652644980382
2008-04-25,1.1550348981570804,1.149588352990697,1.143830093444129,1.1408346754530063,1.1356686448019826,1.1246935586636324
2008-04-28,1.1563750862915632,1.1510131412001428,1.1453370687251496,1.1423818294034418,1.1372813913965238,1.1264322897521015
2008-04-29,1.1489592724760849,1.1453403899217682,1.1413708434981038,1.1392549612743093,1.1355325805777858,1.1273600324898942
2008-04-30,1.1518074692873537,1.146870325276452,1.1416111881972153,1.1388614171287181,1.134098922275266,1.123908491588629
2008-05-01,1.1406222372471535,1.140488336101094,1.139984241385073,1.1395908918957134,1.1387283491317883,1.1362270118104254
2008-05-02,1.1427849532114687,1.1425968414936607,1.1420382430085398,1.1416175423326669,1.1407092922643938,1.1381161812194147
2008-05-05,1.1505732119665124,1.149244114611784,1.1475506387981382,1.1465650974467134,1.144719746932545,1.1402706458558831
2008-05-06,1.1518645678132748,1.1511261403920376,1.1500184399349724,1.14932377992377,1.1479600362478042,1.1444610857723199
2008-05-07,1.1487100393981988,1.146149674705986,1.1432348647391504,1.1416427356128147,1.138792915511632,1.132361539617575
2008-05-08,1.1547820166672464,1.1524639736062718,1.1497876736044694,1.1483132877529125,1.1456573866702147,1.1396047045341122
2008-05-09,1.155926322049413,1.1530318870336298,1.1497831888288697,1.148024262966905,1.1448968089987623,1.137912126230103
2008-05-12,1.1539869428609664,1.1534156088429777,1.1524730453469822,1.1518601679346725,1.150631504806584,1.1473978200132537
2008-05-13,1.1464381887764694,1.1469590137534422,1.1471027928597297,1.1470306115887774,1.1466990091282674,1.1452420781644235
2008-05-14,1.1455812433832173,1.1459250666990692,1.1458934638156772,1.1457342511678825,1.1452586395040614,1.1435179256274963
2008-05-15,1.153699582872052,1.155281023746459,1.1564750214323354,1.1569237327275597,1.1574536471220578,1.1576929179432551
2008-05-16,1.163337032336755,1.1640211257498319,1.1643214369213768,1.16432491180093,1.16411550849987,1.1628880674059983
2008-05-19,1.1646449889438422,1.164325642385231,1.1636296889585553,1.1631380048546167,1.1621081275399052,1.1592595386032807
2008-05-20,1.1711230597745852,1.169218815747779,1.1669478621770835,1.1656728260373905,1.1633441259762671,1.157926151818888
2008-05-21,1.1759038405791489,1.1708767997174805,1.165505148566968,1.1626889286133744,1.1578063694654532,1.1473418120017707
2008-05-22,1.171982589659558,1.1677700879784023,1.16320808203406,1.1607946263953175,1.1565799725884582,1.1474371060438786
2008-05-23,1.173110134899121,1.1684194459009118,1.1633825079475324,1.160732940580703,1.1561269585601721,1.1462105269440763
2008-05-27,1.1646760841196069,1.1629059274656033,1.1607701436834001,1.1595630744315257,1.1573481540613462,1.1521593771680105
2008-05-28,1.1640161508542035,1.1627965717610482,1.1612074096957365,1.1602720127007065,1.158507240164961,1.154207855347925
2008-05-29,1.1518220752705772,1.152921613069597,1.153637969109226,1.1538495988430468,1.1539871342777381,1.153452867530808
2008-05-30,1.156393934023573,1.1577940531186501,1.1588072256757758,1.159165756282115,1.1595457878168491,1.1594871920677436
2008-06-02,1.1543087680623938,1.1545006418275643,1.1543046674695296,1.1540586765248029,1.1534317709799375,1.151364106934805
2008-06-03,1.1474669183443775,1.147710524591318,1.1475686586358023,1.1473506111382883,1.146771558429671,1.1448042917185277
2008-06-04,1.15123267184444,1.1525637587025575,1.1535096921407308,1.1538353080656107,1.154161544159096,1.1539994817147163
2008-06-05,1.156197193615729,1.1588678657060205,1.1611536675212224,1.1621488848033625,1.1635900556642915,1.165651014192258
2008-06-06,1.1560462772476263,1.1552083117459657,1.153980412918787,1.1532180032627684,1.1517301768793509,1.1479420225076733
2008-06-09,1.1494938991046078,1.1487021989724304,1.1475228361345633,1.1467855453523454,1.1453408103388847,1.1416433400686004
2008-06-10,1.1372218981559754,1.137112473575817,1.136620507067419,1.1362286431922441,1.135361857100516,1.1328272256271745
2008-06-11,1.1349186920514531,1.132325103204404,1.1293461262270965,1.1277104889580865,1.1247714296612619,1.118100087707964
2008-06-12,1.1287969213917284,1.1269255984940794,1.1246719985597222,1.1233999988213872,1.121068079802376,1.115613525637267
2008-06-13,1.137395459013409,1.13687474680016,1.1359708348535915,1.1353728826939578,1.1341626248505858,1.130941956223214
2008-06-16,1.145912834721905,1.145545337219128,1.1447919993870157,1.1442682766365242,1.1431801186119546,1.1401972647353205
2008-06-17,1.1448791304899575,1.144011316694394,1.1427572809402171,1.1419832283054636,1.140478098329363,1.136663280251526
2008-06-18,1.1455710728227497,1.14342926224514,1.1408991402142248,1.1394866666750372,1.1369174998784366,1.130977306907246
2008-06-19,1.151892788351609,1.1508634969260605,1.1494453898997667,1.1485883654506457,1.1469436474389787,1.1428451150426242
2008-06-20,1.1442306389045356,1.1409074109165915,1.1371946002853803,1.1351906863475483,1.131636156164302,1.1237291357179018
2008-06-23,1.1331787177645065,1.1300917680022315,1.1266192960958716,1.1247370226005464,1.121387279461998,1.1138970297981332
2008-06-24,1.132998778627712,1.1293728656987478,1.1253607055968986,1.1232084888124367,1.1194089281709076,1.1110205182626331
2008-06-25,1.1387333166758413,1.1363025152379,1.1334852802910051,1.1319300617179264,1.129124300430173,1.1227164594167938
2008-06-26,1.1379553282407893,1.1311475700129545,1.123947260509822,1.1201996114798196,1.1137403855154449,1.1000371103005424
2008-06-27,1.1419120409251204,1.1347124011273695,1.127118308476541,1.123173171496993,1.11638409484583,1.1020193103080567
2008-06-30,1.1376437576382596,1.1297533914277853,1.1214690008178716,1.1171791055938518,1.1098163033238329,1.094308802690188
2008-07-01,1.1396804434102912,1.1332852476882873,1.1264503734761822,1.1228676072626933,1.116656585302674,1.1033492786779033
2008-07-02,1.141773613498,1.1323794365944535,1.122593805156085,1.1175547288820729,1.108946089987637,1.0909605825409205
2008-07-03,1.13721783879105,1.1281093412178007,1.1186068772451019,1.1137083587484184,1.105332328316414,1.0878052442670543
2008-07-07,1.1336457532796842,1.125600655356056,1.1171458438285182,1.1127649035919909,1.105241774505025,1.0893818236639572
2008-07-08,1.1317959110480236,1.1266481126933894,1.121043929462345,1.118069850072658,1.1128628790547892,1.101522007056115
2008-07-09,1.1345885178137616,1.1260641076412392,1.1171374005930363,1.1125234498622734,1.1046165331879148,1.0880071039653714
2008-07-10,1.1435825623814724,1.1354327213778292,1.1268701372409928,1.1224341868638517,1.1148177759289455,1.0987654885680793
2008-07-11,1.1507691337626447,1.1400338902036036,1.1289249050172099,1.1232312163850908,1.11354262856895,1.0934415006578473
2008-07-14,1.1538473582233775,1.1419501462048476,1.1296967936522753,1.1234378981315727,1.1128181497746643,1.0908977793062198
2008-07-15,1.1550803112218202,1.14307648983791,1.1307176885487435,1.124406536293923,1.113700435409511,1.0916103620889237
2008-07-16,1.148145115082764,1.1396584487197634,1.1307623873427737,1.1261610547527776,1.1182711732509096,1.101680763130065
2008-07-17,1.146083140268354,1.1385738686510805,1.130640144797276,1.126514016728906,1.1194068748060504,1.1043451810506857
2008-07-18,1.1468717126598662,1.1366291995829323,1.126006719922346,1.1205537959101828,1.1112625725278111,1.0919404973431028
2008-07-21,1.150108414521152,1.139998828871665,1.1295055480101621,1.1241157740450325,1.1149276021639793,1.095803114239356
2008-07-22,1.1419844601094857,1.1327442480940078,1.1231099536532971,1.1181455091575516,1.1096596537421095,1.0919133866865605
2008-07-23,1.132096241511012,1.125402620419642,1.1182778435407892,1.114553437479533,1.1081113697130287,1.0943614071462635
2008-07-24,1.135049660001306,1.1263245721590225,1.1172002609195877,1.1124887258093883,1.104421061313009,1.0874976467778321
2008-07-25,1.136693067978501,1.1292552415107142,1.12139627759418,1.1173087700585458,1.1102677826186131,1.0953449467623626
2008-07-28,1.1368572437073383,1.127257626650372,1.1172722765906444,1.1121355653888547,1.1033675765977722,1.085076444546535
2008-07-29,1.1321783137187715,1.1254003123016725,1.1181925008655562,1.1144271098389633,1.1079175595074637,1.0940359015210004
2008-07-30,1.1279519388222345,1.1222063793199188,1.1160160834053254,1.1127535216625168,1.1070727765369843,1.0948119432502803
2008-07-31,1.1302503677126383,1.1239813522945363,1.1172750938870863,1.1137575284418113,1.1076564222118344,1.0945733617808788
2008-08-01,1.1279167299099755,1.1204690691303687,1.1125969591565266,1.1085017205311103,1.1014462081324137,1.0864875420976543
2008-08-04,1.1220738549919513,1.114128570729494,1.1057670800899113,1.101430441047473,1.0939777059745799,1.0782449539911168
2008-08-05,1.1135852580595482,1.1102264615921336,1.1064035862152992,1.1043166232024004,1.1005819654299187,1.092156828701519
2008-08-06,1.11560978262635,1.113764674038456,1.1114375117784192,1.1100910986529091,1.107579115862522,1.1015523311851798
2008-08-07,1.1137913744443928,1.1112491244502585,1.1082334985643576,1.106546370712414,1.103472084448315,1.0963431781584219
2008-08-08,1.1066547189189815,1.1074480632918895,1.107733649882143,1.1076830160586186,1.1073136392464413,1.1055019828799915
2008-08-11,1.0929577768670797,1.0962451593497202,1.0990028451387457,1.1001791429498518,1.1018398778700456,1.1040271580869359
2008-08-12,1.0899037951406898,1.0936342054513668,1.0968313018339746,1.0982257917572367,1.1002477124128864,1.103147066155823
2008-08-13,1.094927661664827,1.0978855685050464,1.1003166045782025,1.1013307545479798,1.1027231543550036,1.1043817085398018
2008-08-14,1.0854812072902684,1.0907839102136407,1.0955375698374594,1.0977038708746516,1.1010017666796774,1.10641044037161
2008-08-15,1.0784203915136963,1.084240497348722,1.0895089103434596,1.0919314200565504,1.0956543297520198,1.1019043174405867
2008-08-18,1.0828428547914988,1.086819463030638,1.0902631648681647,1.091781036450509,1.0940085749998996,1.0973185274796664
2008-08-19,1.0903450530439613,1.0920817212367298,1.0933073499845616,1.093725197052438,1.0941338412616062,1.0938655983361047
2008-08-20,1.0887909220464533,1.0908875108339204,1.092469703678189,1.093064444503474,1.093765672932777,1.094073353390226
2008-08-21,1.0983637262626886,1.0989158139223751,1.0989666003295184,1.098801097458407,1.0982441273265664,1.09607233018118
2008-08-22,1.093403306847678,1.0960031117811808,1.098080769547108,1.0989201382199891,1.1000242379253136,1.1011183016742114
2008-08-25,1.092609272397676,1.0928270469497972,1.0925498823838373,1.0922229279262332,1.091400767170756,1.0887140008793001
2008-08-26,1.094033361686988,1.0939540679705004,1.0933825417806449,1.092909528126382,1.0918457474825418,1.0886832379982951
2008-08-27,1.094579392123232,1.0951825169284766,1.095285470949194,1.0951464662044623,1.0946342412846928,1.092554002775467
2008-08-28,1.0980236555927492,1.0992029874364617,1.0998741010418276,1.1000159362062103,1.0999666971772017,1.098792005041084
2008-08-29,1.09572146118702,1.0947012701463352,1.0931986914903733,1.0922641880778317,1.0904377093125794,1.0857762233881871
2008-09-02,1.0808387182718857,1.0801647903314342,1.0789686308651385,1.0781725338844463,1.076554957258633,1.0722307417390875
2008-09-03,1.0808387182718857,1.079171426511183,1.0769783975594949,1.0756829989770085,1.0732325858114082,1.067243210610574
2008-09-04,1.0808387182718857,1.0757985576541413,1.0702207567052557,1.0672300287896186,1.061951801311894,1.0503085406800396
2008-09-05,1.0810740735636306,1.0755257391581254,1.0694378578337893,1.0661916032818068,1.060487093543868,1.0479912938082179
2008-09-08,1.0810740735636306,1.0753408424866486,1.0690674119748063,1.0657282214789603,1.0598686943134168,1.0470629552823434
2008-09-09,1.0808387182718857,1.0730031989856963,1.0646201743106278,1.0602243951617067,1.0526025380958803,1.0362734630075876
2008-09-10,1.0813099908307615,1.0742368646086942,1.0666186968785967,1.0626059254205749,1.055622799999592,1.0405703191647666
2008-09-11,1.0810740735636306,1.0758722206894082,1.0701320436590542,1.067059943611227,1.0616459240982496,1.0497309257411493
2008-09-12,1.0815454585175834,1.0759046919374198,1.0697238255144723,1.066430911647685,1.0606484476956903,1.0479963121800817
2008-09-15,1.0827239209024657,1.0738488908258628,1.0644217801089602,1.059502706453267,1.0510074873428648,1.0329303252600652
2008-09-16,1.083195418251496,1.075036586257863,1.0663279743706562,1.061768688995106,1.0538734714238913,1.0369954670315353
2008-09-17,1.0879081438402531,1.0742051109009065,1.0599304654236725,1.0525824642650954,1.040034397472152,1.0138488099338874
2008-09-18,1.0848444788247906,1.0745835129089876,1.0637645553387876,1.0581479614720337,1.048488708250545,1.0280820568605638
2008-09-19,1.0810740735636302,1.0743218930312683,1.0670259171050285,1.0631745647155777,1.0564607500056964,1.0419469625076059
2008-09-22,1.0815454585175832,1.0700773535666022,1.0580485836016718,1.0518266327361245,1.0411585264585508,1.0187381180237023
2008-09-23,1.085080171301767,1.0725490619258924,1.0594518360053964,1.0526940838701646,1.0411313121318517,1.016918559420343
2008-09-24,1.0817810385994824,1.0702204890423919,1.0580988349190732,1.0518303182707882,1.0410844769909349,1.0185084088810847
2008-09-25,1.0829596133794424,1.0727862330675095,1.062056076765734,1.0564843042597887,1.0469003183782801,1.0266460562153923
2008-09-26,1.0848444788247906,1.0735155226125355,1.0616248057175806,1.0554714002065446,1.0449167435841167,1.0227198373595976
2008-09-29,1.0895567548332392,1.070229756032077,1.0503105043049366,1.0401349911266107,1.0228701841137093,0.9872523610731261
2008-09-30,1.0855518934409518,1.069137035751435,1.052142128555077,1.043432060462184,1.0286126935363473,0.9978882822166057
2008-10-01,1.085386560282329,1.0679313928064922,1.0499168185253076,1.0407051559665315,1.0250626648381127,0.9927433367090486
2008-10-02,1.084914163772681,1.0626771068045533,1.0400384853313926,1.0285763431572628,1.0092772893911173,0.9700121216843753
2008-10-03,1.084914163772681,1.0611020569576266,1.03694021290675,1.0247366692791362,1.0042328952372457,0.9626789229209546
2008-10-06,1.0846788084809362,1.057246016559609,1.0295828724769358,1.0156752295791251,0.9924025716389382,0.9455886605915247
2008-10-07,1.0844424416334961,1.0509297304510727,1.0173869747348787,1.000617632177596,0.9726950794674296,0.917047567387046
2008-10-08,1.083498660169895,1.0493752204861195,1.0152428182426068,0.9981868612853033,0.9697991685265344,0.9132702150604145
2008-10-09,1.0851503058299663,1.0484343423258686,1.0117929984022025,0.993515184067876,0.9631410411392349,0.9028341450753388
2008-10-10,1.0860939748984904,1.0487176598610066,1.0114367076408473,0.9928471898661481,0.9619659666343552,0.900693425837577
2008-10-13,1.0818469021147463,1.0554832984790379,1.0288571190186793,1.0154553570346052,0.9930064758250963,0.9477644140882018
2008-10-14,1.0837343526468717,1.0529552289407655,1.0220568512189732,1.0065749018011092,0.9807447036854511,0.9290740773193071
2008-10-15,1.08397038230908,1.044846800165668,1.0058782932054948,0.9864682557301659,0.9542550703515948,0.8904570710989422
2008-10-16,1.0834986601698953,1.0490159557407028,1.0145361104161572,0.9973110417288616,0.9686485554300605,0.9115975316263172
2008-10-17,1.0811389255231993,1.047035988549216,1.01292587929956,0.995881737031139,0.9675147081136464,0.9110306673567214
2008-10-20,1.083734352646872,1.0518222738631147,1.019828221133205,1.0038129714245967,0.9771162013993462,0.9237992063108409
2008-10-21,1.083734352646872,1.0470694184108738,1.0104789037038386,0.9922264080138625,0.9618942855315626,0.9016706154010974
2008-10-22,1.0823185118588543,1.0434110453365135,1.0046532681870768,0.9853464744958189,0.9533020784688274,0.8898287141089414
2008-10-23,1.083734352646872,1.0443337565468394,1.0050975973705665,0.9855573813673612,0.9531328125274962,0.8889337790161267
2008-10-24,1.0825546539161397,1.0405806555366974,0.9988570045864227,0.9781065281936682,0.9437161122440281,0.8757850634046263
2008-10-27,1.0842065243663657,1.0397781510285067,0.9956791612145933,0.9737718561437911,0.9375006565134156,0.8659924164899783
2008-10-28,1.0839703823090803,1.0483285688804866,1.0127272624740904,0.994956149881614,0.9654060912443211,0.9066676704547951
2008-10-29,1.082790683578348,1.0470623948027817,1.01137869082306,0.9935679545964458,0.9639542434406471,0.9050977182337063
2008-10-30,1.0842065243663657,1.051245760006782,1.0182370356484143,1.0017277197149521,0.9742278368003,0.9193839051104705
2008-10-31,1.0830266008454792,1.0503386209252068,1.017594937513406,1.0012151075475724,0.9739263623358854,0.9194863908000751
2008-11-03,1.0827193127042993,1.0498705505448798,1.0169722180063137,1.000517436068421,0.973107377492995,0.9184387153810994
2008-11-04,1.0831926083745655,1.0532634170420023,1.0230997196214882,1.007942902548962,0.9825935869030338,0.931663979087032
2008-11-05,1.08366433051375,1.0480356932003796,1.012530839778775,0.9948378235826726,0.965460206074576,0.9072152339816868
2008-11-06,1.0853178868901345,1.0448965286580412,1.0048977830367174,0.9850699134046442,0.9522999770730882,0.8878888874163993
2008-11-07,1.0853178868901345,1.0469151267504342,1.0088077549517283,0.9898778579876022,0.9585339945837177,0.896711885262464
2008-11-10,1.0850815200426946,1.0453631587281644,1.006023565695452,0.9865088261296093,0.954236451575798,0.8907297373016345
2008-11-11,1.0850815200426946,1.0432163894807334,1.0018653295923388,0.9813956004642611,0.9476066042920819,0.881346522030868
2008-11-12,1.0853178868901345,1.0389688558489045,0.9934160352373709,0.970951242392501,0.9339936008664037,0.8619798941282945
2008-11-13,1.0853178868901345,1.0445761114176595,1.004277143189836,0.9843067360584529,0.951310435522061,0.8864883903920617
2008-11-14,1.0853178868901345,1.0398339561348087,0.9950917119529589,0.9730117586730834,0.9366652819460108,0.8657611213017109
2008-11-17,1.085790508189937,1.038291839950105,0.991660913871049,0.968683901246626,0.9309122441039516,0.8574185815801522
2008-11-18,1.0846090111379691,1.037164805283426,0.9905872223394595,0.967636447359546,0.9299078530763019,0.8564977239194977
2008-11-19,1.0843729814757608,1.0322167129778823,0.9812245122307635,0.9561779793580129,0.9151213846897855,0.8356704689968818
2008-11-20,1.0850815200426944,1.0286695702750794,0.9736885197750755,0.9467476431206667,0.9026817993030387,0.8177644969599792
2008-11-21,1.084845490380486,1.0320202000275287,0.9804002180884981,0.9550552671978703,0.9135241962267278,0.8332097457708649
2008-11-24,1.0850815200426942,1.0374489075464315,0.9906938673441409,0.9676584758589062,0.9297949440580956,0.8561376996925704
2008-11-25,1.085317886890134,1.037238633982669,0.9900646405594447,0.9668301591117672,0.928650172943811,0.8544173467066277
2008-11-26,1.0857905081899366,1.0414318593440512,0.9977430496311026,0.9761628735553782,0.9406095364769829,0.8711431483742029
2008-11-28,1.0824838450174767,1.0378097440507732,0.9938318381632554,0.9721169589185501,0.9363536029429351,0.8665209190581096
2008-12-01,1.0854619773791583,1.0326795093017864,0.9812518515307526,0.9560544259308333,0.9148388492616724,0.8353854962410319
2008-12-02,1.0864064332132226,1.0367730894108735,0.9882110721547711,0.9643427158112354,0.9251923089350622,0.8493261112677181
2008-12-03,1.084751752886066,1.0382279986829979,0.9925036259905043,0.9699545156289843,0.932858860474246,0.860580194337841
2008-12-04,1.0842796935616497,1.0348691733081954,0.9865166865639137,0.9627481894590424,0.9237570569196956,0.8481831765302266
2008-12-05,1.0842796935616497,1.0389879874598769,0.9943873496511602,0.9723604499305543,0.9360778062123677,0.8652173318212542
2008-12-08,1.0845159480140123,1.0433465472154753,1.0025002097822149,0.982215757037754,0.9486424817494288,0.8824952619307624
2008-12-09,1.0840434391092868,1.0426846581059406,1.0016672706087462,0.9813039936399681,0.9476090161944608,0.8812533703720947
2008-12-10,1.084751752886066,1.042929946734588,1.0014886026378953,0.9809276617169066,0.9469239580963761,0.8800260130447701
2008-12-11,1.083570705414407,1.0389242981231168,0.9949136530077163,0.9731614915351683,0.9373074392755488,0.8671978626306958
2008-12-12,1.0840434391092868,1.0414818445137863,0.9993688079464425,0.9784969338599723,0.944010998860102,0.8762789013233878
2008-12-15,1.0838070722618471,1.0393829469180813,0.9955740505541134,0.9739152517697188,0.9382059529689804,0.8683465983520968
2008-12-16,1.0845159480140123,1.0450961588556789,1.0058435516389834,0.9862989038344503,0.9538761547399153,0.8897311204280558
2008-12-17,1.0838070722618471,1.0431372317292746,1.002748132655003,0.9826767938448081,0.9494362732088766,0.8838731718088051
2008-12-18,1.083098421299836,1.0405952834881922,0.9985384101769392,0.9776937603485094,0.9432519304574571,0.875603314763432
2008-12-19,1.0838070722618471,1.0420924387195407,1.0007516323341108,0.9802385137528841,0.9463109482338674,0.8795522275468439
2008-12-22,1.0852248237661777,1.0409403919355613,0.9972543704080902,0.9756508793353174,0.9400249433558179,0.8703005650969542
2008-12-23,1.0840434391092868,1.0393757135697712,0.9953441915234847,0.9735817620470562,0.937710857512827,0.8675685880530144
2008-12-24,1.0852248237661777,1.0406848378521167,0.996766030799336,0.9750544813614912,0.9392604957073227,0.8692436715877201
2008-12-26,1.0852248237661777,1.0406483405075824,0.9966962878364756,0.9749693058791159,0.9391513199554444,0.8690927297361059
2008-12-29,1.0813943995337703,1.0364745052093574,0.9922214516257906,0.9703594211272338,0.9343385716966794,0.8639542243209264
2008-12-30,1.0851771682534268,1.0419213777111902,0.9991724977906052,0.9780040832969654,0.9430548566511544,0.8745084507096549
2008-12-31,1.0828136121741048,1.040799085150937,0.9991881683356721,0.9785508778406756,0.9444320604377676,0.8773475901211245
2009-01-02,1.0839819464286915,1.046321237088328,1.0087134836907965,0.9899480484869263,0.958759641839624,0.8968414973370271
2009-01-05,1.0766265786658786,1.039923506539799,1.0032168467184963,0.984880914288486,0.9543774203241786,0.8937147444730933
2009-01-06,1.0795162442395205,1.0435083644846546,1.0074333718118398,0.9893898245605827,0.9593394998011886,0.8994583261954409
2009-01-07,1.0706157148312805,1.0326934622472035,0.9948816043177495,0.9760351315709508,0.9447419481862498,0.8827236155394358
2009-01-08,1.0770155169424454,1.039349745599051,1.0017563635754878,0.9830051815108576,0.9518506443506063,0.8900364428586712
2009-01-09,1.0752183501753643,1.0353797409965062,0.9957923098856953,0.9761102078717914,0.9435005645292498,0.8791295641674359
2009-01-12,1.0616215038711203,1.021692424106818,0.9820589010526494,0.9623699327212348,0.9297720679879858,0.8655080560822596
2009-01-13,1.0630709880220541,1.022981338722908,0.9831961364451578,0.9634346423315143,0.9307207795253989,0.8662428473275499
2009-01-14,1.0586469082708037,1.0160037364065553,0.9738814395780075,0.9530313802592039,0.918619847534349,0.8511736569627515
2009-01-15,1.0613264397199091,1.0199669393183055,0.9790182700435321,0.9587143646970576,0.9251538232823038,0.8591926040015766
2009-01-16,1.0706048364976024,1.029113409652002,0.9880180279967246,0.9676354583547341,0.9339363298447068,0.8676716888632028
2009-01-20,1.0769523706254196,1.0294934752804101,0.9828908300406873,0.9599249736718566,0.9221691665261798,0.848704441689135
2009-01-21,1.076657263660969,1.0334039117187563,0.9906710701007333,0.9695159167112658,0.9345966727478207,0.8661402162332921
2009-01-22,1.0786223562464026,1.0337385613093635,0.9895003843176713,0.9676388760515048,0.9316100235049425,0.8611827031928913
2009-01-23,1.0950666868603975,1.0484538061966202,1.0025799959375017,0.9799355260901048,0.9426530816047153,0.8699089799381192
2009-01-26,1.09667471922136,1.0505799372094375,1.005178372875392,0.9827530925482952,0.9458112960900693,0.8736582273640403
2009-01-27,1.0939640264542816,1.0489701986948474,1.0045888895328798,0.9826438382035751,0.9464587087422934,0.8756583057816476
2009-01-28,1.0896139153679734,1.0488127681660857,1.0083005050690077,0.9881701852906749,0.9548346490031395,0.8890912191379277
2009-01-29,1.0983563030335344,1.0536798589125718,1.00957853778939,0.9877597238414411,0.9517650388549211,0.8812729155545309
2009-01-30,1.1065939605982735,1.0589855282405098,1.0121643487501686,0.9890642179716356,0.9510489758736442,0.8769384423737515
2009-02-02,1.096765017098185,1.0518198524115998,1.0074518402375698,0.9855012073183187,0.9492892449031346,0.8783764680593165
2009-02-03,1.0946153416396012,1.0516517790411317,1.0090953272223757,0.9879881216078046,0.9530915862343098,0.8844818840848392
2009-02-04,1.0979930389852024,1.0547060513011806,1.011844455479241,0.9905914441603525,0.9554617963461155,0.8864222599218559
2009-02-05,1.101510168778216,1.0601483196938235,1.0190291240434246,0.9985804204279372,0.9646946118201678,0.8977926317993292
2009-02-06,1.0982272553692054,1.0602483063805046,1.0222205125913328,1.0032106279808939,0.9715681018922884,0.9085909301687294
2009-02-09,1.0940031136141275,1.0570871009875926,1.020040643194379,1.0014914407189957,0.9705731984160308,0.9088861300043494
2009-02-10,1.1015571806964242,1.0593474524512767,1.0174558656024253,0.9966486290865225,0.9622052916834226,0.8943334357923447
2009-02-11,1.1098863586368475,1.0660062065187206,1.0225671409293295,1.001031383156268,0.9654395327515175,0.8955101236567069
2009-02-12,1.1134780486395026,1.070451845934917,1.02777931346044,1.00659486113049,0.9715423898093594,0.9025249500823167
2009-02-13,1.111587784182066,1.068312318407137,1.0254186737143145,1.004133943142456,0.9689291523233097,0.8996605165310324
2009-02-17,1.1234240473582382,1.0740764353130863,1.0256152702673882,1.0017319304666572,0.962464390251863,0.8860449896675193
2009-02-18,1.1295428826577276,1.079417499160078,1.0302287956914489,1.0060002161166912,0.9661842800566385,0.8887669253810978
2009-02-19,1.1248899683476548,1.0737655742111087,1.0236815375540873,0.9990431900529354,0.9585989947154329,0.8801227924598101
2009-02-20,1.1331753961658704,1.0811914130939808,1.0302985389951616,1.0052745354222616,0.9642149898449531,0.8846087144171757
2009-02-23,1.1327298448391727,1.0771132645896624,1.022913233521804,0.9963548966780331,0.9529106481290757,0.8691606303027264
2009-02-24,1.1200054816363423,1.0695237664337176,1.0200403638806306,0.9956868290993747,0.9556947339326344,0.8780400920664073
2009-02-25,1.11323726779119,1.0630017697005705,1.0137638006918037,0.9895325605187371,0.9497434643525059,0.872490837379758
2009-02-26,1.113029083496769,1.0598962270580539,1.0080200101042542,0.9825645900563514,0.9408725600202855,0.8603122624555204
2009-02-27,1.1117546577716828,1.0578479528950753,1.005270906818737,0.9794918039347043,0.9372989396539511,0.8558769245979139
2009-03-02,1.1054818892760807,1.0491268163737173,0.994351934437424,0.9675629417964626,0.9238200909209479,0.8397768088074197
2009-03-03,1.1017776941444364,1.0458819555818089,0.9915333351904398,0.9649454138404975,0.9215202716557138,0.8380495105497288
2009-03-04,1.0975988541529127,1.0450826682668164,0.9937824560851869,0.9685987809992279,0.9273423384118551,0.8475947197168776
2009-03-05,1.1097005057661504,1.0522255111006855,0.9964296584440349,0.9691660968737588,0.9246838431246073,0.8393467033079829
2009-03-06,1.1107323252430676,1.052287418174956,0.9956173270566764,0.9679513001522595,0.9228478674587393,0.8364457575672835
2009-03-09,1.1038870023894711,1.044248073558074,0.9865326250277461,0.9583975643664078,0.9125888052014941,0.8250477000748777
2009-03-10,1.0942159995883998,1.0421906705863102,0.9913437825704574,0.9663731035201217,0.9254519615049175,0.8463039524842626
2009-03-11,1.0985142298030404,1.0475056441363098,0.9975547328632169,0.972988433769236,0.9326790980286808,0.8545334274551974
2009-03-12,1.1056723316358747,1.0572184693673432,1.0095326960713997,0.985994322161158,0.9472488915587298,0.8716989566895306
2009-03-13,1.1063062505723633,1.0580338124169892,1.0105084203608774,0.9870426358018594,0.9484073472578096,0.8730390866149527
2009-03-16,1.1041544970335433,1.054319505326956,1.005400207253328,0.9812984600489288,0.9416903444461373,0.8646872469232278
2009-03-17,1.1016160126099483,1.0563286074522151,1.0114995633812316,0.9892773509066239,0.9525649054400889,0.8805063411880479
2009-03-18,1.113916175859893,1.0682891739847502,1.0231085980397823,1.0007065945369105,0.9636892958584675,0.8910047498279614
2009-03-19,1.11844473228782,1.0720825329357162,1.0262250236446375,1.0035057507092326,0.965990182586413,0.892418961258576
2009-03-20,1.115744412347323,1.0680095564249819,1.0209306251060832,0.9976553157422319,0.9592910755569224,0.8843008722322955
2009-03-23,1.1098965633175109,1.06973939036102,1.0294822419445961,1.0093440859813976,0.9758167649281546,0.909099980604269
2009-03-24,1.1052376476206947,1.0635265029277536,1.0218926900772445,1.0011302665649673,0.9666538932152526,0.8983646527516742
2009-03-25,1.1096607292676044,1.0678554838459817,1.0261204014005472,1.0053048543428555,0.9707365823423044,0.902252372366651
2009-03-26,1.1092995818381874,1.071224336780691,1.032837594396005,1.0135580668413469,0.9813522754335355,0.9168871636470228
2009-03-27,1.104526737127407,1.064835781124379,1.0250174086693922,1.0050885797100029,0.9718955094521694,0.9057939591528931
2009-03-30,1.1015389136982028,1.0593081158420652,1.0172220887182286,0.9962578789029504,0.961479803855045,0.8927101130909869
2009-03-31,1.1024088672944787,1.0610690602726314,1.0197792172958176,0.9991788051454087,0.964958062570074,0.897128148149003
2009-04-01,1.1054943550974548,1.0651431956553843,1.024789190139292,1.0046390028129453,0.9711400805630006,0.9046368890810608
2009-04-02,1.0960049824612832,1.0604540458213398,1.0245381962382387,1.006472325113681,0.9762495684268471,0.9155697408639691
2009-04-03,1.091600440373044,1.058740988848556,1.0253108924986996,1.0084113492106688,0.9800202161456275,0.92258987253988
2009-04-06,1.0820690935733164,1.0502155498451589,1.0177378908083048,1.0012944594120392,0.973633682573197,0.9175527170081224
2009-04-07,1.0880063194774001,1.0523305489831842,1.016323770456357,0.998224830237121,0.9679647775077558,0.9072745978986663
2009-04-08,1.0878036561382725,1.054037522080968,1.0197857315250851,1.0025068220117992,0.9735293468769708,0.9150947037673827
2009-04-09,1.0861087693288838,1.0560878967459175,1.0252819177484753,1.009614613506996,0.9831601225261954,0.9291713353665108
2009-04-13,1.092933078387124,1.0618109210971145,1.0299729217981248,1.0138155139998632,0.9865823942149963,0.9311780699841155
2009-04-14,1.090550862473184,1.0583306183577421,1.0254908801382683,1.0088683399665284,0.9809122242150368,0.9242536689767669
2009-04-15,1.091075911738166,1.0584649872330363,1.0252647709105305,1.0084732262983163,0.9802519066514361,0.923123630758625
2009-04-16,1.0847328553684712,1.0559635809885908,1.0263115337483313,1.0111848736534568,0.9855782210651182,0.9330890097827202
2009-04-17,1.081545620585489,1.0534563462202824,1.0244384822074881,1.0096118105740555,0.9844799669780224,0.932847229405563
2009-04-20,1.0888544902044752,1.0559760248466263,1.0225366159602547,1.0056359515950075,0.9772480130109271,0.9198422325673388
2009-04-21,1.0884513537072196,1.057225547548292,1.02530563663953,1.009115236310846,0.9818386036867757,0.9263887321894955
2009-04-22,1.090913615470881,1.0597096677458802,1.027802525270472,1.0116151939361075,0.9843389237489188,0.9288726980289281
2009-04-23,1.0969702294640367,1.0660830131353962,1.0344488640907405,1.0183819317513434,0.9912830069787961,0.9360866723369092
2009-04-24,1.1006860338344298,1.0713556375070266,1.0411407055148691,1.0257323503187947,0.9996564919461999,0.9462325613113338
2009-04-27,1.0976574365211618,1.0688790538014294,1.0391802525642133,1.0240165544521234,0.9983287022713501,0.9456075941903349
2009-04-28,1.092729345014103,1.0637301090300246,1.033843046031372,1.01859720185002,0.9927897838359001,0.9398925451061644
2009-04-29,1.0949109657224887,1.0672500832651797,1.0385860883610352,1.0239090000240227,0.9989869666227483,0.9476307421797365
2009-04-30,1.0906296833861537,1.0647557025601453,1.0377460525081263,1.023846778439863,1.0001486608725598,0.95097301964901
2009-05-01,1.0896685894820408,1.0642397568646407,1.0376428913413864,1.0239379256705188,1.0005458771094295,0.951916585257339
2009-05-04,1.1034497533652967,1.0784595870194107,1.0522484733440645,1.0387162162937034,1.015581918148292,0.9673544160439558
2009-05-05,1.1015815815978516,1.0767246486360325,1.0506442738238317,1.0371763116036208,1.0141473874413693,0.9661231414114231
2009-05-06,1.1069992329658496,1.0815173185227918,1.05483116709973,1.0410681487101767,1.017559899131466,0.9686270924279741
2009-05-07,1.097907212960252,1.0709849484733063,1.0429510990433073,1.0285502839772704,1.0040339209233715,0.9532967224741469
2009-05-08,1.1004542172901917,1.0732855110211803,1.0450118715213446,1.0304939071118038,1.0057866992997224,0.9546857279475631
2009-05-11,1.1004328956525131,1.073638688024684,1.0457208066087094,1.0313733374850997,1.0069389179706918,0.9563391009852467
2009-05-12,1.1005269559929047,1.0724197490867886,1.0432545298410223,1.028309263282766,1.0029183564774433,0.9505612238303949
2009-05-13,1.092293288481084,1.0623629117846234,1.031484455611949,1.0157254727997485,0.9890438597178863,0.9343588217546375
2009-05-14,1.096035468099011,1.066798621657663,1.036570509211388,1.0211198693345223,0.9949265083732316,0.9411188153961535
2009-05-15,1.0979967739620267,1.0684604178154928,1.037943423299149,1.022352625551867,0.9959323990013086,0.9416978163047467
2009-05-18,1.1024643254854785,1.0750832803634756,1.0466034468875276,1.0319849051051266,1.0071140871812556,0.9557021568536839
2009-05-19,1.1065851699597369,1.0792009612369355,1.0507088811239482,1.036080840547583,1.0111892795347817,0.9597178296678346
2009-05-20,1.1103901407900016,1.082173290398194,1.0528818084081406,1.0378673486509498,1.0123524697551984,0.959716363782346
2009-05-21,1.110649292043837,1.0804487258476436,1.0492724687057988,1.0333546110763676,1.0063941208681626,0.9511014432199333
2009-05-22,1.1108184485991264,1.0802564389089673,1.0487364923144613,1.0326537923564427,1.0054293585001044,0.9496510034535928
2009-05-26,1.1224900076795958,1.0943885315650919,1.0651794994145736,1.0501938894743288,1.024708877738968,0.9720647364487518
2009-05-27,1.1186558997652065,1.0902749317902751,1.060809028413135,1.045703705479469,1.0200323369155329,0.9670658342442551
2009-05-28,1.126109569164049,1.0980656829415232,1.068903233899364,1.0539367575313383,1.028477483724932,0.9758618024566081
2009-05-29,1.1389275549279319,1.1106642144261518,1.081264574303585,1.0661731456793797,1.0404967187372258,0.9874155552512267
2009-06-01,1.1516045855621166,1.1249435652062947,1.0970358607483877,1.0826476071399194,1.0580782165717295,1.006961480073422
2009-06-02,1.1549517856033522,1.1280392547524074,1.0998853996986213,1.0853763360490827,1.0606093011343802,1.0091126234105778
2009-06-03,1.1411933717841698,1.1156125793593428,1.0887530514301489,1.0748758003998706,1.0511372794136262,1.001598427334783
2009-06-04,1.1563335081185078,1.1301887970107574,1.102759977031745,1.0885966952747046,1.0643803570666845,1.0138857378895287
2009-06-05,1.1468855208660327,1.1220157470465,1.0958175674353667,1.0822517574259027,1.0590031554833637,1.010332191415879
2009-06-08,1.1435339340422048,1.1187290422415501,1.0926000291488596,1.0790703243574193,1.0558840076164033,1.0073449115142767
2009-06-09,1.1495376945125588,1.124875521291922,1.0988681843440578,1.0853913417847028,1.0622812879074475,1.013850253321838
2009-06-10,1.1472942412083655,1.122499527693125,1.0963716025686492,1.082839052107167,1.0596430423352923,1.011066313826038
2009-06-11,1.148370893434696,1.1234451063258886,1.097190421781195,1.0835962374061339,1.0603002584248304,1.0115346106969738
2009-06-12,1.1415724277677406,1.1169438929599806,1.090986600439734,1.0775408411903051,1.054491360233732,1.0062134300078303
2009-06-15,1.1204825535811527,1.0960815277661788,1.0703880359976683,1.0570874186152595,1.0342987444351237,0.9866102616124582
2009-06-16,1.1149051112579338,1.090091117871414,1.0640186811256358,1.050541684925789,1.0274787750509058,0.9793171188904093
2009-06-17,1.1198214400873634,1.0954697068206605,1.0698244687717087,1.056547538615375,1.0337976231707464,0.986183673043677
2009-06-18,1.1188781214959478,1.094422833064425,1.06868153432979,1.0553594717670314,1.0325387218832272,0.984799924760241
2009-06-19,1.1255043642749856,1.101441953335308,1.0760581577571822,1.0629012725174802,1.040335422308591,0.993028817033274
2009-06-22,1.0973142915720464,1.0733100354862568,1.0480456013406678,1.0349710823251992,1.0125754339102888,0.9657297198597462
2009-06-23,1.098248225996549,1.0738803305465268,1.0482689021283442,1.035027467376303,1.0123637961847416,0.9650218956802267
2009-06-24,1.1097883423702146,1.0858586315044079,1.0606364820608452,1.0475710341650646,1.0251728132512303,0.9782564817721816
2009-06-25,1.1286747997626236,1.1046324555954512,1.0792604695497534,1.0661063983131476,1.0435407068396683,0.9962176426006877
2009-06-26,1.1284675547140146,1.104700388319609,1.0795898464624807,1.0665610941109094,1.0441959559199452,0.9972415757508029
2009-06-29,1.131852143021712,1.1079228367546505,1.0826508161441544,1.0695417462190577,1.0470436227544517,0.9998276158506457
2009-06-30,1.1246389291997185,1.101369086783354,1.0767389158097052,1.0639435078424044,1.041956511725267,0.9957154460573066
2009-07-01,1.1312282702947232,1.1072253520579556,1.0818830832769106,1.068740459704525,1.0461888566454984,0.9988755726518607
2009-07-02,1.1080017124132269,1.084331975158197,1.059357596219404,1.046411473860296,1.0242051356897097,0.9776454465601361
2009-07-06,1.103994755202251,1.0802247940373897,1.0551633001823784,1.042178627048607,1.0199155212174535,0.9732706481500972
2009-07-07,1.087589205451946,1.063099392437649,1.0373856944427617,1.0241009927477993,1.0013771525226636,0.953961178668713
2009-07-08,1.0833132440690851,1.0598774386726342,1.0351793136638066,1.02238683025319,1.0004588067577367,0.9545361004217733
2009-07-09,1.0856095042950649,1.0620828792939792,1.0372931168438868,1.0244546158801493,1.0024497623147386,0.9563735734373277
2009-07-10,1.086585808008842,1.0633980583767249,1.0389297778724018,1.0262451340720806,1.0044860738465908,0.9588597258020436
2009-07-13,1.1047488242412784,1.0814352648799206,1.0568079484951436,1.044031540981482,1.022101875146383,0.9760700722798652
2009-07-14,1.1107122897839434,1.0870844798301857,1.0621443285955583,1.0492123992115758,1.0270253785357915,0.9804880117943349
2009-07-15,1.1397866502942022,1.1163440647767848,1.0915184936535955,1.07861728834255,1.056442361628778,1.0097835129304054
2009-07-16,1.1426538448113888,1.1202052259905826,1.0963225966943106,1.0838726683159088,1.062418671009004,1.0170792196351133
2009-07-17,1.148684745022331,1.126126118086519,1.1021255293013656,1.0896137840738858,1.0680528048776092,1.0224856176044173
2009-07-20,1.1620115761609084,1.1389613986396485,1.1144629079485946,1.101700417658398,1.079719755539587,1.0333102957199665
2009-07-21,1.1658822470436048,1.1431608417615788,1.11896798605011,1.106349298882617,1.0845945794975982,1.0385839199407902
2009-07-22,1.170372820366366,1.1480884670795086,1.1243033087826484,1.111877010351042,1.0904254521737144,1.0449533653671208
2009-07-23,1.187040798181757,1.1653541619118022,1.1421040258281137,1.129921155191957,1.108839113147928,1.0639680920964694
2009-07-24,1.186191691818845,1.1636959895224557,1.139675140042855,1.1271221638839135,1.1054469421251099,1.0594828515556092
2009-07-27,1.1917020245796262,1.1694615558162171,1.145672610951093,1.1332265872463627,1.1117160381193991,1.0660292969838112
2009-07-28,1.1804897234970886,1.1587625389631449,1.1354877187027248,1.1232984704860791,1.1022145788406623,1.0573725496443374
2009-07-29,1.1784716037432263,1.1577727990423372,1.1354842446764053,1.1237712188375362,1.103454567909897,1.0600417746924633
2009-07-30,1.186734709496365,1.165751727222764,1.143174126987068,1.1313150947376842,1.1107534222518314,1.0668465012969104
2009-07-31,1.1931431450878445,1.171034742617409,1.147368813494155,1.1349807674824683,1.1135614655834178,1.0680363842814902
2009-08-03,1.207863797213001,1.1857892087220692,1.1621254762283237,1.14972666667895,1.128272008154401,1.0826114991661933
2009-08-04,1.2123655776348505,1.189766039536179,1.1655892610432017,1.1529390263114152,1.131073728922349,1.0846271391771132
2009-08-05,1.2085028516180307,1.1854341909967767,1.1608151062632013,1.1479543230449165,1.1257544727285853,1.0787029896251732
2009-08-06,1.2021173297879186,1.1787550644334495,1.1538672990252972,1.1408818562280223,1.118488933847223,1.0711079782857822
2009-08-07,1.2087970847635017,1.1861390505120917,1.1619134526910264,1.14924249844982,1.1273481736470856,1.0808643591095473
2009-08-10,1.2016333191319872,1.1789800791052027,1.1547737797929343,1.1421178918507553,1.120256595981927,1.0738681064623499
2009-08-11,1.1925427268268172,1.1699410106361559,1.1458028107784946,1.133187106438391,1.1114016666898217,1.0651973630344853
2009-08-12,1.2036742182843836,1.1815839183066448,1.1579137024593902,1.1455151208783354,1.1240659478466464,1.0784354271436845
2009-08-13,1.212273081167118,1.1898326979591727,1.1658088550046601,1.1532325664857692,1.1314865368970515,1.0852625261140554
2009-08-14,1.2014294938426309,1.178888993383571,1.1547913118227942,1.1421880526665764,1.1204118103123362,1.074182699253134
2009-08-17,1.1739388131177524,1.151192687792337,1.12695406232968,1.1143047680778833,1.0924879297693573,1.0463129394140769
2009-08-18,1.1845367587084046,1.162186296577278,1.1383056580810058,1.1258207828610616,1.1042559377977281,1.0585002845732336
2009-08-19,1.1927612046915879,1.1702525971722875,1.146203308293261,1.1336303751867558,1.111913588874264,1.0658361247695645
2009-08-20,1.2004292909321501,1.178391080638093,1.154777514205957,1.1424088979320817,1.1210119742639715,1.0754940840213691
2009-08-21,1.21962049029086,1.1969165839090108,1.1726247556670932,1.159913131082778,1.1379400489677791,1.0912584675321269
2009-08-24,1.2135883244064034,1.1914692134575666,1.1677510068405388,1.1553212943290345,1.133809846355823,1.0880165491486207
2009-08-25,1.2173933900176377,1.1951864594572748,1.1713761631383348,1.1588989175211455,1.1373062276520325,1.0913436565119574
2009-08-26,1.2168565406939027,1.1945045763925097,1.1705561882105862,1.1580126709506517,1.1363138486961517,1.0901561339647918
2009-08-27,1.2204958819987193,1.1980162089877846,1.173937788331848,1.1613285434650242,1.1395193636732894,1.093138927697287
2009-08-28,1.2237192793504232,1.2009823133568063,1.176650347634047,1.163916048749623,1.1419014226799744,1.0951231206573229
2009-08-31,1.2138830208701865,1.1910768818792152,1.1666987090290495,1.1539499784933498,1.1319241140282943,1.0851712987362585
2009-09-01,1.1994714480124553,1.1761180814263406,1.151244936050868,1.1382689189521358,1.1158947703354711,1.0685625441958182
2009-09-02,1.2075559738490609,1.1831677281083357,1.1572854948743059,1.1438158393316873,1.120636760962621,1.0717685374368653
2009-09-03,1.2189562539175913,1.194008536984146,1.1675662482830664,1.1538170310762614,1.1301736972019971,1.080387512954304
2009-09-04,1.2334365114505856,1.2093257641493587,1.1836561490414246,1.1702682141930092,1.1471888716247358,1.0983830849347578
2009-09-08,1.2403309841172845,1.2165451658053037,1.1911728879919845,1.1779229119424257,1.155057253351098,1.1066162187603448
2009-09-09,1.2454858764247083,1.2221390990883092,1.1971771793942716,1.1841211251351806,1.1615614176415714,1.1136650697029506
2009-09-10,1.2563041024689596,1.2328531265674454,1.2077689305208312,1.1946451090225751,1.1719629445952529,1.1237873067930764
2009-09-11,1.2612945682828556,1.2373789257412928,1.211838831964377,1.1984909074227472,1.1754416934636933,1.1265594349973833
2009-09-14,1.261389304220473,1.2379389381334707,1.2128448178298505,1.1997120963692247,1.1770093369851382,1.12877119208947
2009-09-15,1.2685060790352585,1.2446103481770363,1.2190744451452633,1.2057227159481094,1.182658494287506,1.1337140084237718
2009-09-16,1.2853708420376067,1.2613185606001662,1.2355976833926121,1.2221430353654716,1.198892301366099,1.1495205889891942
2009-09-17,1.2821744200917689,1.2584662439980023,1.233081946681841,1.219792355009483,1.19681137024951,1.1479567208879358
2009-09-18,1.2802696139217447,1.2569958156687244,1.2320319943393585,1.218946913465579,1.196297626336989,1.1480691479799923
2009-09-21,1.279173192677484,1.2564150550077389,1.2319479838225338,1.2191035794385536,1.1968432370705187,1.1493435900033908
2009-09-22,1.2881071500071144,1.2645424308462914,1.2392834386897869,1.2260495399078408,1.203150939301224,1.1544213393588272
2009-09-23,1.2789147016302798,1.255829186290528,1.2310487158329861,1.2180532367148387,1.1955499161580945,1.1475994480147995
2009-09-24,1.2648858537226986,1.2423088415335448,1.2180449837446845,1.205310219788922,1.1832440405355467,1.1361735927522219
2009-09-25,1.2565374121845458,1.2338342896815384,1.2094667532761947,1.1966886880931948,1.1745630554954984,1.1274217119924457
2009-09-28,1.2713776933739505,1.2490545912982607,1.2250208004909928,1.2123918480777083,1.1904880774536564,1.1436889015136689
2009-09-29,1.2698232065245285,1.2471157228374645,1.222716548052075,1.2099124742177911,1.187728595645322,1.1404156855034255
2009-09-30,1.2746301679764762,1.251449825245125,1.226587275985586,1.2135556382349704,1.190999362583693,1.1429707558467472
2009-10-01,1.247580388565004,1.2238578479719862,1.1985271297912141,1.185289818644431,1.1624333847379664,1.1139669193592054
2009-10-02,1.2464629966243095,1.2225162949457489,1.1969723258701641,1.1836327527980277,1.1606126805706616,1.111845904366456
2009-10-05,1.262189565419092,1.237393287112316,1.211000713504019,1.197238268081097,1.1735170515763524,1.1233682372275975
2009-10-06,1.2860532678314822,1.260643407702223,1.233612658117079,1.2195226924700515,1.1952443804945578,1.1439446592979818
2009-10-07,1.2887788186873028,1.2634067885483002,1.2364068959666472,1.222329702301237,1.1980687180565863,1.1467886860997936
2009-10-08,1.2993396445216208,1.273274533632046,1.2455869426982051,1.2311687835540206,1.206345009885961,1.1539652338474846
2009-10-09,1.300988498015377,1.2754395633283746,1.2482448950684168,1.234063848829463,1.2096206332722153,1.1579436733252153
2009-10-12,1.306670770978615,1.2807286950005046,1.253144562013147,1.238770652430335,1.214009451632083,1.1617124410330835
2009-10-13,1.3088528056218736,1.2826874454159656,1.2548842305292363,1.2404026325738626,1.2154650710177028,1.1628286715882208
2009-10-14,1.3218710210826725,1.2959064950489103,1.2682700314938473,1.2538588045719654,1.2290191192672095,1.17650497719684
2009-10-15,1.3168847290732293,1.2912032365796378,1.263848971030204,1.2495781752855415,1.2249710479535816,1.1729142369605334
2009-10-16,1.3120968798226844,1.286144976006232,1.2585404185739952,1.2441523442275062,1.2193617657313425,1.1669847043128683
2009-10-19,1.324545282443048,1.2984182704211442,1.270620181450154,1.256128667730741,1.2311562374684697,1.178381847756661
2009-10-20,1.3188256231417343,1.2933906857628181,1.2662695352278588,1.252109958762058,1.2276799305834034,1.1759447356043145
2009-10-21,1.3154265433072523,1.2901497178144314,1.2631874535325391,1.249107411508539,1.2248097861364797,1.1733375668696198
2009-10-22,1.322345292374913,1.2967678291462355,1.2695025330328766,1.2552704565982307,1.2307192295103493,1.1787414155574174
2009-10-23,1.3136062338368018,1.2885108127022735,1.2617266348227576,1.2477341668816075,1.223580016313081,1.1723841098755048
2009-10-26,1.3004836438309182,1.2764959063655024,1.2508032129156925,1.237349035899686,1.2140791061976863,1.1645949332857988
2009-10-27,1.2919400493459874,1.267026822261218,1.2404616339136922,1.2265921996570153,1.2026625979533612,1.1519865496489237
2009-10-28,1.2694584428933926,1.244350468861159,1.2176435239045118,1.2037232828523918,1.179738748840156,1.1290645747317654
2009-10-29,1.2939576474571755,1.2680740335271572,1.2405718225469604,1.2262475784855034,1.2015817929193116,1.1495219693512813
2009-10-30,1.2693510858161308,1.2429885365043958,1.2150756450948463,1.2005722004532868,1.1756468966545475,1.123216870385592
2009-11-02,1.2801548609927005,1.2530363442608987,1.2243759499227784,1.209502848384511,1.1839687970511934,1.1303543510590217
2009-11-03,1.2931680159682015,1.2648960554010116,1.235106707533613,1.2196796224956201,1.1932395853071942,1.1378856534949033
2009-11-04,1.2976276782875598,1.2690379962161877,1.238935770512329,1.2233544276673112,1.1966610294801834,1.1408165239738486
2009-11-05,1.3156019034875603,1.2879796294949943,1.2587614753529603,1.2435899527562273,1.2175308785727212,1.1627681825773977
2009-11-06,1.3211891341030269,1.293663261433261,1.2645249524328657,1.249387065335067,1.223374704561972,1.1686702542539655
2009-11-09,1.3437224797946161,1.3162860012661652,1.2871840143764561,1.272044393936556,1.2459999452442068,1.1911229855692769
2009-11-10,1.3457676263654514,1.3184228430984324,1.2894039101969028,1.2743024864516823,1.2483166779357802,1.1935377993602994
2009-11-11,1.3559337033542087,1.3282315293683036,1.2988494602692802,1.2835647480095338,1.2572715669311814,1.201873639482497
2009-11-12,1.3430510635462083,1.316121088021056,1.2875038878205207,1.2725979654899715,1.2469294408255753,1.1927504961056623
2009-11-13,1.3554850415643316,1.328171380626768,1.2991610228575183,1.2840554428075879,1.258050325873807,1.2031869445597778
2009-11-16,1.3744174382394925,1.3462204673044411,1.316326062566333,1.300779226962729,1.274041337428243,1.217728797289703
2009-11-17,1.3777984998212842,1.3496255153665655,1.3197466500177963,1.3042044061422426,1.277469488347677,1.221145451657087
2009-11-18,1.3760693697053856,1.347340571699745,1.316935083558985,1.30114106871489,1.274004344709076,1.2169465286449659
2009-11-19,1.3631926277089692,1.3338948958438348,1.3029744969682744,1.2869438418707673,1.2594440924415817,1.2017801671375052
2009-11-20,1.3619469811977707,1.332127280014843,1.3007115030187413,1.2844436900424399,1.256564957440136,1.1982069965083302
2009-11-23,1.3804369002877417,1.3505482633182055,1.319026512490772,1.302691983668332,1.2746821346192876,1.2159889928089103
2009-11-24,1.381383827657705,1.3509254831599025,1.3188580342455698,1.3022602812602933,1.273826764925429,1.214346002737914
2009-11-25,1.3927161052427404,1.361487231447804,1.328659876510228,1.3116870411831443,1.282636834914655,1.2219596002924749
2009-11-27,1.3719587198676628,1.3411601423745958,1.3087885160804458,1.292052520031985,1.2634094020833575,1.2035886884841407
2009-11-30,1.3763727712279852,1.3452009433773686,1.3124635503452353,1.295547901943288,1.2666107278354102,1.206224472210038
2009-12-01,1.3937574085730167,1.361886178699063,1.3284436969373385,1.3111742073355783,1.2816466152091475,1.2200822198828718
2009-12-02,1.4012950501496788,1.368700357819435,1.334553030218069,1.3169388739491186,1.2868493656965638,1.224212466931448
2009-12-03,1.3938616739303122,1.3616063815338246,1.3277984983745859,1.3103536923650099,1.2805453181694118,1.2184641185776748
2009-12-04,1.3793626473594818,1.3495682452809723,1.3181328338786724,1.3018385421659755,1.2738914661539609,1.2153082084303979
2009-12-07,1.3739053146324056,1.3441190356524673,1.3127036398857121,1.2964237724364147,1.2685071597921636,1.210008393217787
2009-12-08,1.3573780112688443,1.3287494290052204,1.2984719973793473,1.2827524433636772,1.2557550936580155,1.1990327799692182
2009-12-09,1.363303719573051,1.3353225335170635,1.3056472988668844,1.2902112815835265,1.2636598026212442,1.2077263655599748
2009-12-10,1.3681391815985533,1.3402557715614236,1.3106626108423816,1.295261675147755,1.2687598205005512,1.2128923908603695
2009-12-11,1.3623803962179357,1.3346653401602402,1.3052452215547814,1.289932358859358,1.2635792695404122,1.2080154201929316
2009-12-14,1.3736275048404343,1.345856007720077,1.31635689177462,1.3009962008208136,1.2745513534204038,1.2187600988098366
2009-12-15,1.3686955576094997,1.340745037387725,1.311086815130817,1.2956541878841004,1.269100850636355,1.2131358589711134
2009-12-16,1.3754926635738083,1.346907949873871,1.3166314266948063,1.3008962893050224,1.273849519361391,1.216941805925644
2009-12-17,1.3473955941918077,1.3205283084314905,1.291948001648882,1.2770511126828763,1.2513841475906406,1.1971600407714837
2009-12-18,1.3639053321157435,1.3372575996992686,1.3088488573459103,1.294019640442962,1.268438696306889,1.2142865941983327
2009-12-21,1.3659973725868593,1.3406478030727356,1.3134686415253434,1.299227206501275,1.274584339221691,1.2221461152445936
2009-12-22,1.367451987422967,1.342764197151761,1.3162109787385874,1.302268421497823,1.2781020233798173,1.2265322686981295
2009-12-23,1.3733687313045155,1.3489905814823995,1.3227184421475928,1.3089054410252576,1.2849384382597686,1.2337044248393165
2009-12-24,1.3871910826641454,1.3624480620985309,1.3357978700383832,1.3217913546315827,1.297495904576706,1.2455858579457733
2009-12-28,1.3914890159834818,1.3669717777961727,1.340526578820465,1.326614564868084,1.3024645829086323,1.2507995720811942
2009-12-29,1.3845390071428803,1.3602708982313187,1.3340782256336852,1.3202934538952702,1.2963565476277559,1.245119577910923
2009-12-30,1.3837181049503429,1.359983164168187,1.334299276706839,1.3207592131953998,1.2972151375728305,1.2467047301565581
2009-12-31,1.3762391186462724,1.3521038833710868,1.3260562418127975,1.312348357801017,1.2885457451199982,1.2375990082280701
2010-01-04,1.4009329777639834,1.3759021352849365,1.3489461657335857,1.3347804339570097,1.3102090486939637,1.257718046379991
2010-01-05,1.4017515990006846,1.3766258381359955,1.3495769479274233,1.3353656257334974,1.3107197068722871,1.258085787290474
2010-01-06,1.4069404967655585,1.3803842802587791,1.3519498306058484,1.3370643706590775,1.3113248561233117,1.2566264051753697
2010-01-07,1.4063059935704842,1.379912182373195,1.3516351346944726,1.3368262943644114,1.3112111283762415,1.2567476387979983
2010-01-08,1.4140273553086506,1.3878630585203913,1.3597906231947028,1.345074477830459,1.3195992917124744,1.2653602068617351
2010-01-11,1.4190532794417947,1.391743838217339,1.3625603957227803,1.3473029956640596,1.3209487193563356,1.2650459919908226
2010-01-12,1.3987950155900615,1.372117627994934,1.3435835732210544,1.3286565340508634,1.3028599981080862,1.248093899512776
2010-01-13,1.4129460785710455,1.3863151977227886,1.3577965616343992,1.3428655432176098,1.3170451565961272,1.2621673128273185
2010-01-14,1.4167080283029105,1.389759273908757,1.3609273431118292,1.3458418008358621,1.319767574212788,1.2643983663104397
2010-01-15,1.4009830440620246,1.3742591389457341,1.3456758486238845,1.3307232351153109,1.3048827591142538,1.250024300496681
2010-01-19,1.4170940711862858,1.3906925907260441,1.3623858509075526,1.347553936761106,1.3218882686645423,1.267279304861555
2010-01-20,1.3945854652427205,1.3688106140815424,1.3411527046983416,1.3266527003256625,1.3015500428105478,1.248098233612683
2010-01-21,1.374543070139664,1.3498192627519954,1.3232129895052445,1.3092376665336196,1.2850058702839011,1.2332737241996699
2010-01-22,1.350023658531124,1.3242059855150532,1.2965991205821228,1.2821598044648084,1.2572099181691305,1.204254863357047
2010-01-25,1.3551633202755262,1.3291937280973067,1.3014302180886603,1.2869110080272257,1.2618259424998572,1.2085943119810216
2010-01-26,1.3539989148135898,1.328282707575476,1.3007651372507227,1.286365784689332,1.2614754516180433,1.208612587158653
2010-01-27,1.3553034881772332,1.3304720850541938,1.303802208399898,1.2898116780987963,1.2655790584658093,1.2139368179345282
2010-01-28,1.3383215527568604,1.3120550845221415,1.2840410909340194,1.2694143758357341,1.2441766815359259,1.1907403996918295
2010-01-29,1.3235969127816618,1.2967881155306111,1.268283350938097,1.2534312364523066,1.2278481732632596,1.1738376622454172
2010-02-01,1.3452731557779383,1.3173291672146652,1.2876913654753244,1.27227495183472,1.245756670821998,1.189904289871348
2010-02-02,1.3579641191443519,1.3297015284637024,1.2997315925986066,1.2841444556892085,1.257335391397003,1.2008809570339543
2010-02-03,1.3564009220215894,1.3290526777057274,1.2999598108453525,1.2847961759730322,1.2586693460642744,1.2034851899786607
2010-02-04,1.31135521416404,1.2854850531460056,1.2579028481055534,1.243504878820965,1.2186666524209304,1.1660940454940962
2010-02-05,1.3172693666375346,1.291792324934334,1.264572830989949,1.2503443890180783,1.2257707148530246,1.1736578100137154
2010-02-08,1.3082437507388027,1.2828941073696227,1.2558160495495083,1.2416634058863194,1.2172232655584967,1.1654029601463751
2010-02-09,1.3239466136374345,1.298073479145316,1.2704609397958964,1.2560375995482485,1.2311421720943334,1.178400230769346
2010-02-10,1.3209487317229929,1.2951573671548497,1.267629504611158,1.2532494865835755,1.2284275566367673,1.1758367303919872
2010-02-11,1.3406233359378041,1.3144758708721156,1.2865647958978457,1.2719834953615567,1.2468125754525192,1.1934767769677137
2010-02-12,1.3408106169124419,1.3149143994030217,1.2872429819473994,1.2727768770351464,1.247790729529987,1.1947958867352766
2010-02-16,1.3643046106526167,1.3373264204880848,1.3085698818876965,1.293561373581059,1.2676733670805673,1.2128912728859012
2010-02-17,1.3674832473844916,1.340888027291695,1.312490475173688,1.297652041192995,1.2720330398288369,1.2177326807734925
2010-02-18,1.3760805528871902,1.349317456445817,1.3207407267669422,1.3058086945142549,1.280028130220072,1.2253854668307835
2010-02-19,1.374695794183112,1.3480360236137927,1.3195610451637918,1.3046791738936485,1.2789809831546444,1.2244977249916729
2010-02-22,1.37218353976219,1.3455479791448615,1.317101618722344,1.302235671180935,1.2765663383533865,1.2221491461342644
2010-02-23,1.355741543905644,1.3292917226979992,1.3010587367310735,1.2863095575622636,1.2608492516421619,1.2069017461736864
2010-02-24,1.36233217304627,1.3364687226386067,1.3087816220253448,1.2942895599310278,1.26923360133077,1.2160010615932482
2010-02-25,1.3655651474662704,1.3392883089903764,1.31119915789933,1.296510809097128,1.2711353676573822,1.217295359921529
2010-02-26,1.3721650845467632,1.3455924395483443,1.317206235147247,1.3023692586556535,1.2767464807029476,1.2224155259699379
2010-03-01,1.383544500810312,1.3575887270313178,1.3297692286194582,1.31519608768176,1.2899833455464462,1.2363578967898157
2010-03-02,1.3929150411491722,1.366280487947313,1.3377906673539954,1.3228863819501564,1.2971288424795275,1.2424455439523214
2010-03-03,1.396393847405049,1.3695012608315102,1.340756799620665,1.3257267872132497,1.299762502823552,1.2446781408687837
2010-03-04,1.3959747885825207,1.3695817350322994,1.3413167655205323,1.3265183816241846,1.3009273559882937,1.2465382645020566
2010-03-05,1.4095737422282013,1.3836570995435482,1.3558195638978399,1.341216000092289,1.3159211466283902,1.2620152569725078
2010-03-08,1.4066774903971009,1.3813707648115667,1.3541237633837868,1.3398074558603028,1.3149785300418046,1.261952190616633
2010-03-09,1.4094442738279254,1.3845937275903506,1.3577778847496262,1.343667233915931,1.319165716136085,1.2667338341221581
2010-03-10,1.410187800938152,1.3863909061243145,1.3605829702659522,1.346957854368323,1.323236687875568,1.2722504079245787
2010-03-11,1.4145490981049555,1.3907809369870674,1.3649912266183446,1.3513712619021971,1.327652828955687,1.276650188047663
2010-03-12,1.4119687619983599,1.388533331804091,1.3630679123366038,1.3496065200318386,1.3261465407001,1.2756365794725704
2010-03-15,1.4125862127350408,1.3887181085551326,1.3628368311497567,1.3491743379745524,1.3253899707189114,1.2742745260203503
2010-03-16,1.4279915868348092,1.4032171022287838,1.376434566189366,1.362324501910555,1.3378003021815288,1.2852351275374496
2010-03-17,1.4287706814185486,1.4042951321029011,1.3777973410022706,1.3638239708525814,1.3395187400211306,1.2873564015750005
2010-03-18,1.433298338881098,1.4087720493652043,1.382215985691787,1.3682107296907944,1.343848422363169,1.2915578269049142
2010-03-19,1.4192701838456632,1.3955208373853665,1.3697390816330077,1.3561190137667438,1.3323944010570399,1.281357077009907
2010-03-22,1.4240099117117242,1.4009969714108195,1.3759106479252516,1.362622060408439,1.339424811681024,1.2893436023799814
2010-03-23,1.4331663358764162,1.4100711112170323,1.384886418429527,1.371542741794343,1.3482451828582422,1.2979326711495947
2010-03-24,1.419990684720778,1.3977497185347219,1.3734115901638173,1.3604872425167567,1.3378812300125926,1.2889178120795575
2010-03-25,1.4205001984544485,1.3979890984545198,1.373391070561902,1.360340937352623,1.3375318680224444,1.2881888314881946
2010-03-26,1.4283054893696072,1.4050290885877221,1.3796811824002715,1.3662628377855859,1.3428513187002082,1.2923510550541941
2010-03-29,1.4343908774327803,1.4110919464485314,1.3857094722951127,1.3722693755392181,1.3488151023572215,1.298205524128368
2010-03-30,1.4330882572518453,1.4104230043233625,1.3856504298237229,1.3725056001361025,1.3495281151654905,1.2998104238615844
2010-03-31,1.4331884269872164,1.4098201393358227,1.3843737804315186,1.3709038729114562,1.3474031614436637,1.2967132492832711
2010-04-01,1.4420589293689914,1.4176603927737967,1.3912058041147988,1.3772413517866335,1.3529323327950429,1.3006932684955481
2010-04-05,1.453208278219879,1.4288488766754917,1.4024091885085785,1.388443061165498,1.3641177900256307,1.3117960680476783
2010-04-06,1.456356144511303,1.4320458444270658,1.405647022448676,1.391698179472737,1.36739700327423,1.3151056094325326
2010-04-07,1.458771452029679,1.4338315506660124,1.4068212355508343,1.3925742663804526,1.3677885894600883,1.3145794000918685
2010-04-08,1.4622391822434706,1.4372235786359735,1.4101332405217042,1.3958447433599432,1.3709877725754485,1.3176289446920937
2010-04-09,1.4726366276564984,1.4472771005854899,1.4198341647949517,1.4053665807314393,1.3802076962301362,1.3262352760751484
2010-04-12,1.4710550061563392,1.4459946024307802,1.4188430746273697,1.4045179065020665,1.3795909895131335,1.3260599810086076
2010-04-13,1.4725093061523213,1.4480153104858977,1.4214064820325527,1.4073430308687838,1.3828371008358245,1.330086922139859
2010-04-14,1.4854159851396092,1.4611700059852852,1.4347737189933079,1.4208029260403314,1.3964309860692792,1.3438710096501587
2010-04-15,1.4907236589857569,1.4665133037855802,1.4401404817443693,1.4261768215676995,1.401809954405002,1.3492345948696534
2010-04-16,1.466337753518149,1.4431690303219613,1.417849581837101,1.4044156128735032,1.3809339899608517,1.330129160661514
2010-04-19,1.4674831512214541,1.4440948305753332,1.4185614809364382,1.4050229873211606,1.381371133069649,1.3302424417127512
2010-04-20,1.4756931773397695,1.4520949700936212,1.4263426265341643,1.4126915067032981,1.3888477510413164,1.3373215460767227
2010-04-21,1.481296927584974,1.4578763583384433,1.4322836895586457,1.4187054447240577,1.394972596179303,1.3436276311921347
2010-04-22,1.4834957099590342,1.4606440018424192,1.435594873115702,1.4222781586757525,1.3989650911761289,1.3483952108288948
2010-04-23,1.4947128759320165,1.4711883066464653,1.4454680075005917,1.431817239632658,1.4079509435290443,1.356293431901764
2010-04-26,1.4898168620420238,1.4665321897646901,1.4410530187497814,1.427522955407801,1.4038575831560398,1.3525989347552103
2010-04-27,1.4756810111941931,1.4508812695051636,1.4239714008850382,1.4097595998358006,1.3850101851736132,1.3317895950564274
2010-04-28,1.4782541082514478,1.4532467020792812,1.4261315086019395,1.4118181984324312,1.386901688790875,1.3333564137616587
2010-04-29,1.4927175138373021,1.4685714110518948,1.4422564116350434,1.4283191697449353,1.403992553757914,1.3514831580587943
2010-04-30,1.4792262348257825,1.453725719557743,1.4261334800683567,1.4115883193096956,1.386296118038658,1.3320433871675763
2010-05-03,1.4940873413064077,1.4689070763875087,1.4415922231634837,1.4271692936197762,1.4020560709808314,1.348067082248777
2010-05-04,1.4636442939534695,1.4375517512866258,1.4094223135602708,1.3946298484482842,1.3689578071121706,1.3140699781100194
2010-05-05,1.459175835076827,1.4328613105067947,1.4045275795632957,1.389639879088515,1.3638196627831407,1.30867638196819
2010-05-06,1.4414791550548238,1.4124547492861268,1.3815508061855912,1.3654338323667827,1.337651784740422,1.2789293720193498
2010-05-07,1.421948364550506,1.3917549167614032,1.3597668050824165,1.3431410453780435,1.3145620414696293,1.2544442982698851
2010-05-10,1.4629286449917414,1.43496971473108,1.4050463410399967,1.3893864778440372,1.3623156381268633,1.3048193302470454
2010-05-11,1.4742634617304122,1.4448471464539994,1.413498347793606,1.3971396520247863,1.3689271828440845,1.3092453505655341
2010-05-12,1.4931630169308083,1.4642208628395017,1.4332890815733115,1.4171168878428837,1.3891820978604061,1.3299289846915447
2010-05-13,1.4758020263786595,1.4465918402493991,1.4154381484143634,1.3991726100704445,1.3711085702672436,1.311696581668179
2010-05-14,1.4570612235978464,1.4272995403929944,1.395654107473498,1.379165784613515,1.350765322816077,1.2908141747370723
2010-05-17,1.4544964083515075,1.4254740480120769,1.3945451327470666,1.3784055609585009,1.350571020349355,1.291688759961237
2010-05-18,1.4421095854778034,1.4125988672933567,1.3812257994067423,1.36488133545048,1.3367314214499384,1.2773191231257623
2010-05-19,1.423525288239063,1.3950691835878635,1.3647490879657855,1.3489291056364676,1.3216484052080084,1.2639474027961368
2010-05-20,1.3855103882511874,1.3563967196271145,1.3255227379300092,1.3094654727155295,1.2818486864953416,1.22370070321712
2010-05-21,1.3942837474783316,1.365603502893133,1.3351283071361144,1.3192569029100134,1.2919292294960343,1.2342794133470598
2010-05-24,1.3935944075063609,1.3644621881112116,1.333553630791502,1.3174731061935965,1.2898088338215452,1.2315337843568843
2010-05-25,1.3966739058891897,1.3673040479839724,1.3361605153416931,1.319963812869087,1.2921082780375088,1.2334614701495417
2010-05-26,1.3937119612669058,1.3632076994644766,1.3309790292284502,1.31425968754965,1.2855644413276757,1.225363768285139
2010-05-27,1.4262763589443845,1.396941269031913,1.3657699186453964,1.3495358437165004,1.3215835542156842,1.2626154731771049
2010-05-28,1.4186163052338996,1.3893689467763535,1.358297844640812,1.3421184615910553,1.3142638573693086,1.2555145620169166
2010-06-01,1.4135992580574448,1.3836710329631505,1.3519597463668926,1.3354763097857385,1.3071396401958821,1.2475227134017615
2010-06-02,1.4243067612852987,1.3963730597767159,1.3665426421829259,1.3509547721346085,1.324041552977831,1.2670009165688982
2010-06-03,1.421506652796263,1.3952481956883278,1.3670236952771133,1.3522108449700385,1.3265454850764562,1.271825746866666
2010-06-04,1.4099318868485173,1.3801643346735881,1.3486146033542843,1.3322120737255658,1.304010150797308,1.2446610721107565
2010-06-07,1.410365709765108,1.3780440545631945,1.3440544162354158,1.3264776987341553,1.2963902694090157,1.233553775320295
2010-06-08,1.4077077918025267,1.3754574873236995,1.3415418724831267,1.3240030748375546,1.2939800452847037,1.2312761997968604
2010-06-09,1.4021313150979975,1.3694137860697826,1.335064369622808,1.3173217173654517,1.2869788382468752,1.2237123360376658
2010-06-10,1.4088580219330744,1.3791569486261945,1.3476730784419433,1.3313031663395831,1.3031550294359209,1.2439108687984346
2010-06-11,1.417420160443237,1.3880149781936502,1.3567946850437893,1.3405441418665287,1.312576267466893,1.2536214594339203
2010-06-14,1.4154964179183513,1.3862890859877584,1.3552619855255055,1.3391060556110341,1.3112926170657024,1.2526331217354438
2010-06-15,1.4336442757142542,1.40600595238658,1.3764369038938806,1.3609666672601106,1.3342298957322518,1.2774675897492729
2010-06-16,1.4330196598157652,1.4060353503771705,1.3770922122288254,1.3619236362396516,1.3356719511391595,1.2798094836922287
2010-06-17,1.4407597748022398,1.4133144710825172,1.3839139720159648,1.368518643811706,1.3418926816428627,1.285298758464797
2010-06-18,1.44493008353144,1.4171088775348655,1.3873401834460268,1.371764099560882,1.3448424356244888,1.287680577339611
2010-06-21,1.4310567043524258,1.4036593979438239,1.3743262334781141,1.358971724855969,1.3324241656513531,1.2760248531150848
2010-06-22,1.4315857844802171,1.403024845408745,1.3725793408067433,1.356689238727965,1.3292811861323106,1.2712886173377598
2010-06-23,1.427639470952442,1.3989660509389132,1.3684218816113205,1.3524877398588258,1.3250142264946025,1.2669208683396453
2010-06-24,1.4217311091446048,1.3916186486782618,1.3597134137290507,1.343129609519403,1.3146210289912168,1.2546446964827764
2010-06-25,1.4275731675681804,1.3967946953619448,1.3642405316640271,1.347339462343628,1.3183138223985127,1.257351833451375
2010-06-28,1.419329306010916,1.389039316902764,1.3569698798150025,1.340309165458284,1.3116803075780596,1.2514939525773818
2010-06-29,1.4018906412016694,1.368339927027158,1.3331954247322058,1.3150704748200128,1.2841142103601566,1.2197151514515674
2010-06-30,1.3967238030192304,1.3617643287463044,1.3252860327612337,1.3065238967004813,1.2745516094378688,1.208300980655991
2010-07-01,1.3791568368847082,1.3459444284796525,1.3111670218699152,1.2932360655178579,1.2626179582986319,1.1989480330107938
2010-07-02,1.3847294088033215,1.3504556586729322,1.3146593808860894,1.2962360065097918,1.2648237937069644,1.1996710730145768
2010-07-06,1.3769172170167554,1.34400998459102,1.309527072929488,1.291739039387489,1.261352318893758,1.1981178883543526
2010-07-07,1.3816058782938747,1.3524429658086037,1.3214960542699732,1.305394263267695,1.2776925017118428,1.219340239752075
2010-07-08,1.3798101672407677,1.35162832213275,1.3216151596240142,1.3059615193536707,1.2789777363301726,1.221948023450894
2010-07-09,1.384027059253915,1.356663476293995,1.3274153827076036,1.3121235622623537,1.285711250676962,1.2297027015811972
2010-07-12,1.3803097676328733,1.3538126079176769,1.3253942686305207,1.3105026909911965,1.2847346623748896,1.2299246652646456
2010-07-13,1.384229808411216,1.3590950792039531,1.331958051637139,1.3176754059715816,1.2928737421947596,1.2398084649335093
2010-07-14,1.3839992281257814,1.3596226080912457,1.3332043456104978,1.3192655816948342,1.295013188328499,1.2429533117773053
2010-07-15,1.3837302080191103,1.359513510320062,1.3332473999603063,1.3193816388297894,1.2952461686240022,1.2434015391779762
2010-07-16,1.3777348567088792,1.350250810858795,1.3209037088034252,1.305570493152219,1.279101204501811,1.2230236145766122
2010-07-19,1.3739195560221362,1.348107517563177,1.320353592888451,1.3057857289380506,1.2805436866924613,1.2267309033162697
2010-07-20,1.3774552572300978,1.3529255176320683,1.3263779134525446,1.3123834888992754,1.2880517108171303,1.2358832354885934
2010-07-21,1.3743807165930053,1.3482584569020375,1.3202095296340564,1.3055001801438748,1.2800316180906208,1.225802163086215
2010-07-22,1.3782623175501112,1.3552528419728358,1.3301435542964803,1.3168360712091407,1.2935996872087265,1.2434291825683566
2010-07-23,1.3755058162130367,1.3537534267674556,1.3298416884276296,1.3171093947952657,1.2947951704808875,1.246325838102396
2010-07-26,1.3729098134502922,1.3526805660772647,1.330218045414584,1.3181811200837203,1.2969806642319937,1.250561885744198
2010-07-27,1.3651850806783097,1.3458355324249387,1.3242249696319792,1.312602688885214,1.2920753024132334,1.246930066371235
2010-07-28,1.3664253742145958,1.345749987836105,1.3228803841346557,1.3106549451601759,1.2891629458309002,1.2422473917504644
2010-07-29,1.3681827416729289,1.3462135896669256,1.3221140875575919,1.3092989358460252,1.2868630386674151,1.23821214947011
2010-07-30,1.3729971762384128,1.350757647541693,1.3263904333152066,1.3134427322431943,1.2907882828607462,1.2417109909211366
2010-08-02,1.3747514798794,1.3549677376641207,1.3329357749798336,1.3211077637136985,1.300245088145839,1.2544584068740905
2010-08-03,1.3745516082817182,1.3542068708676893,1.3316332072866623,1.3195424104213354,1.2982547756087226,1.2516717229651504
2010-08-04,1.3820725439344712,1.3622460209326137,1.340157199959248,1.3282955533003227,1.30736927219227,1.2614278749377101
2010-08-05,1.3820121234871203,1.3618714897079274,1.3394792520336714,1.3274703718133765,1.3063059298051005,1.2599179709863826
2010-08-06,1.3847135134843038,1.3640621111574744,1.34117056066944,1.328917078920587,1.3073534629104033,1.2602034939885947
2010-08-09,1.3861378009945562,1.3662586491239448,1.344110353536003,1.3322164855537044,1.3112329697495477,1.2651645418025534
2010-08-10,1.3834909385351721,1.3627156535162999,1.3397069786611322,1.32739765073758,1.3057452038747135,1.2584344719437979
2010-08-11,1.3695111145905507,1.3466158033357982,1.3215880448217217,1.3083101459676176,1.2851079979596896,1.234957162179742
2010-08-12,1.3715975267014613,1.3474149697327178,1.3211388436888538,1.307253247023154,1.2830651749255912,1.2310544005715978
2010-08-13,1.3683194246454313,1.3435750327792813,1.3167629185109784,1.3026198469521981,1.2780192688703453,1.225250362633686
2010-08-16,1.3729150138622843,1.3478826865216282,1.3207825822398056,1.3064959270847154,1.2816572554618877,1.2284194164573718
2010-08-17,1.3787223442283976,1.3546944346588636,1.3285526533799377,1.3147263961599034,1.2906254059630604,1.238743593798875
2010-08-18,1.3822541625665294,1.358350870017106,1.3323220284289494,1.3185476823417324,1.2945262599850285,1.2427766728027423
2010-08-19,1.3761110799864817,1.3508912008696965,1.3236030797839375,1.3092225234067134,1.284227903622939,1.2306820209622145
2010-08-20,1.3751467840489946,1.3502114344959184,1.3232003157716434,1.3089550157810856,1.2841804617770214,1.2310521407716188
2010-08-23,1.369952098543458,1.3443220615362885,1.3166506329924719,1.3020890904215503,1.276809342601239,1.2227582433915767
2010-08-24,1.3640443691238309,1.336662611075778,1.3073109067427278,1.291938601451493,1.2653543775067249,1.2088842782131943
2010-08-25,1.3722365567329669,1.3451509121253542,1.3160679977544991,1.300819413844947,1.274425108881139,1.2182717641550278
2010-08-26,1.365325099077375,1.3374770305501087,1.3076719870007363,1.2920785676956417,1.2651349560809195,1.2079843610312078
2010-08-27,1.3707558367811845,1.3438381885301147,1.3149207577727804,1.2997537229849565,1.2734932283817126,1.2175981024203377
2010-08-30,1.3659189018765059,1.3382076790806667,1.3085336195336716,1.2930032924518864,1.2661610249001964,1.209197709180287
2010-08-31,1.3689535201956018,1.3404603377483892,1.3100241903187133,1.294121431729504,1.2666727323218476,1.2085569252204742
2010-09-01,1.372906114503326,1.3478642682966369,1.3207317940935166,1.306420794285676,1.281530101490204,1.228148782271445
2010-09-02,1.3753568074895908,1.351553812457919,1.3256007095955018,1.3118554763110497,1.2878702939277666,1.236151135468228
2010-09-03,1.373743785168343,1.3524223095232353,1.3288466813671578,1.3162479050573694,1.29410673474671,1.2458077239624177
2010-09-07,1.3766948180559855,1.3540784760308775,1.3292573892878174,1.3160561243558186,1.2929429736527274,1.2428299805924385
2010-09-08,1.3767323381898218,1.355791944207933,1.3325739278904742,1.3201446701293111,1.2982716946640924,1.250452900038075
2010-09-09,1.372418438621882,1.352536385028778,1.3303407292617426,1.3184077506296823,1.2973380165506154,1.2510283053099591
2010-09-10,1.373056166419195,1.3536183443922218,1.331846149733506,1.320116532787854,1.29937261601656,1.2536622805982836
2010-09-13,1.3726435308054241,1.355240255654706,1.3354151974844766,1.3246236983271933,1.3053874360142426,1.2624685557505222
2010-09-14,1.3818463882889425,1.3639696512387163,1.3436703903462774,1.3326421759350016,1.3130128944451784,1.2693177569628054
2010-09-15,1.3815463130766807,1.3646214513348691,1.3452334180141094,1.334644324085271,1.3157209036185789,1.2733332540599769
2010-09-16,1.3841346299218633,1.3674852295512012,1.3483547016811497,1.33788727755635,1.3191557370035216,1.2771092538593365
2010-09-17,1.3835970630885845,1.3675071527801648,1.3489130593319891,1.3387044699215938,1.320389490545925,1.2791165415332877
2010-09-20,1.3848349699298979,1.3711716430456964,1.3548958744877948,1.3458026722486731,1.3292778456878918,1.2913101760235834
2010-09-21,1.3891113493640015,1.3749134372989777,1.3581164022136754,1.3487682824889027,1.331828013214488,1.2930689114200768
2010-09-22,1.3898240601900342,1.375144041353936,1.357884188725298,1.3483125295933784,1.3310121585443306,1.2915830405492834
2010-09-23,1.3901992042894455,1.3754136701734971,1.358052016612759,1.3484309900868852,1.3310507912669376,1.2914719836259196
2010-09-24,1.3918621461820049,1.3799124851657512,1.3652596857106503,1.3569417407085027,1.3416526368557875,1.3059335997421924
2010-09-27,1.3919746779640376,1.3791848533150008,1.3637281201974463,1.3550228975523269,1.3391114776019208,1.3022405172839622
2010-09-28,1.3960135657771242,1.3826865517392348,1.3667066107838162,1.3577457509006745,1.341418060647328,1.3037554054392686
2010-09-29,1.3963886812570587,1.3827724944570954,1.366515071873158,1.357420236530103,1.3408767959454728,1.302812986329105
2010-09-30,1.3962386579606663,1.3819664115091574,1.3650817709435052,1.355685002394539,1.3386567146688888,1.2996967098715604
2010-10-01,1.3920598182957844,1.3782098414544783,1.3617141032955733,1.352499240081272,1.3357528467170554,1.2972870336145719
2010-10-04,1.3819698698047822,1.367732301526919,1.3508790720283657,1.3414974332863325,1.3244916400225377,1.2855801441121297
2010-10-05,1.4115038552047208,1.3973639326372143,1.3805434531393337,1.3711536934661892,1.3540980947683843,1.3149517390895775
2010-10-06,1.4104037562388234,1.3951822638968914,1.3773067606234537,1.36740136057256,1.349506481262044,1.3087684919770808
2010-10-07,1.4062961747322555,1.3920219341654385,1.3750812008285873,1.3656368240937728,1.3484986314410214,1.3092198321021953
2010-10-08,1.4168048324541131,1.402342350387905,1.3851952759980548,1.3756412797347097,1.358311364861779,1.318617937435429
2010-10-11,1.4197265583738699,1.4050036218824977,1.3875957194002975,1.3779116319517435,1.3603660135157363,1.320248319509619
2010-10-12,1.4231765506372591,1.4090295158504702,1.3921772985145942,1.3827624530812692,1.3656515054114544,1.326344469616073
2010-10-13,1.4383731059332483,1.423725718276669,1.4063520810123447,1.3966695191348069,1.3791033015640304,1.3388579627546346
2010-10-14,1.4380457117946175,1.423154664052567,1.4055435160151575,1.3957449365230297,1.3779899821007906,1.337387097323115
2010-10-15,1.4451784188613004,1.4325028007590284,1.4170423466132047,1.408290914128019,1.3922342805700907,1.354828860649343
2010-10-18,1.4479184480169631,1.434415704075922,1.4181408207451591,1.4089884023296566,1.3922746535451567,1.3536059797816347
2010-10-19,1.4219914975070553,1.4099551613150392,1.3951689123858586,1.386766535278001,1.3713076704159342,1.3351495811534828
2010-10-20,1.4344719324527273,1.4221176660889834,1.4069941037136382,1.3984163702495733,1.3826561719111132,1.345865550038632
2010-10-21,1.429739825323188,1.4181770660588318,1.403837341239191,1.3956472453164226,1.380524866865766,1.344970236324552
2010-10-22,1.434861511208976,1.4237215909108856,1.4097843651619386,1.4017871440307772,1.386972866009442,1.3519801455470861
2010-10-25,1.4426944854746304,1.4314046472004112,1.4173042273993266,1.4092206999274761,1.394256019669656,1.3589399807345393
2010-10-26,1.4441994428116116,1.4331376413058952,1.4192569583386154,1.4112797832434327,1.3964866247708128,1.3614897917620394
2010-10-27,1.4393862654475602,1.4292922766923963,1.416367962597825,1.4088629627627745,1.3948455454323905,1.3613475033393732
2010-10-28,1.446750295719945,1.4361662358924372,1.4227471844417954,1.4149939380519592,1.4005626897945658,1.3662423427540795
2010-10-29,1.4510017092094651,1.4396223932112149,1.4254168597181864,1.417275074196337,1.4022051313439503,1.3666494089401249
2010-11-01,1.4489646378556356,1.4379116983040368,1.4240308299029962,1.4160501406386508,1.4012460498333328,1.3662083640347278
2010-11-02,1.460067822810487,1.4493710639806805,1.435816024530537,1.427986227191048,1.4134150439533548,1.378770236386284
2010-11-03,1.460887662587075,1.4507652316481292,1.437771487146613,1.430216413705281,1.4160929532405688,1.3822992594332222
2010-11-04,1.4926194349077264,1.480893382062929,1.4662608971916655,1.4578761838671683,1.4423588865724557,1.405755376352107
2010-11-05,1.4957729986546247,1.4837093913903798,1.468739370764668,1.4601865062754023,1.4443907077527776,1.4072406572994007
2010-11-08,1.5005985267686812,1.4882114784860967,1.4729142432763012,1.4641969409684361,1.4481266655052065,1.4104299489090686
2010-11-09,1.4863240349895677,1.474664995768,1.460111437206856,1.4517705321817322,1.4363324744273445,1.3999096835290716
2010-11-10,1.4968510710984013,1.4848100124490062,1.4698598304041153,1.461315828456666,1.4455331896793893,1.4084032321343152
2010-11-11,1.4933598617090462,1.4807546596309764,1.4652587815083569,1.456449866619924,1.4402387908282777,1.4023070254837966
2010-11-12,1.464924947003511,1.4529635501270017,1.4381585667912635,1.4297115907804154,1.4141264023814917,1.377522623961657
2010-11-15,1.4577392876914361,1.445995415689037,1.4314187772725022,1.4230896373587947,1.40770568941438,1.3715197544478528
2010-11-16,1.4368504734811343,1.4249702586181017,1.4103038684962101,1.4019475665062187,1.3865447518358684,1.35042037045191
2010-11-17,1.4363298917865648,1.4249191846370326,1.4107141508520729,1.4025846229373098,1.3875528478664556,1.3521394124860235
2010-11-18,1.4573603938183188,1.4459880533576452,1.431776426647909,1.4236266771476538,1.4085362011787759,1.3729124320211095
2010-11-19,1.4594779957885746,1.4479893183090093,1.4336591945039574,1.4254495967573144,1.4102587820077366,1.3744335199562503
2010-11-22,1.4678242093399279,1.4566558771785085,1.4426222474836001,1.434551376097905,1.4195769635559958,1.384125941083021
2010-11-23,1.4563447279277166,1.4440880575557251,1.4290116500729741,1.4204384366990799,1.4046575307938995,1.3677201041521432
2010-11-24,1.4723679811429093,1.4612925366414842,1.4473404148827334,1.4393058633090956,1.4243852276253506,1.3890156682558246
2010-11-26,1.4595093103816008,1.4488448031266405,1.43532255408978,1.4275092957179316,1.4129658083702976,1.3783764961960085
2010-11-29,1.4620672241815922,1.4510185912505813,1.437114404287073,1.4291116909967605,1.4142556327861202,1.3790575056496235
2010-11-30,1.4603828868843938,1.4477491464258492,1.432294606333629,1.4235326093949676,1.4074384222693264,1.3698839093722555
2010-12-01,1.4807289348696193,1.4689527037874401,1.4542957803662027,1.445908591051874,1.430401631720648,1.393872921599471
2010-12-02,1.4914433551381057,1.4800113419408971,1.4656689915781211,1.4574273565779083,1.4421448711381508,1.405994053706774
2010-12-03,1.5044980836918151,1.492051570407691,1.4766879852497756,1.4679350326467073,1.4518018444423455,1.413967060634401
2010-12-06,1.5075491983145701,1.4947196106169258,1.478974368389424,1.4700318075051442,1.453585353565205,1.4151387025667068
2010-12-07,1.4986557534109415,1.4868644479147326,1.472154961415688,1.4637274640247602,1.4481327261966954,1.4113524442766445
2010-12-08,1.496160699555365,1.4851910717031187,1.4712916846896076,1.4632634189425893,1.4483234638189133,1.4128038752430452
2010-12-09,1.50069197575804,1.4893740879002806,1.4751240239366237,1.4669201399700527,1.45168794248629,1.4155896414632803
2010-12-10,1.5071326928868194,1.4961196951580265,1.4821546932878957,1.474085358972025,1.459064910305442,1.4233402870355163
2010-12-13,1.50801174110688,1.4963783533853512,1.481803821895585,1.4734349097903068,1.4579243390670618,1.4212606933605367
2010-12-14,1.5098635274573624,1.4983080936028927,1.483806014077144,1.4754711252227766,1.4600138253603316,1.4234431015950932
2010-12-15,1.4999338288158481,1.4887803818290188,1.474692987318381,1.4665694782824694,1.451469417946765,1.4156267237831315
2010-12-16,1.5035626075368413,1.4931821816217643,1.479844315432649,1.4720853734533954,1.4575760001349998,1.422842997131256
2010-12-17,1.505970895900868,1.4954650073507423,1.481999171933686,1.4741755313086182,1.4595575884944467,1.4246061887556363
2010-12-20,1.5108758612232047,1.499954152353773,1.4860706763011302,1.4780382807771089,1.4630735436525746,1.4274376210077913
2010-12-21,1.517962946221829,1.5071954572240416,1.4934480979004823,1.4854766969344502,1.470602841529705,1.4351070117613396
2010-12-22,1.518495447690806,1.5076430154033056,1.4938113308056187,1.4857981516450893,1.4708554427895661,1.4352257774151782
2010-12-23,1.515036336576164,1.5041670714638409,1.4903261923218514,1.4823113095791203,1.467370060489641,1.4317594143009997
2010-12-27,1.5168263626742213,1.5058480455688392,1.4918965751016302,1.4838260157554926,1.468791683133181,1.43299508103751
2010-12-28,1.524607759416786,1.512516302363573,1.4974580971828755,1.488838573534977,1.4728985469229074,1.4353378333604052
2010-12-29,1.5278729066207783,1.5157637179174774,1.5006812601046393,1.4920471974614924,1.476079433757559,1.4384504879369315
2010-12-30,1.523373487333316,1.511386875072633,1.4964339684627979,1.4878670756579386,1.4720144792028957,1.4346263295290724
2010-12-31,1.5277572554627048,1.51474504105568,1.4987783072915648,1.489710759536055,1.4730354968618606,1.434057555481132
2011-01-03,1.5383280933016013,1.5265378593070973,1.5117459073229296,1.5032458577119767,1.4874841175397713,1.4501993528219104
2011-01-04,1.5256707121819444,1.5151281158593017,1.5015851004896839,1.4937077604139886,1.4789781758934377,1.4437219923785012
2011-01-05,1.53131312790906,1.5214677075444911,1.5085958009176834,1.5010429881295777,1.4868363234441497,1.4525513516604767
2011-01-06,1.5299855535783318,1.5207815920664458,1.5085408969435143,1.5012986937269241,1.4876007642197064,1.4542926238622438
2011-01-07,1.5275863044422846,1.5185012858421052,1.5063821703738194,1.499201531362052,1.4856070520369677,1.4525075324634038
2011-01-10,1.5308898561889392,1.5220323543716303,1.5101291678195108,1.5030517396348686,1.4896217182770597,1.4568204746313185
2011-01-11,1.5363713245458037,1.527147277534646,1.5148734496081895,1.5076098249187337,1.4938691000485713,1.4604493682801039
2011-01-12,1.5467763456311894,1.5375443355410798,1.5252407815545794,1.5179541495767217,1.5041631169977276,1.4705986148568526
2011-01-13,1.5409067740513909,1.5323601218987277,1.5207403564266793,1.5137937967229738,1.5005651645035503,1.4681011780553397
2011-01-14,1.543555930204327,1.5358892483281534,1.5251259758422413,1.5185972774426109,1.5060476110550005,1.474866589021626
2011-01-18,1.5486679686665044,1.5408960847314865,1.5300189777605773,1.5234303153224098,1.5107764882449293,1.4793727695723033
2011-01-19,1.5385513079366335,1.5300634582488,1.5185062627468224,1.5115922945619558,1.4984197573583315,1.4660738383507324
2011-01-20,1.5248317593357517,1.5167075945353066,1.5055355971223636,1.4988216383094142,1.4859924469309693,1.4543659221339027
2011-01-21,1.5213702616416174,1.5124257027611216,1.5004572887373087,1.4933555870808677,1.4798975970884114,1.44708763005772
2011-01-24,1.5290195477373925,1.5213884237159065,1.5106906162864364,1.5042057981407293,1.4917455778220976,1.4608033694997167
2011-01-25,1.5290877432184513,1.521671052718871,1.5111831743808377,1.5048012461658977,1.4925089229988917,1.4618867227717844
2011-01-26,1.5378173606777983,1.5302953449696752,1.5196858887272005,1.513237268269036,1.5008253684918873,1.469934097020101
2011-01-27,1.5304428987828047,1.524682492070647,1.5158143597239067,1.5102256257919775,1.499226631570798,1.4710655953386096
2011-01-28,1.51643978979147,1.5081630423706835,1.4968592483877114,1.4900874582917738,1.4771741296902063,1.4454264310564076
2011-01-31,1.521320596341488,1.5132683916731318,1.5021742895467345,1.495501373844149,1.482743491410996,1.4512694795005985
2011-02-01,1.5425665727414768,1.5351277701370982,1.524593537618589,1.5181793439898772,1.5058198717863402,1.4750138379418896
2011-02-02,1.5393989997557207,1.532048800303502,1.521608471266623,1.515243052278612,1.5029673258519325,1.4723367841325719
2011-02-03,1.5482874944941125,1.5402770051850545,1.5291674412238465,1.5224652793218572,1.5096268878155759,1.4778738224427894
2011-02-04,1.550528548286697,1.5431472482637498,1.5326531602480913,1.5262524217396871,1.513905487184842,1.4830872263826391
2011-02-07,1.5562803444794544,1.5490259039024123,1.5386449070763304,1.5322953142469087,1.5200253477689625,1.4893288410491548
2011-02-08,1.5677893527961422,1.5603562061090528,1.5497751825557526,1.5433179128825922,1.5308576660501054,1.499742742248075
2011-02-09,1.5654288569187653,1.5579727824246077,1.5473740619076828,1.5409099482453061,1.528441304143274,1.4973210055988715
2011-02-10,1.5655799071000331,1.5583509175201269,1.547975698181159,1.5416215682469092,1.5293330446617182,1.49855841397278
2011-02-11,1.5704199934901162,1.563818206353554,1.554051108826812,1.5479927159401725,1.5361832198390135,1.506307631727522
2011-02-14,1.5754099712408953,1.5686638580134145,1.5587441529749384,1.5526066191348287,1.5406614174359279,1.5105021058053092
2011-02-15,1.5770189157286396,1.5698885345262252,1.5595867548058535,1.5532597216562574,1.5410019417016008,1.5102342246490867
2011-02-16,1.5842743907124628,1.577410379808758,1.5673560712868748,1.5611451897731805,1.5490691470886893,1.5186177845146958
2011-02-17,1.5893447055758378,1.5818961387386636,1.5712551656063307,1.5647512492888433,1.5521887594300239,1.5207788589952398
2011-02-18,1.5907191184334168,1.5827758433100687,1.5716444324968393,1.5648978200796215,1.5519358245692296,1.5197514346801029
2011-02-22,1.5681434003234092,1.5579741107968599,1.5446956112054233,1.536909199593833,1.5222696090745227,1.486962367711938
2011-02-23,1.5654701088349605,1.5543120187661608,1.5400645079348134,1.5318028535846588,1.5163873732938564,1.479600358622815
2011-02-24,1.5638016244673325,1.5536278306751277,1.5403539057270064,1.5325731948278276,1.5179481410780267,1.4826886671884598
2011-02-25,1.5799824425002287,1.5702476919081976,1.557372894404354,1.5497759595706975,1.5354328309793313,1.5006416324454148
2011-02-28,1.5853941019390687,1.5754169263194369,1.5622919595801283,1.5545674870552895,1.5400088097895077,1.5047784315350712
2011-03-01,1.5771479750464705,1.5655049031338721,1.5507592693995413,1.5422444938267386,1.526402369207973,1.4887500281698605
2011-03-02,1.580584821922291,1.5693968534897123,1.555091520867568,1.5467905062136564,1.531294086048319,1.4942885600951858
2011-03-03,1.5928974860759086,1.5834907092776114,1.570911014906624,1.5634487041186178,1.5493100927475039,1.5148505132100016
2011-03-04,1.591004826541815,1.5809797297354884,1.5677960208627324,1.5600382070170142,1.5454182391275366,1.5100446780694736
2011-03-07,1.581150525016354,1.5700391779340122,1.5558080015551123,1.5475429993952967,1.5321048364511787,1.4952083722964775
2011-03-08,1.586447225292706,1.5754034480891912,1.561227636631474,1.5529856156691746,1.5375786639412667,1.5007175658975989
2011-03-09,1.5823148313494486,1.570643955039241,1.5558601796392524,1.5473225081431712,1.5314366654954754,1.4936766567376596
2011-03-10,1.5581474796579011,1.5466031185904412,1.531994268954837,1.523561980457476,1.5078778250289468,1.470616054389158
2011-03-11,1.5666522751690595,1.5551637872406316,1.5405920942174132,1.5321712625687507,1.5164955793404904,1.4792107689677891
2011-03-14,1.5641339804313763,1.5523661060506462,1.5375249676154867,1.5289736560454787,1.5130874625520299,1.4754107513979569
2011-03-15,1.5409663586327667,1.5294648675835925,1.5149340919323508,1.5065539624434534,1.4909759399402787,1.4539969706458296
2011-03-16,1.519128200910655,1.5062794579713707,1.490469636681564,1.4814780443759052,1.4649256466338556,1.4261797376746368
2011-03-17,1.5331389816411118,1.5201733282932557,1.5042192601889832,1.495145509181328,1.4784417103200584,1.4393408669584797
2011-03-18,1.5392247861461625,1.5252798908423424,1.5083502458221714,1.4987918858315583,1.4812875816578734,1.4406241240232929
2011-03-21,1.5597021781873965,1.546461235625979,1.5301809486049158,1.5209254976104778,1.503892209378602,1.4640370756677035
2011-03-22,1.556644528688419,1.5434536330670043,1.527228948167589,1.5180032891005846,1.5010224562387122,1.461281997459397
2011-03-23,1.5659049264365987,1.5525820344257768,1.5362082010856664,1.5269017793173654,1.50977757151258,1.4697195040229794
2011-03-24,1.5756363739066526,1.5639893671230372,1.5492430247554112,1.5407291119178945,1.5248902262600863,1.4872510755447468
2011-03-25,1.5786696955585606,1.567084573293009,1.5523927378002331,1.5439031977993922,1.5281005365725024,1.490516815559631
2011-03-28,1.571792527470889,1.560087452938737,1.5452920511928498,1.5367570937331865,1.5208884104772737,1.483209893290423
2011-03-29,1.5790815028637706,1.5681084551350946,1.554017589293359,1.5458232416299884,1.5305032181474683,1.493842774135429
2011-03-30,1.5869515848923395,1.575884288006699,1.561684296010121,1.5534299803215614,1.5380022964833517,1.5010991271613494
2011-03-31,1.5915254925108737,1.5801932755207182,1.5657232343134768,1.557332459022358,1.5416759063725776,1.5043128882922825
2011-04-01,1.5914963231591428,1.580246487665441,1.5658580999097809,1.5575077209409318,1.5419176440043283,1.5046833832731479
2011-04-04,1.5926370745894765,1.5807454803639636,1.5657241616795305,1.557061806130725,1.540960004390426,1.5027404938861486
2011-04-05,1.5996407741575167,1.5865954260104727,1.5704258446124217,1.5611935359014906,1.5441508921118081,1.504097182130913
2011-04-06,1.603863522390428,1.5907541337978306,1.5745127820565585,1.5652418073575824,1.5481307909134623,1.5079265673526963
2011-04-07,1.6026404969436694,1.5895511783726706,1.5733321088386898,1.5640730678723895,1.5469830563661358,1.5068247281769653
2011-04-08,1.602730024599462,1.5888911538665778,1.5719354472708615,1.5623143072449166,1.5446318539715482,1.5033385758568114
2011-04-11,1.5954842598412313,1.5818928060858406,1.5651953759722368,1.5557069916773603,1.5382504925521667,1.4974235152562658
2011-04-12,1.5840127918338545,1.5705687400434878,1.554040175298836,1.5446440009783329,1.527352255143068,1.4868939707359967
2011-04-13,1.5894987781214305,1.5767887209627878,1.5609698234218123,1.5519180125796002,1.5351829337691096,1.4957652390484821
2011-04-14,1.5962906984402114,1.582586326877947,1.5657762628359075,1.5562318754255584,1.538682786522698,1.4976747593385427
2011-04-15,1.602029719540754,1.5874427352786598,1.569753460312665,1.5597723641459869,1.5415019325163923,1.4990859140627226
2011-04-18,1.5958303095641653,1.5808042945917082,1.5626966552401758,1.5525149324361025,1.5339238283697356,1.4909224612032335
2011-04-19,1.602034360387278,1.5873098404474064,1.5694854243019736,1.559437908021121,1.5410588186231085,1.4984346974035436
2011-04-20,1.6231151193132503,1.6096639580244978,1.593046463555149,1.5835751576780086,1.5661130836322068,1.5251473187934876
2011-04-21,1.6309716233461695,1.6179482503931548,1.6017346017826266,1.5924554554855543,1.5752981933726011,1.5348797209679856
2011-04-25,1.6322922060568912,1.6195400101630197,1.6035900307695228,1.5944394058098763,1.5774907813161274,1.5374657301367445
2011-04-26,1.6380281291406509,1.6255722597530144,1.609901406417334,1.6008833506298579,1.5841446301464406,1.5444949534636947
2011-04-27,1.6560083499489888,1.642742404521436,1.6262379557477262,1.6167957712052288,1.5993414399111263,1.5582379918952212
2011-04-28,1.6593055816699902,1.6454432828041765,1.6283459954655264,1.6186098049611153,1.6006705302662279,1.5586231206641257
2011-04-29,1.6698839809002675,1.6547629792449396,1.6364068236142923,1.6260434488550037,1.6070653760579419,1.5629796054507243
2011-05-02,1.6605364203526478,1.646109890271072,1.6284545934066055,1.6184427777356387,1.60005054946564,1.5571278723789175
2011-05-03,1.6539650897329476,1.6394651661678317,1.621752107334968,1.6117174011729043,1.5932960157011893,1.5503491382363845
2011-05-04,1.6415634495663571,1.6281513399633525,1.6115287714883038,1.602038357606535,1.5845200197592362,1.5433513005138932
2011-05-05,1.617945246257313,1.6061891662826375,1.5912368161454482,1.582583851525828,1.5664605870441566,1.5280601002855654
2011-05-06,1.6288530267108239,1.6164502303258028,1.600842027625346,1.5918588754431466,1.5751835802559817,1.5356802622434866
2011-05-09,1.640677063240738,1.6276123746972924,1.6113315199325489,1.6020091991592649,1.5847660876417462,1.544125523339152
2011-05-10,1.6519609757250033,1.6390759550744585,1.622946753351489,1.613689436373087,1.5965382991608446,1.556019066718411
2011-05-11,1.6371120395210652,1.6246282193721049,1.60892313676273,1.599885747599613,1.5831117323119281,1.5433811423077237
2011-05-12,1.643186749310229,1.6310256765326405,1.6156233155631003,1.6067292014615548,1.590181282535572,1.5508521603502925
2011-05-13,1.6288514914149008,1.6162810033397463,1.6005087802197548,1.5914452953049876,1.5746389964813727,1.5348863017695176
2011-05-16,1.6149440027734334,1.6010508860052517,1.5840146494046956,1.5743435043069471,1.556563537157038,1.515023579078969
2011-05-17,1.614053050581456,1.6007037081794455,1.5842012534197492,1.5747922763972837,1.5574409574529697,1.5167212363818041
2011-05-18,1.6265602363008662,1.6132024068697899,1.596664954814587,1.587228558639426,1.5698169705941736,1.5289229370271296
2011-05-19,1.6296425035210045,1.6164272563705162,1.600022688899832,1.5906488440485667,1.573335430665178,1.5326136032001896
2011-05-20,1.6279204530465576,1.6136605856754795,1.5962379230416013,1.5863668502347155,1.568244705745836,1.5259915473524883
2011-05-23,1.6148808336924356,1.5996521179611178,1.5813096313679562,1.5709987624772725,1.5521756208813744,1.5086501331293207
2011-05-24,1.6139346630503364,1.597829292606085,1.578631346301205,1.5679022675159326,1.5483982915040113,1.5035812461873246
2011-05-25,1.617753824709162,1.6018511901481887,1.5828433934034298,1.5722043076418468,1.5528423414246155,1.5082774381897028
2011-05-26,1.6221999888643475,1.6067959881351732,1.5882664282912797,1.5778579198411993,1.5588664466356348,1.5149856487975386
2011-05-27,1.63243735410356,1.6167386849924539,1.5978990510781639,1.5873302615441531,1.568064672594495,1.5236132877942876
2011-05-31,1.6466090665086321,1.6319807828703259,1.6141578726712824,1.6040754084947433,1.5855852880641943,1.5425426064612493
2011-06-01,1.6233043733067518,1.6076407114876092,1.5888549411670965,1.578320086141401,1.5591212655201414,1.5148407490434321
2011-06-02,1.622362535609175,1.6071364206299679,1.5887805924524243,1.578457072105364,1.5596040402167528,1.5159861792555818
2011-06-03,1.6115683193764603,1.5951021883473215,1.5755566452343073,1.564659347798627,1.544884107661703,1.499562391345229
2011-06-06,1.6025696896314074,1.585788797977678,1.5659546270059352,1.5549233754175515,1.534940897985854,1.48926762570151
2011-06-07,1.6010829149679318,1.5841828617026907,1.5642353227103516,1.553149772592285,1.5330806023473003,1.4872494081760799
2011-06-08,1.5928852738532515,1.5757517349385814,1.5555933464998966,1.54441127492719,1.5241949109857456,1.4781226282511883
2011-06-09,1.6005645277504668,1.5828810753236913,1.5621684606921873,1.5507086478919114,1.5300298244287593,1.4830407019875746
2011-06-10,1.580400022016844,1.562517051052359,1.5416523612062298,1.530134650349027,1.5093865061660272,1.4623615601800142
2011-06-13,1.5754253193539918,1.5580798960585855,1.5377515631231748,1.5265006184709813,1.506193671766891,1.460032203812818
2011-06-14,1.5919073703128106,1.5747396280746568,1.5545498761704255,1.5433532486626462,1.5231143656790886,1.4770038821952913
2011-06-15,1.5743040160001767,1.5561004217673784,1.534935172103665,1.523275276965077,1.5023028629833224,1.454880105588607
2011-06-16,1.5729190678663447,1.5542774885227217,1.5326868366106996,1.5208197432669956,1.4995111811162687,1.4514552091099258
2011-06-17,1.5764235902192394,1.5569293833706648,1.534497358516239,1.5222153289063631,1.5002257824874918,1.4508569360594934
2011-06-20,1.5820549759227778,1.562737460185293,1.5404662182873425,1.5282583005142873,1.5063825984722137,1.4572035970986783
2011-06-21,1.6028334056857758,1.584523796381824,1.5631939408946476,1.5514299744554063,1.5302523540181172,1.4823030181305363
2011-06-22,1.5967092453350467,1.5779395764232542,1.5561728492579991,1.544199964180008,1.5226892873797018,1.4741352125524019
2011-06-23,1.5903032616043018,1.573656127378861,1.5539789675641367,1.5430346963262338,1.523209318782292,1.4778935380726588
2011-06-24,1.5675333483227964,1.5506544248345542,1.5307991917786137,1.5197864323702832,1.4998777071965028,1.4545118238739878
2011-06-27,1.5784247907769107,1.5628087649583104,1.5441654179802993,1.5337372138377998,1.5147681515598488,1.4711388828935579
2011-06-28,1.5948631871400414,1.5797704752184725,1.5616038394390848,1.5513955845384935,1.5327647313067212,1.489700843334869
2011-06-29,1.605018048313318,1.5894730491437452,1.5708423816047667,1.560398521924884,1.5413708392057806,1.4975032294742667
2011-06-30,1.6128893881291395,1.5985971822254919,1.581174967440055,1.5713164647376459,1.5532335103199535,1.5111265527941193
2011-07-01,1.624971205835811,1.6117823305312984,1.5954140392557739,1.5860619912605063,1.568790213537821,1.5281709255560108
2011-07-05,1.6372538305936704,1.6235524121579727,1.6066563097377358,1.5970355584942642,1.5793101639655693,1.5377683120591503
2011-07-06,1.6444313861182467,1.6304877892055383,1.6133393690768383,1.6035890956985424,1.5856434880788863,1.543648002728141
2011-07-07,1.6584825814775688,1.6452613072388134,1.628789962604241,1.6193599637628981,1.6019194797208374,1.5608197259938748
2011-07-08,1.6571567283817843,1.6436311057046582,1.626864696024628,1.6172911935627614,1.599618222776706,1.558081803867268
2011-07-11,1.6421997010029448,1.6272947566770535,1.6092101479012166,1.5990029452912273,1.5803146117058957,1.5369146008764627
2011-07-12,1.640122794460157,1.6242118002713166,1.6051469198469488,1.5944610593675907,1.5749943571970884,1.530121176486541
2011-07-13,1.64924070981029,1.6330182974551115,1.6136291986495843,1.602776993279304,1.583027596259644,1.5375725275370926
2011-07-14,1.6407318515194067,1.6235534726070464,1.6032468152263477,1.591951952010529,1.5714908918717734,1.5247202702923248
2011-07-15,1.6534049382868243,1.6369855138733205,1.6173947200297787,1.6064402674491616,1.5865188911997496,1.5407163888854918
2011-07-18,1.651182715580679,1.6341362879876788,1.613936532036394,1.6026854921989084,1.58228298020639,1.5355743154465578
2011-07-19,1.6650239302171712,1.65014776940931,1.6320427427410404,1.6218068375961818,1.6030433911411217,1.559391954466919
2011-07-20,1.6673889328357985,1.6515593209172095,1.6325160484141417,1.621818440431792,1.6022987835018767,1.5571953155484055
2011-07-21,1.6741161512724945,1.658651890692258,1.639951892209209,1.629416986822565,1.610154446830998,1.5655089395876851
2011-07-22,1.6849933972361937,1.6700623262300334,1.6518610421146496,1.641561609604692,1.622669770340887,1.578678940921793
2011-07-25,1.6853408099354037,1.6700369647325877,1.6514700801668751,1.6409912090968426,1.6218061808108128,1.5772550895904667
2011-07-26,1.686313216291111,1.6713237988361467,1.6530625971100417,1.6427327222002794,1.6237895798684203,1.579694739444077
2011-07-27,1.6586076973124129,1.642298614337724,1.6228047434477113,1.6118935236853456,1.5920362355618107,1.546331150479194
2011-07-28,1.6584860473119374,1.6424695419496564,1.6232622967354375,1.6124916308476214,1.5928638106409025,1.5475965081507013
2011-07-29,1.6566803764957903,1.6403273246430052,1.620794521321673,1.6098658024589312,1.5899823524659613,1.5442365673409324
2011-08-01,1.6492539979816903,1.6329391673856608,1.613461157166756,1.6025659595434625,1.582747266740626,1.537163270976332
2011-08-02,1.6348763786927687,1.6160130943464233,1.5940750083526027,1.5819874567332808,1.5602432400923494,1.5110661567573591
2011-08-03,1.6427665127570636,1.6245670816339866,1.6032609508786508,1.5914762341317086,1.5702157691905962,1.521920906703868
2011-08-04,1.5896996649307984,1.569824646625777,1.5469944345269115,1.5345074551395441,1.5121686180433662,1.4620769232209017
2011-08-05,1.5896336936249997,1.5688096339685766,1.545051967694854,1.5321110507021571,1.5090323985141592,1.4575340626966011
2011-08-08,1.5447205154406571,1.5196500813567795,1.491838178728504,1.4769497526261506,1.4507528491679405,1.3935392799958901
2011-08-09,1.5952231681172675,1.5715436793301705,1.5449831395225055,1.5306655948745937,1.5053361210970173,1.449530492999493
2011-08-10,1.573715674190661,1.5462633538150272,1.516061296713126,1.4999789605400289,1.4717998216381782,1.4106777276052032
2011-08-11,1.6027970237689249,1.5784938557744865,1.5513075110102557,1.536677384192882,1.5108289555909353,1.4540001467942283
2011-08-12,1.6078468289023111,1.5843184200937772,1.5578785128626391,1.5436096036853906,1.5183436357652058,1.4625983634104092
2011-08-15,1.6323895175215215,1.608423980296847,1.5815042648272397,1.5669802399940682,1.541267789914019,1.4845559491106224
2011-08-16,1.63114198448225,1.606017922895696,1.577968534316309,1.5628925598038117,1.5362820152864214,1.4778681779106257
2011-08-17,1.6302175629920121,1.6042937007578775,1.5754645646087149,1.5600076636122413,1.5327773810421812,1.4731893699523744
2011-08-18,1.595066999221856,1.5655546967361915,1.533293484290045,1.5161855694741266,1.4863081152618083,1.421854030509697
2011-08-19,1.5862889269029035,1.5551402250890256,1.5212983898531394,1.5034239966657752,1.4723081821872397,1.405541035821674
2011-08-22,1.6047405521056817,1.5720990765449008,1.536758686538061,1.5181355229000848,1.485776199683014,1.416555877380463
2011-08-23,1.6156684028081194,1.5876646878237544,1.5568338550715366,1.5404091197940906,1.5116194844975506,1.4491355793805716
2011-08-24,1.6052760642585433,1.5795513118323146,1.5509701979692823,1.5356552816226312,1.5086875809953866,1.4497183115200993
2011-08-25,1.592001686369764,1.5652963280707128,1.5357851943951413,1.5200259815668231,1.4923506785520402,1.4320992454775028
2011-08-26,1.6295007369689671,1.6023889636005526,1.5724002951336873,1.5563763904357808,1.5282228131764284,1.4668823404803835
2011-08-29,1.645268248150305,1.620610630188494,1.5929868936206528,1.5781076229929814,1.5518000522188413,1.4938947914147471
2011-08-30,1.6684101324227991,1.6422579118082474,1.6131237887720573,1.5974860865459122,1.5699134013820841,1.5094914278145937
2011-08-31,1.6666862948693963,1.6409738581188362,1.6122732725320041,1.5968492105654426,1.569626902413659,1.5098795150689295
2011-09-01,1.666684924222126,1.6394686543266777,1.6093197016907295,1.5931946846235143,1.5648416469923871,1.5029870859637946
2011-09-02,1.6834823243841592,1.6505552437498927,1.6148524602747096,1.59601883663561,1.5632649948894701,1.4930892446973854
2011-09-06,1.6821765412419638,1.6494274969846172,1.6138996704142703,1.5951520740070693,1.5625390666355818,1.492633674499021
2011-09-07,1.6637294862924188,1.6370865550904603,1.6074981251702936,1.5916476122230143,1.5637422975298199,1.5027408998158571
2011-09-08,1.6785249197157168,1.649458688999529,1.6174957835029364,1.600480368452887,1.570671971634829,1.5060323227895123
2011-09-09,1.675294947630861,1.643000688779877,1.607928007648189,1.589407352354036,1.5571705933637945,1.4880054289569171
2011-09-12,1.662689105666162,1.6338469959183297,1.6021372587060272,1.5852589096482024,1.5556938136571468,1.4915930594036988
2011-09-13,1.6682963416589947,1.6409564104286152,1.610684301189325,1.5944981028561502,1.566043967256598,1.5039917641500153
2011-09-14,1.6641361417524136,1.6395861252320298,1.6120178550108366,1.597146696142829,1.5708236762775938,1.5127800376743035
2011-09-15,1.6553464176272648,1.6342309199064653,1.6099997152652392,1.596754869609645,1.5730724179096796,1.5200148362982775
2011-09-16,1.6604450752397635,1.6402803283699858,1.616955424333939,1.60414550931102,1.5811589923647844,1.5293762869087613
2011-09-19,1.652179018935373,1.6330127288329752,1.6106711990720988,1.598345650381234,1.5761533416136813,1.5259000411081791
2011-09-20,1.6599051862981904,1.6391171688964912,1.6151916323193,1.60209091438106,1.5786351375356762,1.525977469719018
2011-09-21,1.6530548555188125,1.6301280301240575,1.6041529638160872,1.5900644613879988,1.5650216233201992,1.509431364738101
2011-09-22,1.6386116385877099,1.6119677705176216,1.5824367064461877,1.5666366746765585,1.5388474818132503,1.478196170475755
2011-09-23,1.609919736731114,1.5882313937589305,1.5635523839672625,1.550131347524563,1.526226586765803,1.472993433795784
2011-09-26,1.6029755697270471,1.5839511324363686,1.5618607347153453,1.54970136747819,1.527845291758952,1.4784812309347068
2011-09-27,1.6122738722325303,1.5938898766461183,1.572396374934645,1.5605180969993184,1.5391035404021984,1.4905162201735855
2011-09-28,1.5987214858662633,1.5794361811020838,1.557103735724238,1.544830820012908,1.5227970734013017,1.473123156079294
2011-09-29,1.603350914625803,1.5816050718767902,1.5568857741526472,1.5434511253254954,1.5195333950073016,1.466310727160536
2011-09-30,1.6044769970515844,1.578465926193473,1.5496251354625734,1.5341906619018464,1.5070392220460358,1.4477614786458752
2011-10-03,1.613452545066115,1.5823371526009309,1.5485609226626718,1.5307302247164167,1.4997015425982703,1.4331521352456291
2011-10-04,1.602365335823109,1.5757348434504133,1.5462934262692727,1.5305668319058032,1.50294215887615,1.442775815448627
2011-10-05,1.6084432748325252,1.5851923689330487,1.558982666184551,1.5448112483942382,1.5196820348295224,1.4641165001120018
2011-10-06,1.611648304503151,1.5907688972063831,1.5668294831877196,1.5537515825628794,1.5303785776803176,1.4780568475462554
2011-10-07,1.6075081641752111,1.5860113139876892,1.5614887727554798,1.5481331192909522,1.5243188150444094,1.4712004291326546
2011-10-10,1.6209321479261831,1.6035789078584957,1.5830042863189737,1.5715428234955287,1.55075931837114,1.50319531016817
2011-10-11,1.617259588405366,1.6014900322593282,1.582445512334338,1.5717265291024072,1.5521438596366806,1.5068302909469469
2011-10-12,1.620898720178856,1.6055607805488514,1.5869220941184383,1.5763957033997964,1.5571179253143859,1.5123504543788586
2011-10-13,1.6179274809117916,1.6045186535394422,1.5877401900481272,1.5781150653749294,1.560292798081547,1.5182448558377288
2011-10-14,1.621366250029047,1.610789552430027,1.596723286964127,1.5884048982228456,1.5726818346910858,1.5345133954735317
2011-10-17,1.618761433584135,1.6057435764248784,1.5893386612486173,1.5798931731988413,1.5623589640767033,1.5208413744850642
2011-10-18,1.616391282285774,1.6058119664766404,1.5917551726882517,1.5834460364301637,1.5677450164204934,1.5296450337907934
2011-10-19,1.6098124366357716,1.5965821011450254,1.5799946455103075,1.5704694062704632,1.5528196318834673,1.511136921492725
2011-10-20,1.602799488882905,1.5895284693384326,1.5729188304483532,1.56338947084254,1.5457431335381,1.5041055977955675
2011-10-21,1.6084089723422084,1.596651780237054,1.5814827761861734,1.5726439569653885,1.5561014907445088,1.5164829745225092
2011-10-24,1.6134182425757984,1.6047072961441695,1.592452381319212,1.5850163331408984,1.570725453567362,1.5352607502912123
2011-10-25,1.6289144578697485,1.6149029194139228,1.5975190325318303,1.5875911627930646,1.5692656277948274,1.5262222713339875
2011-10-26,1.634958969131838,1.6200336037177887,1.6017573505426852,1.5913927918665633,1.5723554072656256,1.527956608712909
2011-10-27,1.6419042885609245,1.630989412176524,1.6165488150942027,1.6080303162675298,1.5919555337398372,1.5530202972855078
2011-10-28,1.6421380280075542,1.631470353365467,1.6172666498271835,1.6088623488516158,1.5929711151798518,1.5543754625255515
2011-10-31,1.6342890533286103,1.6215138045140152,1.6053045215269859,1.5959389222783948,1.578511051962278,1.5371050592439102
2011-11-01,1.6329031119291066,1.6157914881618525,1.595393942555196,1.5839969392832316,1.5632884980474808,1.515755992878429
2011-11-02,1.6429183135786993,1.6260822618443118,1.605931106812052,1.594645851439155,1.5741061365423565,1.5268430345894002
2011-11-03,1.662863314398391,1.64721301872518,1.6281743941784486,1.6174157468880084,1.5977070854096032,1.5519194503919946
2011-11-04,1.6572419625263324,1.6413501174769216,1.6220883836496953,1.611225542572389,1.5913546591873708,1.545287747762111
2011-11-07,1.674901458101823,1.6582547757974575,1.6382161857998365,1.6269580944779443,1.6064204282196821,1.5589995411783646
2011-11-08,1.6765322435702879,1.6616131369146916,1.6432574498854902,1.6328208235480899,1.613618409540673,1.5687218960651461
2011-11-09,1.6517909075423578,1.6336772828706705,1.6122588041340105,1.600346134101441,1.5787732436683146,1.5295056337432822
2011-11-10,1.6485549098899273,1.6307078164575417,1.6095568620559357,1.5977778234861701,1.5764267618018797,1.5275962593457926
2011-11-11,1.667975393654166,1.651058493978376,1.6307717567012638,1.6193983659970494,1.5986821176731996,1.550957518530545
2011-11-14,1.6621420248068532,1.6448359348397146,1.6241824294056495,1.61263478505757,1.59164253203985,1.543423912643586
2011-11-15,1.6686762847415704,1.65247916370656,1.6328935441327492,1.621862366935534,1.6017023420034509,1.555029207196068
2011-11-16,1.6535070585366993,1.6362302024651116,1.6156247604478795,1.6041081438790943,1.5831777932456996,1.5351202348215165
2011-11-17,1.6261424763627583,1.6080318430175555,1.586674274012231,1.5748137422359285,1.5533595592775677,1.5044467553574512
2011-11-18,1.6237421158735308,1.6046700111014733,1.5823792079931727,1.5700644463906905,1.5478739106932913,1.4975765757699389
2011-11-21,1.6000129929929199,1.580507733447932,1.5578477018214378,1.5453730815795146,1.5229535764964937,1.4723418955457968
2011-11-22,1.6075857994266491,1.587768756460841,1.5647872166637173,1.5521487885810408,1.5294526065098721,1.478277863597964
2011-11-23,1.5943505812380687,1.572475977268542,1.5475156146706381,1.5339211406449966,1.5096859018849267,1.4556588817685805
2011-11-25,1.5857117088856092,1.5636109096218602,1.5384492499702227,1.5247638777359347,1.5003920424265291,1.446149603552719
2011-11-28,1.6139703527080416,1.5940276375066373,1.5709089719200835,1.5581979288445573,1.5353751051120426,1.4839278836632461
2011-11-29,1.6113050608888435,1.5906855874352055,1.566912245281253,1.5538834091301599,1.5305467106519466,1.4781382787424286
2011-11-30,1.6413746192891652,1.6231996367486725,1.6017448063427038,1.5898234403896874,1.568250128402564,1.5190343719408188
2011-12-01,1.643381517357053,1.6261056552780122,1.6055221759023997,1.5940244142634779,1.5731370714807338,1.5252084608500822
2011-12-02,1.6425609689460539,1.6249149616684133,1.6039729625998036,1.5923009804837904,1.57113161859002,1.5226742228480434
2011-12-05,1.6405260294951212,1.6248875446346964,1.6059048638785218,1.5951907673353938,1.5755807558978736,1.530080939450213
2011-12-06,1.6418620864425297,1.6256164279598189,1.6060395030774506,1.5950342523170078,1.5749493065690925,1.5285450106498812
2011-12-07,1.645669898319622,1.62900568637374,1.6090125115798894,1.5978007757447301,1.5773751751201046,1.5303074698938537
2011-12-08,1.6253517312351176,1.6081588480097528,1.5876974417751688,1.576275196443097,1.5555347392642482,1.507976468591265
2011-12-09,1.6353118038317929,1.6196135151652604,1.6005845433959744,1.5898524706043726,1.5702202357633035,1.5247052360090372
2011-12-12,1.6149098407997977,1.5996127085441123,1.5810210401744464,1.570520404451632,1.5512916156669865,1.5066440460787198
2011-12-13,1.5975026934739223,1.582335206547886,1.5639096234134044,1.553505429748687,1.5344566976182061,1.4902389576228723
2011-12-14,1.571287910507824,1.556498771846662,1.5385015930560857,1.5283296358013667,1.5096934401598778,1.4663902077055786
2011-12-15,1.5679115353700275,1.5530620262178,1.5350137968789646,1.524819915179956,1.5061526166353183,1.462807966427646
2011-12-16,1.580098594031545,1.564720273772983,1.546129255892771,1.5356597302950268,1.5165281580697978,1.4722433671295208
2011-12-19,1.5736878229626285,1.557455953252454,1.5380485395321783,1.5271863092368898,1.5074251607207074,1.4619834667398308
2011-12-20,1.5961386908397075,1.582084922775161,1.5647468543779253,1.554874540151451,1.5366919730467066,1.4941182674346343
2011-12-21,1.5889372116108622,1.5733664817246187,1.554567884765496,1.5439892488185387,1.5246685183725082,1.4799807663398865
2011-12-22,1.5899031696695407,1.5755825081892885,1.5579988506232016,1.5480122123330105,1.5296522196478834,1.486775257295843
2011-12-23,1.5954407025361563,1.5818964424732365,1.565056063500038,1.5554272234301167,1.5376412523491876,1.4958206880765266
2011-12-27,1.5928495942368648,1.5801938595838885,1.5642245412738216,1.5550230433316519,1.5379350025334357,1.497446826689682
2011-12-28,1.5740564251159899,1.5615890971575563,1.5458462514202505,1.5367718886746338,1.519915640575935,1.4799622021447976
2011-12-29,1.5757291692141213,1.564233244707855,1.5494323931668954,1.540816214234224,1.5247023008181873,1.4861432433726482
2011-12-30,1.5794829126002086,1.5671122669479876,1.5514511336452332,1.5424118439258736,1.5256053180299156,1.4857179428743041
2012-01-03,1.5954927322672137,1.5844376237163498,1.570024014219157,1.5615805401017364,1.545722589103688,1.5075522033027837
2012-01-04,1.5963259069812699,1.5858509102935208,1.5720049239451455,1.5638394475655493,1.5484347154646008,1.511126005087165
2012-01-05,1.597742324451211,1.5884263325887544,1.5757149538057948,1.5681053732860717,1.553607238872656,1.518023418675692
2012-01-06,1.59636751457686,1.5877549367649326,1.5757371522204542,1.5684693137096768,1.55453141763047,1.52002461377453
2012-01-09,1.5978913947971498,1.588587427057948,1.5758875193686048,1.5682834436760626,1.5537941126051438,1.5182263735793233
2012-01-10,1.602515647424456,1.593890315551659,1.581846288313961,1.5745602997573354,1.5605848057511453,1.525975825506757
2012-01-11,1.6025751469136393,1.594277887451978,1.5825557887124893,1.5754278207511154,1.561710481890486,1.5275943643322274
2012-01-12,1.6038667415968095,1.5960730213414247,1.5848423529279163,1.5779545783932032,1.5646280880338075,1.531252235919596
2012-01-13,1.6010753915162474,1.5929932618748082,1.5814856986127859,1.5744643548760489,1.560923194055993,1.5271510353539004
2012-01-17,1.6031584305816138,1.5963315440043195,1.586051575354177,1.5796312146477465,1.5670694707973738,1.5351580186587968
2012-01-18,1.6091160900481305,1.6038291883920546,1.595047691067601,1.5893580000230279,1.5779826002479727,1.5483080210590077
2012-01-19,1.6119908598803236,1.6074293510240816,1.599353539136236,1.5940078882364634,1.5831909957858574,1.5545691464463753
2012-01-20,1.6140321277017393,1.6090028676593553,1.600463318959883,1.5948882186957665,1.5836937323393463,1.5543404839558492
2012-01-23,1.6126156693197085,1.6077927091880335,1.5994588419280138,1.5939859471026483,1.582960310211814,1.5539366096037759
2012-01-24,1.6119908598803236,1.6069277978626553,1.5983596225308896,1.5927722140673284,1.581560249503211,1.552183689843303
2012-01-25,1.6165734639999494,1.613112974955007,1.6061077812830418,1.601283895415503,1.5913137373975113,1.5642867897183383
2012-01-26,1.6137405472358872,1.6099960791290742,1.6027184325327952,1.597763194104777,1.5875820416533983,1.5601660149493632
2012-01-27,1.6134907789260755,1.6102743526965178,1.603515630390105,1.5988154051557846,1.5890513091951535,1.562433222873157
2012-01-30,1.6118479406395094,1.6089454733602198,1.602498624216382,1.5979529399348325,1.5884435106584318,1.5623200272406703
2012-01-31,1.6114076989486192,1.6087748857719553,1.6025937325852246,1.5981788858257424,1.5888838352328802,1.5631720550451347
2012-02-01,1.614661210953075,1.6130411043248594,1.6078483369306413,1.6039165751628004,1.5954075880940592,1.5711817435405406
2012-02-02,1.621913356064039,1.620063411227837,1.614626256589517,1.6105673252601198,1.6018397432019291,1.577155302280477
2012-02-03,1.6260913967619264,1.6260427489381464,1.6223854999656697,1.619204776739528,1.6119184550944694,1.5900089140982323
2012-02-06,1.6238262347192056,1.6238740530128921,1.6203176484337165,1.6171887883080802,1.6099907436573244,1.58826322674983
2012-02-07,1.6343402613050793,1.633669929284614,1.6293768712082572,1.6258742376204969,1.6180473032033529,1.5950499408302412
2012-02-08,1.635079770041168,1.6352082346637937,1.6317069578801848,1.6285959325030763,1.6214130956412376,1.5996612279015099
2012-02-09,1.6382251621880728,1.6392269227565053,1.636586085766878,1.6338986549821788,1.6274095722893809,1.6069879824146096
2012-02-10,1.6274857087560948,1.6284078925450116,1.6257118491661937,1.6230061118947585,1.6165003971658818,1.5960979366373182
2012-02-13,1.637846157966433,1.6392567938517977,1.6370229225313588,1.634537412549998,1.628381396310156,1.6086075015899595
2012-02-14,1.637332780295845,1.6392187853114293,1.6374582243474998,1.6352076139773828,1.6294391536653234,1.6104192628865237
2012-02-15,1.6340215168584558,1.6350774489986781,1.6324997486506132,1.6298471333926212,1.6234206887385005,1.603140678475078
2012-02-16,1.647326352999033,1.6493143761486624,1.6476329673479992,1.6454131536230217,1.639682837300174,1.6206891017278422
2012-02-17,1.644964144611452,1.6466614368354873,1.6446964957282186,1.642338215158402,1.6363828003488368,1.6169638560366344
2012-02-21,1.6584246553856465,1.659238460516113,1.6563661020815772,1.6535469748148428,1.6468155398771058,1.625827337933797
2012-02-22,1.660156927238961,1.6600280954049116,1.6562155972347101,1.6529292873040276,1.6454261620635733,1.6229332118121838
2012-02-23,1.6665590857805292,1.6668951366849671,1.6635301847681387,1.6604601893080342,1.6533053011720809,1.6314570209780574
2012-02-24,1.667219186286299,1.6680708670712865,1.6652166109936923,1.6623990471302614,1.6556591149144677,1.6346123582514827
2012-02-27,1.6672701486652766,1.6683548840141258,1.6657320014654193,1.6630290119852138,1.6564777342104076,1.6357965720566152
2012-02-28,1.680308681088229,1.6817966239974131,1.679545298766829,1.6770153933806298,1.6707327915124763,1.6505102632279076
2012-02-29,1.646406348039834,1.6505519317046455,1.651015609769237,1.6498591988090499,1.645881600586644,1.6302911343382613
2012-03-01,1.6610742891803727,1.6650804898867644,1.6653747907776344,1.6641227333368134,1.6599699469066396,1.6439699526423568
2012-03-02,1.6580629122996229,1.6622356221047465,1.6627031971894806,1.6615399618674684,1.6575379346961208,1.6418471751657737
2012-03-05,1.6478018856432497,1.651259517469629,1.651034802204191,1.6495354619282825,1.6449900868420837,1.6282849241997963
2012-03-06,1.6245871102648657,1.62870044941377,1.629183464540084,1.6280561043861708,1.6241553801565338,1.6088215265720192
2012-03-07,1.6356365973617235,1.639925867437778,1.6405601526051938,1.6394988178627972,1.6356935138401536,1.6204939626608426
2012-03-08,1.6524322747157196,1.6568481837770492,1.6575715933935125,1.6565404987372838,1.6527641974842484,1.6375417615245236
2012-03-09,1.6605211914295044,1.664838223240986,1.6654446554456968,1.6643484979209573,1.6604543946815784,1.644963131727702
2012-03-12,1.6564654327627053,1.661256478266105,1.6623460868679256,1.6614939549898913,1.658008757215562,1.6433367388792965
2012-03-13,1.6675568310011295,1.6743676107279426,1.6774525783969558,1.6775847505418973,1.6757145300055085,1.6641496017728739
2012-03-14,1.6598479868799667,1.6680036952487836,1.672451098613433,1.6732682231744318,1.6725411501423877,1.6632493173155183
2012-03-15,1.6697410828999095,1.6774159950360883,1.6813603908340569,1.6819186992864987,1.6807509324345933,1.67054998686307
2012-03-16,1.670853141193158,1.6782983212817362,1.6820104521595312,1.6824521616813923,1.6810900485020113,1.6705035955249798
2012-03-19,1.6780547629024103,1.6860032604351534,1.690202715734781,1.6908810378915242,1.6899014606879108,1.6800292897309617
2012-03-20,1.6725756032869836,1.6813689607063387,1.6864256964006328,1.687535537879574,1.6872769223599393,1.6788412768157637
2012-03-21,1.671998341325671,1.6808738711261322,1.6860140863685098,1.6871659847918212,1.6869776901661802,1.678682362999547
2012-03-22,1.6645988231566458,1.6738388760766414,1.6793602283651197,1.6807081546076457,1.6808535251630228,1.673246089071498
2012-03-23,1.6725843027657468,1.680939733437323,1.6855584328253774,1.6864501349786436,1.6858305216072627,1.676688548920204
2012-03-26,1.7000329850933698,1.7087092821781873,1.7135875625129606,1.7145854184128542,1.7141070882179772,1.705111399556876
2012-03-27,1.6952581769753903,1.7046589816712157,1.7102725910394563,1.7116406442310592,1.7117809148738936,1.7040181451186935
2012-03-28,1.6843774367350344,1.6941492964043308,1.700158357015698,1.701732497331,1.7022274406727809,1.6952101672778994
2012-03-29,1.6804216794669233,1.689912382164208,1.695649069597673,1.6970909050569556,1.6973718596282823,1.6899546752133419
2012-03-30,1.6844416146026382,1.69320452697312,1.6982042892243516,1.6992757681441488,1.6989388039750986,1.6902936140129632
2012-04-02,1.6925594723940085,1.702302830965552,1.7082705201775867,1.709819206333264,1.710264798111707,1.7031221970255093
2012-04-03,1.6902039541484657,1.700121656753684,1.706270081009733,1.7079111618857723,1.7085132106927783,1.7016901478185593
2012-04-04,1.676777798780279,1.6856447595416022,1.6907665048099634,1.6919054756119516,1.6916902368765316,1.683319931341316
2012-04-05,1.6801094878838139,1.689711190135256,1.695564572490016,1.6970666506955385,1.697450459606314,1.6902450840905177
2012-04-09,1.6697385748059346,1.6790505228901758,1.6846358945753468,1.6860127245615497,1.6862014914701637,1.6786608362447613
2012-04-10,1.6515218565031184,1.6598636543005156,1.664514279290508,1.6654390445864569,1.6648996859205496,1.6560102275902702
2012-04-11,1.6585637638935655,1.667036416886774,1.671802734615358,1.6727793896652212,1.6723173856324667,1.6635470218699173
2012-04-12,1.6718878213447357,1.6809950456764549,1.686369586182373,1.6876391436373244,1.687646996066753,1.679739574672325
2012-04-13,1.6567177809620675,1.664714968783236,1.6690071278972607,1.6697481949161075,1.6688971255352487,1.6593686647271775
2012-04-16,1.6503343531368722,1.6570858334160197,1.660139212952504,1.6602661104404504,1.658402736180109,1.6469092802263061
2012-04-17,1.6694721123953873,1.6777323847775625,1.682260323875439,1.683108496390264,1.682419332718078,1.6731495454609726
2012-04-18,1.6661868928654864,1.674334220554388,1.678755974732267,1.6795538254328823,1.678785190445797,1.6693743341126717
2012-04-19,1.656532661187008,1.663720856072766,1.6671995488334486,1.6675339110711254,1.6660074104534537,1.655148556868996
2012-04-20,1.6558315096926208,1.6626355174243117,1.6657292879551158,1.6658717231033298,1.6640272527639832,1.6525450058605724
2012-04-23,1.6463474563683247,1.6525519350155347,1.655064037194414,1.654923593184936,1.6526210918990014,1.6402810132614865
2012-04-24,1.6455126437088392,1.6509198792186508,1.6526318078245696,1.6520918587780278,1.6491267038369586,1.6354844957687535
2012-04-25,1.6671694494276494,1.674822378762471,1.678744518405072,1.6792916491292094,1.678105254902811,1.6678663419262956
2012-04-26,1.6743971476579802,1.682338580869207,1.6865345944752739,1.6872125729472547,1.6862344737805743,1.6763718575540876
2012-04-27,1.678513832143191,1.6870650756308252,1.6918652610658407,1.6928419280973765,1.6923548701139317,1.6834405839468867
2012-04-30,1.6725766589652808,1.6804910434274016,1.6846639691216152,1.6853319446333788,1.6843395154656853,1.674457282013957
2012-05-01,1.6769595736352731,1.6847305418679364,1.6887494788302515,1.6893368552259673,1.6882052228375124,1.6780286211072384
2012-05-02,1.6768729851021242,1.6851307211581974,1.6896389964187823,1.6904709786507062,1.6897455036873628,1.680368654111134
2012-05-03,1.6665543558964933,1.6740124569917205,1.6777405163214938,1.6781913519974998,1.6768461319407189,1.6662985021634535
2012-05-04,1.64380089385643,1.6492833380036558,1.6510775248127159,1.6505812445204107,1.6476923845841396,1.6342146416116632
2012-05-07,1.6448222874703236,1.6503579496426908,1.652203305752043,1.6517317303405605,1.648882597677336,1.6354781984849769
2012-05-08,1.640624911885587,1.6459582692216796,1.6476098196199778,1.6470449521281414,1.6440462264453184,1.6303673166946282
2012-05-09,1.6357254604027829,1.6410244389215929,1.642652515582673,1.6420800693227995,1.6390749177404946,1.6254065868703569
2012-05-10,1.6357551909830779,1.6407239715875237,1.6420201722131973,1.6412818554441744,1.6380013194603813,1.623790874964407
2012-05-11,1.6340377698066164,1.639145879091043,1.640585969523527,1.6399210127207169,1.6367644126828567,1.6228060227014585
2012-05-14,1.623045869114173,1.6276958454077193,1.6287004095573479,1.6278271252384486,1.624338507603392,1.609778793633188
2012-05-15,1.6182221244182973,1.622805259773603,1.6237535585947815,1.6228562447216388,1.619333797576103,1.6047303716875765
2012-05-16,1.6125969331744376,1.6166360685485957,1.6170504263687797,1.6158910576357701,1.6119406629111528,1.5965216767655461
2012-05-17,1.5936328294830755,1.5961391735716242,1.5950561211498737,1.5931645347659984,1.5880224735792017,1.570348115486951
2012-05-18,1.5824848826040672,1.5840444633603934,1.5820352231095507,1.579690247715221,1.5738095599184851,1.5547343871214057
2012-05-21,1.6055765996284843,1.6092053412618756,1.6092231691772485,1.6078715949223432,1.6036109560156397,1.5876146703695462
2012-05-22,1.6056653833072305,1.6091093297286583,1.6089412602236333,1.6074967139532836,1.6030816288411918,1.5867809631123928
2012-05-23,1.6069471781283475,1.6105705576951048,1.6105798998646212,1.6092229237491549,1.6049515958961655,1.588927776665903
2012-05-24,1.6048008771964049,1.6075973587550707,1.6067806194053627,1.6050126519394214,1.6000617697667296,1.58271072204277
2012-05-25,1.6024185502202908,1.6052417651446302,1.6044572736639497,1.602707439786589,1.5977896523941058,1.5805150303592579
2012-05-29,1.6153962567545834,1.6189658224526782,1.618901993221205,1.6175012925279946,1.6131467671724256,1.596919158235587
2012-05-30,1.6032357934102461,1.6066354977948762,1.6064284613048092,1.60496650113615,1.6005255609200237,1.5841855280885953
2012-05-31,1.59982397537912,1.6028705443893099,1.602316360429271,1.600683814491565,1.5959639859388035,1.5790912578964642
2012-06-01,1.5725150194354125,1.5740062189574517,1.5719543733062973,1.569597899947242,1.563712647681611,1.544683227023915
2012-06-04,1.5762511793467313,1.5785685122842947,1.5773326639046799,1.5753786441021578,1.5701535806792386,1.5523937847267932
2012-06-05,1.58236802509653,1.5847301826558364,1.5835252954767345,1.581581467545109,1.5763654944050582,1.5585940533712088
2012-06-06,1.606188010149767,1.6098333345704523,1.6098553122525903,1.6085011089086376,1.6042291220474714,1.58818435077912
2012-06-07,1.6043502950978248,1.6075275117597538,1.6070864963661269,1.6055037029196084,1.6008563743180597,1.5840883990406924
2012-06-08,1.6138220884774959,1.617622093916095,1.6177812442511967,1.6164887405436956,1.6123090216036884,1.59640754065017
2012-06-11,1.5977610065590049,1.600394211033143,1.5994251530727093,1.5975854721298737,1.5925220686722048,1.5749742652461727
2012-06-12,1.6105207332386198,1.613841459035615,1.6135297625866363,1.6120060087038912,1.6074484071750383,1.5908257953794498
2012-06-13,1.6033352538730457,1.6062489443014547,1.605547238097467,1.6038357189916155,1.5989769995459562,1.581801623088237
2012-06-14,1.6110313567420451,1.61378167033427,1.6128996036430463,1.6110918870012751,1.6060644839873304,1.5885231663394277
2012-06-15,1.6231846891800135,1.626746915164146,1.6266477063035145,1.6252188158266487,1.6208019028757061,1.6043928620935737
2012-06-18,1.629482618627373,1.633959063941197,1.634757987410377,1.63377020220522,1.6300740922080275,1.6150405898859528
2012-06-19,1.640303137337182,1.64542887740148,1.6468513810576826,1.6461643785191502,1.6429515058039583,1.6288084996040078
2012-06-20,1.6398357514030324,1.6451380119806336,1.646737719590257,1.6461392016694698,1.643073112610625,1.6292186230020205
2012-06-21,1.6137331539647173,1.6174485732071722,1.617523514227241,1.6161892259924093,1.6119405845796102,1.5959051112111684
2012-06-22,1.6235218181536744,1.6279886629942837,1.6287914245598427,1.6278106134496613,1.6241335765900768,1.6091658971156961
2012-06-25,1.6042875132978032,1.6074782025029206,1.6070507728416743,1.6054747861678877,1.6008387830377178,1.5840931973117467
2012-06-26,1.6103741286215723,1.6139788906203758,1.61395096712203,1.6125684002423162,1.6082442493082338,1.5920776401905217
2012-06-27,1.6184302325457929,1.6222281905200417,1.6223749241515375,1.6210723316048956,1.6168701068974285,1.6009026040640284
2012-06-28,1.6109165255387867,1.6136339043847396,1.612719230238826,1.6108954021586037,1.605841525775142,1.5882491285519769
2012-06-29,1.6412480349918044,1.6460719157344204,1.6471910634891918,1.6463524608571984,1.6428879221299182,1.628249554223021
2012-07-02,1.6445168409737363,1.6495082315341436,1.6507881074863893,1.6500269718629346,1.6466867964468594,1.6322771949343808
2012-07-03,1.6527339794636258,1.6583107686941445,1.66015825967597,1.659673026440647,1.6567793569299452,1.6432051252620297
2012-07-05,1.6505863523243423,1.656474850649396,1.6586393301708253,1.6583139073959132,1.6556876018950923,1.6426473918471984
2012-07-06,1.638461341665749,1.643452169944998,1.6447451745021406,1.6439957335137556,1.64068258259415,1.6263548863054569
2012-07-09,1.6367558880289015,1.641604917090352,1.6427597858072869,1.641942950353622,1.6385203501842658,1.623986407873551
2012-07-10,1.626647059402245,1.6308638781666536,1.6314085337751372,1.6302961748246492,1.6263969682713535,1.6109777399966552
2012-07-11,1.6237429235016796,1.6273445326615155,1.6272797089492892,1.6258660630909196,1.621471594516224,1.6050960720255807
2012-07-12,1.616102952559166,1.6189346652169605,1.6181161729258149,1.6163334067237425,1.6113373322862836,1.593819848439466
2012-07-13,1.6333145377971436,1.6369079233059585,1.6368132230843857,1.6353765444246346,1.630931828586623,1.614412089932254
2012-07-16,1.630376039973854,1.6337937581003537,1.6335297957952282,1.6320112586741928,1.6274347003964151,1.6106707470941695
2012-07-17,1.6369225898802116,1.6405494912536207,1.6404801945386547,1.6390531072796533,1.63461971202006,1.6181048908068996
2012-07-18,1.6483099247812412,1.6530345982910768,1.65403881846751,1.6531370723477328,1.6495592473771414,1.6346659620081712
2012-07-19,1.655928469850581,1.6617330041652254,1.663801326897874,1.663423436077568,1.660703486999071,1.6474542817081097
2012-07-20,1.643418356350419,1.6482344601284367,1.649341294793918,1.6484948518754075,1.6450147957509564,1.6303364315903053
2012-07-23,1.6312279313876794,1.6352296893512301,1.6355486344218537,1.6343198869266657,1.630222146389451,1.6143920907812912
2012-07-24,1.622427638619885,1.6260034524034972,1.625915772155309,1.6244918537912971,1.620082037189714,1.6036827404790421
2012-07-25,1.6190864824235525,1.6219100178267047,1.621076591325401,1.619283843958261,1.6142674674939435,1.5966959418246818
2012-07-26,1.6349150189529293,1.638326907713199,1.6380468453638715,1.6365164227994076,1.6319144419001634,1.6150789754975912
2012-07-27,1.6579004901821657,1.6629230175743253,1.664203811873852,1.6634317483059375,1.6600565505530422,1.645514322944934
2012-07-30,1.6574740883243004,1.6624098317603493,1.663604688273881,1.662790157045951,1.6593451715871603,1.6446682740853948
2012-07-31,1.653171094128274,1.658474438441201,1.660047124575633,1.6594245599019668,1.6563029150967972,1.6422800038283152
2012-08-01,1.6512269258363002,1.6562344924887011,1.6575148696237239,1.6567480780941148,1.6533897577858006,1.6389114217465826
2012-08-02,1.6454820143896742,1.6504588205146422,1.6517213735701417,1.6509505818021777,1.6475928960935504,1.6331432603235878
2012-08-03,1.6666540504119893,1.672695244887804,1.674976728741184,1.6746961122089117,1.6721239262648981,1.6591137691185123
2012-08-06,1.6720958424261247,1.6788868675303312,1.6819076088297122,1.6819910677782601,1.680015310072053,1.6681489673738346
2012-08-07,1.6794366774853087,1.6869211232777206,1.6906202805350197,1.6910358537692491,1.6896011605105103,1.678760967184405
2012-08-08,1.6797402956553789,1.6871187395160387,1.690710960157347,1.6910729399903697,1.6895490533987925,1.6785324671823458
2012-08-09,1.6819166100393639,1.6895949943857953,1.6934829271703238,1.6939905421091659,1.6927052354636303,1.682146193917394
2012-08-10,1.6831743363388079,1.6908329722968636,1.6946982627732905,1.6951935143172756,1.693886130164097,1.6832777754583832
2012-08-13,1.6842523138919325,1.6922151363454359,1.696382881837012,1.6970280663270887,1.6959677727027762,1.6858389042149835
2012-08-14,1.684587010999364,1.6925941370501751,1.6968055316041109,1.6974722013412258,1.6964470876921516,1.6863856208881478
2012-08-15,1.6866684436867507,1.6949080964608283,1.6993478470229701,1.700126638528313,1.6992846899350216,1.689572531689942
2012-08-16,1.697608878636314,1.7068316462465074,1.7122320319363904,1.7134806317891043,1.7134033690266084,1.7051387633821573
2012-08-17,1.700913163582897,1.7105820382977968,1.7164220895590099,1.7178871617284792,1.718164436929657,1.7105794227930389
2012-08-20,1.7018016884208076,1.7116398919963836,1.7176476551192712,1.7191956178920074,1.7196091274859355,1.712287074166602
2012-08-21,1.6977937145870807,1.7073306742695555,1.7130455662224688,1.7144508697867153,1.7146330465811717,1.7068764166943593
2012-08-22,1.7004095102939238,1.710408208039189,1.716579991917637,1.7182109454826273,1.718763739021085,1.7117215275801196
2012-08-23,1.691025865309852,1.700503477621811,1.7061742082205544,1.7075632463821213,1.707727026525951,1.699966658162742
2012-08-24,1.6979835511290093,1.7078596887646662,1.7139141198072136,1.7154886080311247,1.7159509002017297,1.7087427752766602
2012-08-27,1.6990364061979177,1.7090914608881362,1.7153228422540914,1.7169846889303928,1.7175904113877467,1.7106585757973929
2012-08-28,1.6984776130108454,1.7085868238706972,1.7148737529751115,1.7165637798649938,1.717216906160403,1.710380717963556
2012-08-29,1.69891687284398,1.7089835122649049,1.7152267760367936,1.716894650838566,1.7175105136123794,1.7105991382817525
2012-08-30,1.6889894120099314,1.698255707775706,1.7037192401600174,1.7050066707896305,1.7050046521187587,1.6969288220029592
2012-08-31,1.69548302633429,1.705269454839218,1.7112396294738343,1.7127742227723681,1.7131735666355337,1.7058539265578843
2012-09-04,1.694498124601587,1.7041970763360976,1.7100827072057927,1.7115763130401023,1.711909487582891,1.7044666595063267
2012-09-05,1.6928531188589373,1.7025329267954106,1.7084030483423525,1.7098903017775782,1.7102150041092143,1.7027633253201053
2012-09-06,1.718813692207645,1.7298103409424115,1.7369469833943176,1.7390458493764185,1.7403542389260525,1.7347191120476022
2012-09-07,1.7324306171166381,1.7418856877746283,1.7474388766342979,1.7487336010240133,1.7486880783633914,1.7403168173789059
2012-09-10,1.7178138843560453,1.7264278633803178,1.731167601317684,1.7320677414692471,1.7313848848829099,1.72182614256349
2012-09-11,1.720599678302058,1.7286742198697087,1.7328643994301447,1.733487114145174,1.7323395889671476,1.7218508166298419
2012-09-12,1.7242471999896123,1.7324762985797812,1.736813753835377,1.7375070503518062,1.736472218875162,1.7261883362488577
2012-09-13,1.7524180475775535,1.7603028829913616,1.7642291731925153,1.764692554197711,1.7632398236332147,1.7519968324621074
2012-09-14,1.761845505315369,1.770387842617196,1.7749546047558766,1.7757304455330791,1.7747851247787123,1.7644981024804003
2012-09-17,1.7552806185876229,1.7645207162981613,1.7698051123145282,1.7709457337735826,1.770615076756792,1.7615720647612854
2012-09-18,1.75983702725802,1.7687951341094563,1.7737851489086438,1.7747745366350682,1.7741867200268504,1.7646145944979121
2012-09-19,1.761303876757309,1.7704481649655845,1.7756222930952366,1.7767025673908445,1.77626396114313,1.7669791907306611
2012-09-20,1.7598349969286757,1.7689434167429299,1.7740847916165678,1.7751499324957305,1.774688034868564,1.7653643360830866
2012-09-21,1.7614405330711562,1.7704468453319178,1.7754817276548271,1.7764921962855962,1.7759373861587613,1.7664227117241658
2012-09-24,1.7540166771684889,1.7626981127416208,1.7674228667080898,1.7682844862846268,1.7674916774468097,1.7575429593496728
2012-09-25,1.738668453565949,1.746345996517447,1.7500950446977537,1.7504815028922525,1.748918353219274,1.7375232501643652
2012-09-26,1.7274513328004453,1.7347871601717366,1.7382178113114832,1.7384545325910983,1.736656720204581,1.7248522876072117
2012-09-27,1.7493988787943906,1.7570124251832122,1.7606724591212464,1.7610051735099372,1.7593390795771848,1.747689590636342
2012-09-28,1.740416019274781,1.7474509650859078,1.7505489574206634,1.750608083221052,1.7484986269336886,1.7360173987206853
2012-10-01,1.7424374534107296,1.7490206519074671,1.7516605768714726,1.7514890547348436,1.7489949898032202,1.7357503403690238
2012-10-02,1.744093719198892,1.751027016278449,1.7540145181145883,1.7540150936306569,1.7518043410462032,1.7391082806506528
2012-10-03,1.7512409233588726,1.7586067521556172,1.7620120576229197,1.7622150950709643,1.7603310488733634,1.7482425191454416
2012-10-04,1.7615126351156665,1.7685003128752375,1.771502734233815,1.7714958684149815,1.769250685719317,1.7564035644441065
2012-10-05,1.755084251380072,1.7617485173819292,1.7644410078863415,1.7642849167306733,1.761800405507154,1.7485139505748581
2012-10-08,1.745815886354242,1.7517678158304584,1.7537665287177768,1.753272020141226,1.7502380191329991,1.7359165705597628
2012-10-09,1.7272123834592539,1.7321793118624824,1.7332318619040734,1.7322809224722227,1.72851355213735,1.7128406189154255
2012-10-10,1.7201200544795237,1.7249040657822858,1.7257891923083348,1.7247607359648915,1.7208738027832509,1.7049999764079051
2012-10-11,1.7202847776647614,1.7245177665467344,1.7248495300430138,1.7235446892716155,1.7191991817416412,1.7024237704862233
2012-10-12,1.7138864222395926,1.7186594842076344,1.7195478135558082,1.7185262844548854,1.7146587445979262,1.6988528694798188
2012-10-15,1.7170640686267293,1.722779540390862,1.7246064072084692,1.7240506879773103,1.7209516336492334,1.7066401059559912
2012-10-16,1.734597452943031,1.7410442851514298,1.743565205584399,1.7433409768058519,1.7407694433653222,1.7274101693648034
2012-10-17,1.7373256044590133,1.7434076273308663,1.7455562262885347,1.745143799437273,1.742256692223749,1.728264457473589
2012-10-18,1.726580631323317,1.7316849743619755,1.732876867443891,1.7319960292741832,1.7283457184212387,1.7129057556178513
2012-10-19,1.6970223944007026,1.7008721891152927,1.7008723496411207,1.6994218539412242,1.6948642865768004,1.6777837336094508
2012-10-22,1.7020364498939409,1.7062694629253228,1.7066427940043698,1.7053743023832044,1.7011122184692202,1.6845880804880768
2012-10-23,1.6814303116058968,1.6860434203096901,1.6868451139743708,1.6858080783277152,1.6819559798803638,1.6663358864838962
2012-10-24,1.6759494328762647,1.6805046719999615,1.6812607671816606,1.6802056533060932,1.676330523671663,1.660691440031038
2012-10-25,1.6815148377282487,1.6855338369321484,1.6857391093608483,1.6844042628066633,1.680058157297695,1.6634672612316135
2012-10-26,1.6824960287716821,1.6869045841312986,1.6874985686038209,1.6863569317754115,1.682330007673945,1.6663613929676333
2012-10-31,1.682147415997708,1.6855702919766713,1.6851758745893686,1.6835411169617334,1.6786968264118274,1.661124295791586
2012-11-01,1.6933227908627297,1.6980209799063002,1.6988792590755823,1.6978596581439056,1.694020431576054,1.678365071857672
2012-11-02,1.6705695096518802,1.675683559281176,1.677009367984199,1.6762420045272663,1.6728490510611316,1.6581759384937194
2012-11-05,1.6775432210644514,1.683087370855397,1.6848275272023892,1.6842605186520434,1.681190210448923,1.6671145424341534
2012-11-06,1.69332269445948,1.6976327245618787,1.6981027867870746,1.6968898830582069,1.6927308163436872,1.676449946263141
2012-11-07,1.6677575356736458,1.6705589716153777,1.669578197572505,1.6676647320101952,1.6623790033139476,1.6440177225729715
2012-11-08,1.6574460676014615,1.6586432284265746,1.6560813260099008,1.6533893885162474,1.6468286999957251,1.6260235935140834
2012-11-09,1.659673708387107,1.6613515032499915,1.6592652544655813,1.6568082532159203,1.6506334606832387,1.6305723325970876
2012-11-12,1.6587784196309525,1.6605180139118652,1.658495604413726,1.6560711553659853,1.6499513618508332,1.6300021027024871
2012-11-13,1.6519069175262895,1.6531805091032061,1.650707612213304,1.648064726040226,1.6415922383797974,1.6209862763773055
2012-11-14,1.6382874191601806,1.6389792863210322,1.6359554680568142,1.6330499024018374,1.6261600934577969,1.6048035036812784
2012-11-15,1.6320305768288215,1.6327914503272265,1.6298508398551212,1.6269920519587828,1.6201875941978647,1.5990280287854548
2012-11-16,1.6363075224159696,1.6373484428848846,1.6346782208758035,1.6319504114371273,1.6253572356902786,1.6045902967169003
2012-11-19,1.6667059671959779,1.6686011425813634,1.6667163571041004,1.6643536603215439,1.6583259667803525,1.638518686018996
2012-11-20,1.665499642705383,1.6675646456189257,1.6658524491998035,1.663576719620293,1.6576944558903797,1.6381773958841213
2012-11-21,1.6682235298925652,1.6703583062544531,1.6687097157182034,1.6664633295049873,1.6606261555120998,1.6411841721384006
2012-11-23,1.6910199272426145,1.693433323181281,1.6920116896503101,1.6898588312534644,1.6841474352228507,1.6648417565400577
2012-11-26,1.691631764588061,1.6947098760203398,1.6939516699820452,1.6921286258266834,1.686962165296901,1.668719272338552
2012-11-27,1.6844549144581362,1.687666251427085,1.6870575686763174,1.6853151085703253,1.6802911046835414,1.6623613435221594
2012-11-28,1.686487274896788,1.690948846190852,1.6915859757093283,1.6904620998715045,1.6864590270912485,1.6705161209588366
2012-11-29,1.6945859541479609,1.6992640123265992,1.700099292638882,1.699067160619498,1.695205594558157,1.6795004681425798
2012-11-30,1.6899528503613315,1.694799769695879,1.6958144448052745,1.6948755969493776,1.6911742681734565,1.6758048085396964
2012-12-03,1.6863722174224023,1.6912367441732672,1.6922763580531353,1.6913526898330657,1.6876801782669122,1.6723827528945254
2012-12-04,1.6794152080543525,1.6848525714367861,1.6864819273782983,1.6858582420054946,1.6826915072629358,1.6684188601111274
2012-12-05,1.6731561642631028,1.6773269716594013,1.677701596839396,1.676457679033144,1.6722714459357368,1.6560305533326916
2012-12-06,1.6799349070086014,1.6845258739168694,1.6853060443478989,1.6842585271227866,1.6803890307966625,1.6647364140895204
2012-12-07,1.6805590088838933,1.6840880154446907,1.6838027897297823,1.6822235529395158,1.6774724403181593,1.6600887819048078
2012-12-10,1.6845970916616064,1.6882218413561494,1.6880233595845338,1.6864839187226663,1.681793600233077,1.6645097102623387
2012-12-11,1.695180430551079,1.6999599452335334,1.700894359158863,1.6999107084644836,1.696127642408345,1.6805712182562509
2012-12-12,1.6946719637867287,1.6991413998345593,1.6997663022904308,1.698628769951404,1.6945914362464096,1.6785390674196543
2012-12-13,1.6819820685342086,1.6863485794456252,1.686899213156224,1.6857355028572165,1.681670925399,1.6656261010423667
2012-12-14,1.673775648584726,1.6773470757562583,1.6771197739261063,1.6755752172457066,1.6708901719057316,1.6536685889115952
2012-12-17,1.6887841631799712,1.69310641231311,1.6935972348801518,1.692397887501012,1.68826563368573,1.6720554900082893
2012-12-18,1.6956163321755793,1.701842804533782,1.7042259330718958,1.7039642107145836,1.7013765058519492,1.6881609998326819
2012-12-19,1.6875359547759485,1.6938024047058073,1.6962439583598896,1.6960182750826436,1.6935005364701998,1.6804609772514627
2012-12-20,1.6841488047867599,1.690744153351225,1.6935229313270828,1.6934682778883043,1.6912381629484348,1.6787786382224814
2012-12-21,1.675028482706626,1.6807201580088376,1.6826142825487798,1.6821263567194986,1.6791900883001798,1.6653902428482863
2012-12-24,1.6731456639646893,1.6786845242537698,1.680429824354142,1.6798693075181617,1.6768151799785733,1.6627933628703988
2012-12-26,1.6664067518326768,1.671128277382007,1.672070012144228,1.6711146155549501,1.667414908709115,1.6521600645294778
2012-12-27,1.6660851099627663,1.6705796861204754,1.6712947717653384,1.6702266473446628,1.6663406091143875,1.6507220839828882
2012-12-28,1.6525507859818493,1.656758805987538,1.6572175630274113,1.6560332111860556,1.651971829976681,1.6360746174498042
2012-12-31,1.6786675106295965,1.6838251289132935,1.6851759084465647,1.6844139696157003,1.681019160119756,1.6663030575707933
2013-01-02,1.7147699129416583,1.7217632205879143,1.7248718030696404,1.724955666796195,1.7229165075770476,1.7106856896231444
2013-01-03,1.7036278322269611,1.7107983277408627,1.7141100032356376,1.7143047413319157,1.7124635384364897,1.700674734210565
2013-01-04,1.7016152335822712,1.7084149491756633,1.7113593239085447,1.7113725064020864,1.709232884377565,1.696868001281271
2013-01-07,1.69669866901349,1.7040247559502197,1.707508268321435,1.7077946795732717,1.7061142505399853,1.6946742626164064
2013-01-08,1.697876999216807,1.7047552582325252,1.7077869246141466,1.7078468630533512,1.7057894996584841,1.6936040116077293
2013-01-09,1.70121785296781,1.7084156365779681,1.711760170445067,1.7119733665313805,1.710165823829331,1.6984546520905761
2013-01-10,1.7143718454980705,1.7213265498813093,1.7243973207204821,1.7244626576028608,1.7223932909658473,1.7101050920981138
2013-01-11,1.7118964750493482,1.7193215228986416,1.7228696764976716,1.7231753385039812,1.7215075176016406,1.7100193498827023
2013-01-14,1.71061591772762,1.7173938544278997,1.7202958854100543,1.7202802373936372,1.7180813881884653,1.7055570641403133
2013-01-15,1.7117452093816432,1.7175662231522557,1.7195059079787272,1.7190090969791707,1.7160111605055275,1.7019129709038388
2013-01-16,1.7142838651195755,1.7205533553373775,1.7229370708009122,1.7226596523616289,1.7200221913913112,1.706619360469793
2013-01-17,1.7231796844867668,1.7294119348113635,1.7317380382981822,1.731424260456462,1.7287152244124826,1.7151292193195
2013-01-18,1.7222891357848193,1.7282219718706289,1.7302497973290996,1.7297879451190632,1.7268345685168494,1.712773245664743
2013-01-22,1.728386968077169,1.7340133333768666,1.735719886490973,1.7350925063513383,1.7318569783881395,1.717212588922303
2013-01-23,1.7312247906741947,1.737630403901753,1.7401120632838945,1.7398690216242736,1.7372670299094453,1.7238525265571767
2013-01-24,1.7172123297330595,1.7225821921564959,1.7240569295122263,1.72332343847216,1.719926198669635,1.7050180233305254
2013-01-25,1.7207280633148851,1.7266318729069943,1.7286341408876358,1.7281608716288095,1.7251905512499504,1.7111034620331051
2013-01-28,1.7200476120484884,1.7264025513813452,1.7288588430395064,1.7286127072087787,1.7260197839031168,1.712676713939737
2013-01-29,1.7248860219068858,1.7307992030906767,1.732801400414888,1.7323245380678705,1.7293429795671464,1.7152138801355505
2013-01-30,1.7255553222596014,1.7310440654132324,1.7326190356957492,1.7319284205922436,1.7285916611260357,1.7137621624172168
2013-01-31,1.7193760720151618,1.7250764973315196,1.726877854350089,1.7263054903093864,1.7231726119226556,1.708772941787797
2013-02-01,1.7360396602857462,1.7421606290949956,1.7443456703686047,1.7439504408486042,1.7410899533132613,1.7271446391737229
2013-02-04,1.7194176694665906,1.724107482822864,1.7248961211526868,1.7238187650944061,1.7198492354423802,1.7038092697657738
2013-02-05,1.7337247439107082,1.739554439804763,1.741452851602931,1.7409166686960136,1.7378255879657742,1.7234392716760722
2013-02-06,1.732260710925337,1.7376649485092823,1.739140323207101,1.7383944368417366,1.7349577753930878,1.7199009174013757
2013-02-07,1.7320090695179666,1.737592480129816,1.7392479831001633,1.7385921364205623,1.7353049741992745,1.7205424443920534
2013-02-08,1.7411389053902675,1.747616489753334,1.7501473091844506,1.74992014723936,1.747331638686185,1.733895099951353
2013-02-11,1.7411953797018658,1.7477190417642616,1.750295908883467,1.7500916612081485,1.7475410457140972,1.734178531841097
2013-02-12,1.739753231385067,1.745694525238094,1.7476910603141365,1.7471986522891951,1.7441724393593687,1.7298843578554508
2013-02-13,1.7421816085917148,1.7485064131012713,1.7508817543824156,1.7505761684143328,1.7478564006357105,1.734157497633083
2013-02-14,1.7426727854940278,1.7488983821640949,1.7511731863425726,1.7508170454930054,1.748012893350092,1.7341461811019014
2013-02-15,1.7401435485366414,1.7460986602023851,1.7481081547523851,1.747621875380354,1.7446053206190024,1.7303343012837833
2013-02-19,1.7487084298314328,1.7550965406895123,1.7575204768853618,1.7572335412934614,1.7545363814021395,1.7408504620287433
2013-02-20,1.7325220053039039,1.7377719992887486,1.7390922064505694,1.7382687192984596,1.7347031553695134,1.719392306413416
2013-02-21,1.722702587731497,1.7270479934885903,1.7274840160669775,1.7262280117214468,1.721958320555006,1.7053140601366938
2013-02-22,1.7341998933163731,1.7391581209341374,1.7401821215981883,1.7392094902272988,1.7353946894571384,1.7195871099043334
2013-02-25,1.7158925862186711,1.7204858942545387,1.721185839646549,1.720067270155048,1.7160339359497034,1.699885798307701
2013-02-26,1.7219417248062188,1.726593072362181,1.727337421181857,1.7262358204644275,1.7222229149378285,1.70608578213093
2013-02-27,1.735133154644417,1.7402587810779033,1.7414484153217225,1.7405575821242383,1.736877120446403,1.7213284547968914
2013-02-28,1.7327848653869604,1.737777188087677,1.7388385754778368,1.737885798002741,1.7341056893691198,1.71837292515937
2013-03-01,1.737101455396834,1.7423986596534031,1.7437554646747129,1.7429461996661533,1.7393982159989576,1.7240992292189905
2013-03-04,1.7426498311680358,1.7481836781273463,1.749764758269081,1.7490624921191291,1.7456845964416519,1.7306919284653925
2013-03-05,1.7566190908309869,1.7633833949624678,1.7661644244755605,1.7660480772889149,1.7636224373107436,1.75042692283318
2013-03-06,1.7558290612092544,1.7622296199545993,1.764648337301469,1.764352147090087,1.7616297737097841,1.7478571141137043
2013-03-07,1.7585744873593203,1.7651739982423984,1.767785629344568,1.7675832091113364,1.765012585875292,1.7515238211167825
2013-03-08,1.7616548238654879,1.7681613232743838,1.7706728538367458,1.7704179256884307,1.7677564576525218,1.754075025544524
2013-03-11,1.7657545903362424,1.7723798679277016,1.775000982409906,1.774797147950203,1.7722150560226237,1.7586693127732367
2013-03-12,1.7621393814152944,1.7684690004674306,1.7708023743764845,1.7704582670887923,1.7676485432650733,1.7536745263701203
2013-03-13,1.7623288282157277,1.7684067223216973,1.77048769097137,1.7700176632252684,1.766999231960932,1.7526156972038007
2013-03-14,1.7674765345352013,1.7736487101490503,1.7758123614194177,1.775379128026569,1.7724150675734764,1.7581132274064883
2013-03-15,1.7650376141146902,1.7709513015880525,1.7728617477731339,1.7723044427584336,1.7691380768839806,1.754451891065975
2013-03-18,1.7603215156616052,1.7663053141728051,1.7682966531947537,1.7677836846745298,1.7646967148576032,1.750188647537047
2013-03-19,1.7578188166040514,1.7637088074214642,1.7656119302257756,1.7650571487213755,1.7619041371931627,1.7472788076566688
2013-03-20,1.7661027937022267,1.7724323121933723,1.7747565829287437,1.7744045512226179,1.7715766698828495,1.757548046405939
2013-03-21,1.7542703712315872,1.7597268702724849,1.7612041307291098,1.7604402014756864,1.7569454478526287,1.7416681189732266
2013-03-22,1.7648474003589185,1.770987485525811,1.7731249863057155,1.7726809716821927,1.7697024046158045,1.7553848054780365
2013-03-25,1.760071826817101,1.7660279519564361,1.7679921572668478,1.7674658831300676,1.7643572027109276,1.749807831040854
2013-03-26,1.768144480077062,1.7742749136260683,1.776395264200525,1.7759398855396344,1.7729383135684305,1.758559821664856
2013-03-27,1.768795905627286,1.7750967009678016,1.777386102879129,1.7770143954182933,1.7741505165427212,1.7600384675033487
2013-03-28,1.7722293150748727,1.778637061815056,1.7810257226838475,1.780700534356742,1.7779093052976225,1.7639229805386738
2013-04-01,1.7657080651127117,1.7715349663515534,1.7733559976868483,1.77275318628282,1.7695100621432265,1.7546682553050612
2013-04-02,1.7733644364485102,1.7798428081889452,1.7822997059874142,1.7820075905919828,1.7792697390885865,1.7653827081007187
2013-04-03,1.761844382491256,1.7678129580586894,1.7697848647814807,1.769260635989021,1.7661526786787545,1.7515946706708265
2013-04-04,1.7643921540367318,1.7701659059088395,1.7719366356470359,1.7713098538927414,1.7680286693504468,1.7531184916117335
2013-04-05,1.7570015098787883,1.7620207267640642,1.7630516295643757,1.7620620558947786,1.7581889080387125,1.7421525587623647
2013-04-08,1.7640443006330764,1.7693104279848508,1.7705728940262264,1.7696928246716916,1.7659922384613178,1.7502607062820854
2013-04-09,1.7700190839305194,1.7758931447152613,1.7777516480454185,1.7771638423038139,1.7739401126276488,1.7591156668601922
2013-04-10,1.7887321097911841,1.7962503821928546,1.7997151056229994,1.7999126653404474,1.7979669583747666,1.7855606305774403
2013-04-11,1.790308005731342,1.7975966052886907,1.8008274182480517,1.8009069253397287,1.7987635343440038,1.7859617095348983
2013-04-12,1.788537983377283,1.7958689467854614,1.799146275199952,1.7992505050662244,1.7971503433765204,1.7844418490878058
2013-04-15,1.7628421518996622,1.769100813381276,1.7713613511816446,1.7709802735358497,1.7681083322941722,1.7540086864823736
2013-04-16,1.7792708362943275,1.7862864135030343,1.7892685769385566,1.7892334739593088,1.7869141343167616,1.7738200237677708
2013-04-17,1.7589527058429102,1.76442759945242,1.7659110192191811,1.7651455473339903,1.7616413858268958,1.746319759065537
2013-04-18,1.7471179894486357,1.7513144800601186,1.7515428511242863,1.750161334355686,1.7456510708768387,1.7284119130434776
2013-04-19,1.7601773523704352,1.7654822990770516,1.766792502902223,1.7659395610493915,1.7622888550055524,1.7466737726733663
2013-04-22,1.768772325448388,1.7750504241622782,1.7773169450094346,1.7769337764841313,1.7740508331959999,1.7599011250803216
2013-04-23,1.7804958814682252,1.7873415280737939,1.790150491005328,1.790027925419418,1.7875620529349034,1.7741745078506634
2013-04-24,1.7806162921774047,1.7873729571822223,1.790092413272292,1.7899250874398602,1.7873848683730347,1.7738508490790883
2013-04-25,1.7860685398445706,1.7932515970312717,1.796386227522805,1.7964213755967058,1.794209843755561,1.7812946555108644
2013-04-26,1.7831292817944102,1.7900295550019432,1.7928872996765701,1.792786818434819,1.7903542058453534,1.7770192856817526
2013-04-29,1.7926062272530348,1.8002397432133646,1.8038112099262171,1.8040587104358736,1.8021908608335595,1.7899187180739737
2013-04-30,1.7984052313400305,1.8067924145493701,1.8111064637890588,1.8117194934200351,1.810450166968189,1.79932471045591
2013-05-01,1.7903268690503877,1.7986453134874962,1.8029086632967193,1.803503248764155,1.8022133746246243,1.7910852946000566
2013-05-02,1.8035222249837874,1.8128495492921672,1.8180965936773756,1.819171436571617,1.818661987673589,1.8090062644143832
2013-05-03,1.8165964977050308,1.8268167053024782,1.8329311491060456,1.8344282375945802,1.8346030707974788,1.8262311013115031
2013-05-06,1.820508821166204,1.8310692232282317,1.8375165980479964,1.8391767044279679,1.8396171647451887,1.831749107015972
2013-05-07,1.823253236135247,1.8334488478960522,1.8395233427964133,1.840994756965967,1.8411185061595876,1.8326140781265705
2013-05-08,1.8291309203079715,1.8396574265043424,1.8460510093796019,1.8476768376308002,1.8480494325264674,1.840006465163869
2013-05-09,1.826554718851127,1.8370725113625346,1.8434632318137782,1.845089839760182,1.8454670052176754,1.8374453920605505
2013-05-10,1.8321426383115322,1.843248812273678,1.8502180484664108,1.8521289618743657,1.8529709556080374,1.8458371892578729
2013-05-13,1.8335243396853584,1.8447279673276833,1.8517919793896829,1.8537490693989112,1.8546659571023494,1.8476729326468944
2013-05-14,1.8429664637668426,1.8542364599146706,1.8613455656891635,1.86331708980065,1.8642459294036482,1.8572311199586884
2013-05-15,1.8475827401757416,1.8587936553390891,1.8658328246316787,1.8677654393645382,1.8686238203038967,1.861448218278748
2013-05-16,1.8439724868461407,1.855324770117353,1.8625142695160708,1.8645251053419067,1.865517921271159,1.8586241732200544
2013-05-17,1.856132330525402,1.868133152124626,1.8759465857120279,1.8782587857240256,1.8797363887844396,1.8737382292569553
2013-05-20,1.8550323460659113,1.866857666137395,1.8744972441186252,1.8767235076466788,1.8780598587790596,1.871789030997918
2013-05-21,1.8567433500145227,1.8686091600690329,1.8762855140821262,1.8785286876781573,1.8798909328100557,1.873662848120383
2013-05-22,1.8465760109476155,1.8577556803248985,1.864765752233629,1.8666846899211222,1.8675216478723253,1.860308721412122
2013-05-23,1.843331617647349,1.8543879061314796,1.8612814082464557,1.863144876345844,1.8638938832627092,1.8565234592616477
2013-05-24,1.8424661899948809,1.8535031292366115,1.8603791662403713,1.8622346490204578,1.862971501266644,1.8555813124344476
2013-05-28,1.8501232016871076,1.8616527023600256,1.8690062253831012,1.8710937513755244,1.8722060474461435,1.865517893299101
2013-05-29,1.8432290033011316,1.8545248868149604,1.8616594077127964,1.863643407188678,1.8645926214697328,1.857616644273929
2013-05-30,1.8486945815224953,1.8604628616813468,1.8680596178764128,1.870269919413246,1.8715878344264163,1.8653111377711917
2013-05-31,1.8341177563770377,1.8455454385325027,1.8528332591823147,1.8549016830618084,1.856002625485361,1.8493689242151152
2013-06-03,1.8385529911486715,1.8498865476354303,1.8570699538479647,1.8590825168589817,1.8600852744380494,1.8532376456801514
2013-06-04,1.8324289692465672,1.8433829838519296,1.8501980147657364,1.8520313830647952,1.8527439358658353,1.8453526332829222
2013-06-05,1.8159430521866908,1.8260593027483458,1.8320680603205735,1.83351187669178,1.833597598084046,1.825047625016406
2013-06-06,1.824184336887316,1.8344044138237967,1.840498807001372,1.8419784041271612,1.8421131232341625,1.8336203372735065
2013-06-07,1.8403169401335204,1.8515091490827218,1.8585460426261728,1.8604837153245888,1.8613596759396893,1.854253186836193
2013-06-10,1.8404336069140714,1.8516904112475991,1.8587921334050104,1.860762170105137,1.8616918055548795,1.8546907499952685
2013-06-11,1.8281222032609463,1.8387015010107937,1.8451488299977736,1.8468017744409442,1.8472197611919277,1.8392674468616599
2013-06-12,1.8159317321320274,1.825544941611235,1.831046773499948,1.8322367438296658,1.8319003159816425,1.8225167632481412
2013-06-13,1.832852253104178,1.8431612667551112,1.8493253066467625,1.8508323099597346,1.8510015553086783,1.8425353306209606
2013-06-14,1.824863321562637,1.8347168547396455,1.840440289401443,1.8417335344721053,1.8415574713626006,1.8324477118982205
2013-06-17,1.8354147098035298,1.8460363445968628,1.8525095289700269,1.8541691355006718,1.8545889033459015,1.8466050912403569
2013-06-18,1.8452802994455406,1.856482667579062,1.8635183576787622,1.86545114964192,1.8663126646466688,1.859153817682735
2013-06-19,1.8298798467579163,1.8404695998394516,1.8469234136941501,1.8485780906281133,1.8489967175219277,1.841037227980815
2013-06-20,1.800307216154632,1.8093289408462878,1.8142707075373037,1.8151936783963123,1.8144331340818074,1.8042870836849434
2013-06-21,1.7992019194518747,1.8073771718125355,1.8114684335500937,1.8119664453320645,1.8105005737547626,1.7989669941043993
2013-06-24,1.7857913703693953,1.7934630502287134,1.797077738826418,1.7973486535977465,1.7955222031761298,1.7833409656383938
2013-06-25,1.7957330609061288,1.803755455769208,1.8077006681405279,1.8081285319471299,1.8065504224147109,1.7948118579670618
2013-06-26,1.8069054520707377,1.8154658652054962,1.819927523705735,1.8206043810670745,1.8194261196566655,1.8084235061343936
2013-06-27,1.8128135829857719,1.821574582534137,1.8262247673209788,1.8269909415569447,1.8259536870867286,1.8152011573951445
2013-06-28,1.8111735426748239,1.8203422799333113,1.8254071528720042,1.8263824062443663,1.8256949561208193,1.815641072912971
2013-07-01,1.8185077584995728,1.8280946925691013,1.8335640231276162,1.8347355396898424,1.8343654724920524,1.8249043788963555
2013-07-02,1.8180651145662188,1.827770691731232,1.8333604073373837,1.8345925157029828,1.834323668892249,1.8250641629397977
2013-07-03,1.8209105787362039,1.8310841703912564,1.8371382274191144,1.8386001309698448,1.8387094013299257,1.830181340139388
2013-07-05,1.832096211760188,1.8426061648107035,1.8489729519246305,1.850581648688217,1.8509205284912453,1.8427912200363872
2013-07-08,1.8359183100303031,1.8462427589632777,1.8524141302515584,1.8539218017653147,1.854087987760006,1.8456000210494166
2013-07-09,1.8440702569616985,1.8547397845810547,1.8612396234356114,1.8629045684298071,1.8633216379285038,1.855288912773474
2013-07-10,1.847843811747262,1.8592241426545395,1.8664304648362258,1.8684455151574024,1.8694393818934238,1.8625251588158644
2013-07-11,1.8686342597277443,1.8817552345242476,1.8906650978997543,1.893514301180545,1.8958674027073479,1.8915318231989406
2013-07-12,1.871684948167887,1.885356263370034,1.8948128261463237,1.8979328398161464,1.9007319325872638,1.8972605632795885
2013-07-15,1.8755264868901649,1.8892652333402893,1.898780817526736,1.9019270471295,1.9047647975152597,1.901351160133182
2013-07-16,1.8723140410539516,1.8861038363881093,1.8956781589982046,1.89885652972041,1.9017517653923033,1.8984668320559284
2013-07-17,1.875535298322585,1.8895025263506344,1.8992479688778432,1.902509155562341,1.9055378642582355,1.9025004819652418
2013-07-18,1.8775204936212946,1.8908146533912373,1.8998783533181671,1.902796856091701,1.9052537613135168,1.9010800659831686
2013-07-19,1.8720590816735314,1.8838858561278236,1.8914857409323145,1.8936768071792283,1.8949322330997076,1.8884171582378269
2013-07-22,1.8751577342568508,1.8872499882087257,1.895109859638918,1.8974282943684033,1.8988913612166227,1.8927705794143692
2013-07-23,1.8691585848250025,1.8804206779387864,1.887459089806821,1.8893718274447824,1.8901685813711222,1.8827635867897035
2013-07-24,1.868988060258833,1.8808778645151043,1.888548217133224,1.8907771693746063,1.8920994439777934,1.88573084535197
2013-07-25,1.8742345582459947,1.8868224047598599,1.8951830190220926,1.8977526964512474,1.8996343096972446,1.8943427371372255
2013-07-26,1.8782902484531268,1.891511130330791,1.9004993365751175,1.9033794188297772,1.9057715185093316,1.9014664229923186
2013-07-29,1.8752854169468935,1.88843563457191,1.8973596451277386,1.9002102039079898,1.9025570856960754,1.8981773131650044
2013-07-30,1.8785319156371907,1.8923921575135307,1.9020230779860632,1.9052244087443593,1.9081498665342171,1.904894632008959
2013-07-31,1.8802983369575605,1.8943472001364983,1.9041638385898434,1.9074565378162998,1.9105315292767326,1.9075624801024533
2013-08-01,1.8938676772657135,1.9085803068549776,1.9190349750685742,1.922635631674014,1.9262056906571687,1.9241499161812914
2013-08-02,1.8986293128772733,1.9139717598858614,1.9250519311097984,1.9289623825194013,1.9330425642557207,1.9319749628251364
2013-08-05,1.898116392044292,1.9136315552612584,1.9248875008585555,1.9288866177658046,1.9331152069933006,1.932344242874315
2013-08-06,1.8907250317947708,1.905780193278428,1.9165884149172552,1.9203692489072566,1.9242435820091999,1.9228060742968553
2013-08-07,1.8873942696208261,1.9024101295371798,1.9131863933776332,1.9169540836571575,1.9208107880907062,1.9193543986807882
2013-08-08,1.8928280104858954,1.9082864076898778,1.9194973080093272,1.923478414588084,1.927683777327963,1.926892275393593
2013-08-09,1.888591271978026,1.9036704144486616,1.914507851620722,1.9183052036254793,1.9222097995835474,1.9208425658777961
2013-08-12,1.8893361058391676,1.904795060224755,1.9160146669932798,1.9200031789741154,1.924225362193105,1.9234840385241516
2013-08-13,1.8947381332282685,1.9107673351793748,1.9225507394766117,1.9268175201028526,1.9314964702156605,1.9316344730158286
2013-08-14,1.8891210221438708,1.9049493293690132,1.916542772467702,1.920719096544211,1.9252545198617839,1.9251351182243122
2013-08-15,1.8696463093792668,1.8840433039013065,1.894235419453596,1.8977253602516186,1.9011420035823374,1.8988989322598084
2013-08-16,1.867360964220816,1.8818958230187137,1.892232618645358,1.8957971598606203,1.899341047218842,1.8973612108442928
2013-08-19,1.8622231481917058,1.8769118831304037,1.8874161953921376,1.8910692783069158,1.8947673009185517,1.893117756047963
2013-08-20,1.8680857646963764,1.8830523136294581,1.8938237630784522,1.8976058230495956,1.9015112468092845,1.9002445303059323
2013-08-21,1.8621606073865504,1.8770298085551151,1.8877166784587223,1.8914614397917435,1.895312312661824,1.8939660395711408
2013-08-22,1.8736888672107468,1.889331640853059,1.9007735385741644,1.9048872194389512,1.9093380565971232,1.909125406541142
2013-08-23,1.8801114067650821,1.8964290614729893,1.9085381383772684,1.9129810870255395,1.9179723650403764,1.918799973892083
2013-08-26,1.878006891859581,1.8946202858939731,1.907033198234008,1.9116304687460381,1.9168816040659633,1.9182344336478643
2013-08-27,1.855154983729319,1.8699775917898585,1.8806337036692198,1.8843691182156947,1.8882134045888037,1.8868878568736944
2013-08-28,1.8596976725904644,1.8748211478586132,1.8857707767935805,1.8896495557053048,1.8937269113396638,1.8928414343343543
2013-08-29,1.865173447493542,1.8811097793638614,1.892868258393528,1.8971482315291928,1.9018870987274872,1.902286424650205
2013-08-30,1.859201986127266,1.8744714395762117,1.8855697764092785,1.8895236214139315,1.8937267008090273,1.893092815742011
2013-09-03,1.8654243006304698,1.8811868136040069,1.8927691955301276,1.8969606370618632,1.9015517574546505,1.901657400231146
2013-09-04,1.877190756723867,1.8938736403383887,1.9063601422235579,1.9109956013316678,1.9163122319931927,1.9178018707629256
2013-09-05,1.8790480667455691,1.8958815569902865,1.9085161660257386,1.913224422526406,1.9186600941776004,1.9203771718200595
2013-09-06,1.8800871264249384,1.8970477339836993,1.9098085901781179,1.9145793744349522,1.9201180095709,1.9220345497486717
2013-09-09,1.8931860226182375,1.9111669492588965,1.9249299809398983,1.9301928891448434,1.9365355646449425,1.9399856219971856
2013-09-10,1.90111297748086,1.9193032630390576,1.933259644996133,1.9386127855790471,1.9450957741942367,1.948786192728564
2013-09-11,1.9018841259067354,1.9196315191486293,1.933137742906157,1.9382640217908156,1.9443675972076049,1.9473007868901449
2013-09-12,1.8997765835104488,1.9175946663959607,1.9311773929990328,1.9363439514946263,1.942517428119707,1.945599621417657
2013-09-13,1.901756074544802,1.9195152986131578,1.9330337992597963,1.9381663586208528,1.944280575083483,1.9472355162039805
2013-09-16,1.9035966318562343,1.920665274485667,1.9334803679159744,1.938257883435352,1.943777493948995,1.9455426733320842
2013-09-17,1.9107235236382494,1.928422421983967,1.9418588251354905,1.9469423058811013,1.952963116232202,1.9556892323117279
2013-09-18,1.9260295987198268,1.9446439806074811,1.9589712560945238,1.9644890082834925,1.9712145167837574,1.9752661960997069
2013-09-19,1.9264925210141044,1.9455351607718074,1.9602948858187157,1.9660295245422703,1.9731162189402993,1.9778829662245712
2013-09-20,1.9195644122869775,1.9385709622775484,1.9533103990516114,1.9590408910587962,1.9661295837752117,1.9709337705444037
2013-09-23,1.915255261728267,1.9342622607567164,1.9490122569339245,1.954751816048911,1.9618611784836548,1.966727232944329
2013-09-24,1.9137389408208165,1.9328860346459626,1.947781407673177,1.9535953370840133,1.9608307055216807,1.9659543297546993
2013-09-25,1.9096624843274208,1.9285149624545588,1.9431216485382712,1.9487940812353526,1.9557986691809535,1.9604836642986663
2013-09-26,1.917139307700396,1.936817370526095,1.952242281685125,1.9583193171613356,1.9659891888379355,1.9719592957934184
2013-09-27,1.9133603732429563,1.9331390141823792,1.9486746043247085,1.9548105506410147,1.9625835524968869,1.9687767295958973
2013-09-30,1.9083873261918518,1.9281530595088896,1.9436872446238351,1.9498268258481755,1.957612290465459,1.9638542438822522
2013-10-01,1.9199865008694963,1.94065291838859,1.9570736264197213,1.9636500597444184,1.9721515783999088,1.9797681454346012
2013-10-02,1.919139150179742,1.9398091444790249,1.9562355070018742,1.9628155383619297,1.9713241748478498,1.978959068016207
2013-10-03,1.9057331232069998,1.925345325895516,1.9407288694885683,1.946795325270103,1.9544625993431084,1.9604840536138988
2013-10-04,1.9160248851165718,1.9363660899040263,1.952465807005519,1.9588840104539653,1.9671260905998498,1.9742443070779943
2013-10-07,1.905175548242792,1.9248871967978651,1.9403731129186146,1.9464916421071783,1.9542467165013848,1.960446064854544
2013-10-08,1.8855339980598944,1.903310742876075,1.9168775066831025,1.9220464303552964,1.928239130007524,1.9314168209774696
2013-10-09,1.883914012125921,1.9012511092043027,1.914375026099939,1.9193222527160896,1.9251463424684065,1.9275964649608004
2013-10-10,1.9104342824315008,1.9293511271402513,1.9440169354621242,1.949717603755705,1.9567671085047356,1.9615331002137637
2013-10-11,1.919421807175409,1.9390393299796438,1.9543956424453484,1.960436277735138,1.9680425843753029,1.9738757646952116
2013-10-14,1.926513104470104,1.9468566548263033,1.9629337490557148,1.9693312829244678,1.9775251684807473,1.9844961741139855
2013-10-15,1.919319095517306,1.9395571289643665,1.9555441635133537,1.9619026797978667,1.9700406713193686,1.9769351742693693
2013-10-16,1.9356868045443503,1.9566406196844812,1.9733159086592882,1.9800067347359878,1.9886791319834034,1.9965602146563763
2013-10-17,1.9437500312805187,1.9650972080207205,1.9821529522901318,1.9890283438460394,1.9979988863796359,2.0064355826963975
2013-10-18,1.9588845595557385,1.9820619214959871,2.000941163251544,2.008721948466845,2.019186793723684,2.030531267911109
2013-10-21,1.9603740699152872,1.983856397590005,2.0030419520914444,2.0109757567659567,2.0216945408143965,2.0335384257108755
2013-10-22,1.9651646607126478,1.9885058609099198,2.0075365993909324,2.015388165176138,2.0259632054160037,2.0374969725941914
2013-10-23,1.9579525593527527,1.9807254742046896,1.9991959947839033,2.0067716691005932,2.0168947451756516,2.0275618548932064
2013-10-24,1.96291234570291,1.986115575858854,2.0050114982346625,2.0127971276604772,2.023264838360256,2.034595424019766
2013-10-25,1.9708384146610083,1.9947652158369709,2.0143774337173186,2.0225169634215145,2.033566154415026,2.0460183340174503
2013-10-28,1.9720589689231338,1.9959239377707891,2.015470420123311,2.023575749986524,2.034566166645152,2.0468951379620317
2013-10-29,1.9766069846831091,2.0004018045080434,2.0198661676905516,2.0279261014972527,2.0388346971388867,2.0509782804332874
2013-10-30,1.9726315972604924,1.9965913305342147,2.0162327341395576,2.0243853840364516,2.0354541836401783,2.0479367580148224
2013-10-31,1.9692060407519194,1.9930119834438842,2.0125052935501477,2.020586354335696,2.0315398968909326,2.043809183588099
2013-11-01,1.970940482366235,1.9946439156057392,2.0140276203343563,2.0220514275297727,2.03290623822288,2.0449672973748654
2013-11-04,1.9742056055142618,1.997906952988976,2.0172805921664256,2.025296380708038,2.036133448233863,2.0481428692913757
2013-11-05,1.9728260857616569,1.99686641374233,2.0165891383753496,2.0247825506363424,2.0359192002053508,2.0485359801069047
2013-11-06,1.9761734669136874,1.9998680680716805,2.019230042262337,2.0272381692077346,2.0380598008968414,2.0500285935025935
2013-11-07,1.955315478138242,1.9771160051052332,1.9945968937782814,2.001673287598003,2.0109604544678223,2.019955764406903
2013-11-08,1.972837074540021,1.9957227264987472,2.0142677522344785,2.0218660912420097,2.032005157183897,2.042622034584823
2013-11-11,1.9720640057943926,1.9947059973110326,2.013004389444644,2.020478804708194,2.0304111456055964,2.0406174073264722
2013-11-12,1.9717482373491029,1.9947307520230981,2.0133772167685313,2.0210277885125323,2.0312558506185883,2.042056496407201
2013-11-13,1.9849670619386903,2.009177244228627,2.02904368849803,2.037298813733875,2.0485229255099626,2.0612552914164874
2013-11-14,1.9902054632943456,2.0145745441585357,2.034590315846477,2.0429161875042965,2.054251997122299,2.0671825033524986
2013-11-15,1.9943853676847745,2.018767218777679,2.038785852736737,2.0471094161969985,2.0584358505857314,2.0713269919933475
2013-11-18,1.9855419281966906,2.0087395788476288,2.0275719285921925,2.0353040339847945,2.0456506083150097,2.056620952416671
2013-11-19,1.9821856752506486,2.0051049973569666,2.0236616352583776,2.031257444603966,2.04137995579929,2.051917639186265
2013-11-20,1.9785112382906038,2.0012767111637104,2.0196853692003445,2.027209708241217,2.03721724802215,2.047542531913381
2013-11-21,1.9906820979691182,2.014383871919972,2.033717888017218,2.041698856589989,2.052455849600263,2.0642236608739717
2013-11-22,1.997461640615433,2.0216418862845016,2.04144742060074,2.049660546712684,2.0607977939950666,2.073294534308113
2013-11-25,1.9983720768003272,2.022951995601053,2.043162949336854,2.0515801065238346,2.0630581882704813,2.076233716392439
2013-11-26,2.0020411664968645,2.027352228954439,2.048299967190557,2.0570861085338334,2.069177915134819,2.0835657163514996
2013-11-27,2.0084982425373696,2.0346530510003147,2.0564456404173805,2.065652865253793,2.078442062653837,2.0941961410690557
2013-11-29,2.0117995500687464,2.0388864935404296,2.0616217558502843,2.071302325721403,2.084880680955684,2.10220053159526
2013-12-02,2.008232088687473,2.035037864702584,2.0574945120917754,2.0670373120349215,2.08038911740239,2.097271247064576
2013-12-03,2.0049411052429393,2.0318695555334734,2.0544597382404968,2.0640731237434444,2.0775478274857897,2.0946934174490157
2013-12-04,2.005492197757224,2.0325622935047525,2.0552959379199547,2.064981442731054,2.0785765090848773,2.095961393487222
2013-12-05,2.0017053107356,2.028846662842712,2.0516624945774633,2.061393043276688,2.0750687806120505,2.092634674001214
2013-12-06,2.013963392064827,2.0415018276786223,2.0646934286300915,2.0746030530934947,2.0885631701972205,2.1066400717810545
2013-12-09,2.0184037396825008,2.046384134262181,2.0700166548560697,2.080145437420373,2.0944676365242776,2.113250589287738
2013-12-10,2.015379349849076,2.043482731626909,2.067248450372735,2.077447405592924,2.0918914551161705,2.1109344379057364
2013-12-11,1.9993260082601243,2.0262008050212557,2.048749971837344,2.058347697141872,2.071803575523419,2.0889391765335428
2013-12-12,1.9954201407227703,2.022115027287878,2.044489878933702,2.054002915169063,2.0673217878510464,2.084201276482094
2013-12-13,1.9944863530607264,2.021001840730481,2.043195574361521,2.052617777461957,2.065785374191683,2.0823653059455856
2013-12-16,2.002126571586892,2.0290882103566075,2.0517192626535437,2.061355893593965,2.0748733729660365,2.092118945182607
2013-12-17,1.998685590416598,2.025545330501885,2.0480806816953687,2.0576719954522504,2.071117960129761,2.088236804486506
2013-12-18,2.017873632875971,2.045401384393363,2.0685724238035723,2.078468087147569,2.0923995603342935,2.11039945859696
2013-12-19,2.0152194325831605,2.0424098395620613,2.0652425158888414,2.0749693121421555,2.0886207710019815,2.106070778594357
2013-12-20,2.0258230892179627,2.054161491930314,2.078141757143406,2.0884398260233574,2.1030364043341616,2.1223342687267293
2013-12-23,2.0365740073396053,2.0661381827284027,2.0913451939529857,2.10225447083931,2.1178630283045403,2.1391424625025564
2013-12-24,2.038377728192999,2.0678788748877412,2.093016998981205,2.1038897664453895,2.1194346213648956,2.140577009046272
2013-12-26,2.044117065174138,2.073805656799315,2.0991212805184114,2.1100786830974494,2.125758014071234,2.1471423285743216
2013-12-27,2.0425011780862126,2.071807055704865,2.096735370800226,2.1074981867227445,2.122852936316818,2.143592590392955
2013-12-30,2.0413699938799486,2.070465247423767,2.09518100604397,2.105837254101286,2.121014570109994,2.1414030482417
2013-12-31,2.0487885315410637,2.0785914780303596,2.104012505294088,2.115019018375246,2.130774596510003,2.1522890486188007
2014-01-02,2.036806288392935,2.066015593071926,2.090859365227308,2.101584619660869,2.116883964577045,2.1375408086853476
2014-01-03,2.031943526181405,2.0600850531367256,2.0838474242965788,2.094029060285183,2.1084211344590047,2.1272741387578376
2014-01-06,2.0273442038989318,2.0551286873745935,2.07853685978115,2.088543195136843,2.102646763230061,2.1209414036633567
2014-01-07,2.037860703559728,2.0666230758940753,2.091006523541395,2.101497511243478,2.116401656633233,2.136256920801016
2014-01-08,2.0394867638469947,2.0685573370564425,2.09325236404309,2.103899776040869,2.1190646814859413,2.1394372492250455
2014-01-09,2.03752649426096,2.066081267261774,2.090252945694493,2.1006369111388947,2.115361607064525,2.1348569550597594
2014-01-10,2.0417034918481716,2.0705572939248276,2.095024810066648,2.105554884630046,2.1205195835187385,2.140477672006625
2014-01-13,2.022601828499255,2.050065536434509,2.073157007862456,2.0830071781889736,2.0968545975484685,2.1146567874984354
2014-01-14,2.042686120693256,2.072282762397496,2.097508569736491,2.1084220596695085,2.1240299375735563,2.145279104871396
2014-01-15,2.0519510810303543,2.082445251815667,2.1085671533886656,2.1199263119062426,2.136270914928952,2.158958295421685
2014-01-16,2.0511403482789787,2.0817287847927033,2.107949241007825,2.119359091539806,2.1357899907436835,2.1586553037622225
2014-01-17,2.0442156702312033,2.074223564551353,2.099866725985875,2.1109903371795933,2.1269493654641973,2.148898451940991
2014-01-21,2.0515744649826706,2.0825274856903784,2.1091202295498475,2.1207183644337793,2.1374651753899596,2.1609648729326225
2014-01-22,2.0538074132446495,2.085110378981243,2.1120559416294498,2.1238308457038846,2.1408718019630357,2.164953042792298
2014-01-23,2.0458843849923602,2.077167099433931,2.1041116419646295,2.1158932876903243,2.1329561921820512,2.1571212219085094
2014-01-24,2.0177673323883902,2.0473798570154447,2.07268394863305,2.0836599437388306,2.0994062770382644,2.121058860393799
2014-01-27,2.0079765367030005,2.036453374307409,2.060618784547717,2.071026645289081,2.085831101233807,2.1056347218312172
2014-01-28,2.0115116735782537,2.0395624524838976,2.0632827406681025,2.0734617668459734,2.08787683048765,2.106878184954782
2014-01-29,1.998137668451717,2.0251752885776395,2.047891293697463,2.0575735837401843,2.071171586779572,2.0885933732116553
2014-01-30,2.017307758442191,2.046392231344769,2.071156692737868,2.081859614588036,2.0971475457611133,2.117878758067186
2014-01-31,2.0114840934062066,2.0405313590265406,2.0652722108324557,2.075968502257733,2.091253091185831,2.11200664963048
2014-02-03,1.9809809319112217,2.0079974306944677,2.0307345500506595,2.040443275975507,2.0541087290692395,2.071752192978861
2014-02-04,1.9905422217020037,2.0181938097059224,2.0415575088100995,2.0515750317007977,2.0657467328011667,2.084362495548382
2014-02-05,1.9878567922135961,2.015221455143954,2.0382980069729424,2.048172461388088,2.0621072761111816,2.080259145198254
2014-02-06,2.0049524191802917,2.033384781443201,2.057512185031895,2.0679035590367008,2.08268436160954,2.102455451894887
2014-02-07,2.0252813215709224,2.0555652034038965,2.0815380954077662,2.092846155041033,2.109140581365311,2.1318599676896532
2014-02-10,2.030266953178388,2.061300283504613,2.0880282526832725,2.099714424124605,2.1166377400361487,2.140599381796103
2014-02-11,2.0454612378015486,2.0775385888727165,2.1052978927533834,2.1174928340592607,2.135250986201643,2.160818873181273
2014-02-12,2.047268593814654,2.0795910034000897,2.1075967655195758,2.119914958125854,2.1378778622881813,2.163849279679819
2014-02-13,2.0559406170215726,2.0890701195662436,2.1178808172104597,2.1305990134044217,2.149222666350818,2.1764821260741494
2014-02-14,2.0611427821488357,2.094245395089814,2.1230156108685763,2.1357085252707275,2.1542827125400126,2.181416529535353
2014-02-18,2.0652474796813745,2.0990342087321734,2.1284947892524317,2.1415338256712446,2.1606843110260416,2.188958815422006
2014-02-19,2.0559782588812343,2.089104483316378,2.1179117302964907,2.130628143187518,2.1492487481465212,2.1765018785388004
2014-02-20,2.0633110570576028,2.096793042342602,2.125946364254396,2.1388314535197424,2.157725763042639,2.185493767694027
2014-02-21,2.061440738607441,2.094801443830187,2.123835221287416,2.1366614377789164,2.1554592936378025,2.1830422924446786
2014-02-24,2.069159858926456,2.1029845718618763,2.1324743146779532,2.1455245469529878,2.164688609943162,2.1929709373880755
2014-02-25,2.0681184163786384,2.101797134905979,2.13113996159298,2.1441166896596684,2.1631585945122267,2.1911999856299245
2014-02-26,2.067533927573585,2.1010741871274066,2.1302766773621595,2.1431828172715734,2.162106853391715,2.189913669328449
2014-02-27,2.075593151130026,2.109817425633089,2.139700336486944,2.1529439362377816,2.1724244122060314,2.201312158263218
2014-02-28,2.076726858506589,2.1106146537407335,2.140150167009518,2.1532166645778035,2.172397930253011,2.2006771373358336
2014-03-03,2.066536931498657,2.0997174206501037,2.1285544226017103,2.141276416947889,2.1598925176736627,2.187084839612215
2014-03-04,2.076460661497039,2.1114616593102826,2.142143939752326,2.155794181486194,2.175960480313007,2.2062389096686212
2014-03-05,2.0801245707537688,2.1153975312705597,2.1463499277485587,2.160133984455523,2.180520715423271,2.2112265611984303
2014-03-06,2.0878798696034027,2.12230202416701,2.1523605250127416,2.165683191299357,2.1852821029852234,2.2143547148394913
2014-03-07,2.0790095974626954,2.1131369041430506,2.1429150141013684,2.1561035047937027,2.1754884695032586,2.2041731691648474
2014-03-10,2.0794633144126475,2.1137391090887045,2.143668631861532,2.1569336256847795,2.1764468487843156,2.2053887445192175
2014-03-11,2.0768653063998883,2.110450106125963,2.139676260573296,2.152586326827671,2.1715051813958683,2.199257702646222
2014-03-12,2.089710357702334,2.1229923410500726,2.1518746987677564,2.1645981064855837,2.1831850188472277,2.210200854662062
2014-03-13,2.0744391689195343,2.1060304492007282,2.133214497119437,2.1450893175099406,2.1622675112771854,2.18651058252622
2014-03-14,2.0725239518918723,2.102850755259084,2.128740464733585,2.1399594726055113,2.15603549956913,2.178058347283092
2014-03-17,2.077012287028297,2.108781464849969,2.136141753638587,2.1481037130299736,2.1654251950041155,2.1899451309075406
2014-03-18,2.084866859793538,2.1184930795886863,2.147741445170869,2.160655327356352,2.1795697096369953,2.2072726345040468
2014-03-19,2.0640002680553273,2.0982642203751443,2.1282208954844384,2.141514117470499,2.1610959588952956,2.190255043922297
2014-03-20,2.0687625615620693,2.1032044905061,2.13333192103037,2.1467074517111504,2.1664214619235285,2.1958238208755647
2014-03-21,2.0609309929382165,2.093498848987756,2.121720645510409,2.1341353118291,2.1522413275106222,2.1784300419477014
2014-03-24,2.0399355676117974,2.072468859902712,2.1007085311911653,2.113151876031635,2.1313348055069126,2.157785528200553
2014-03-25,2.046675811854154,2.0793131220423544,2.1076425289799627,2.120125173486056,2.1383651245464255,2.164897058353281
2014-03-26,2.0275988887847514,2.0591926470364927,2.0864983480720753,2.0984786960357007,2.1158984714457625,2.140867679737189
2014-03-27,2.0180315234631454,2.0492937930634403,2.076283228617613,2.08811182524523,2.1052889953961182,2.1298158419323863
2014-03-28,2.0225846610319653,2.0538564017078538,2.080843990605723,2.092667399133706,2.109829626687718,2.134303167953679
2014-03-31,2.02801862264464,2.060280615347196,2.0882718380332754,2.10060007960025,2.118605341663909,2.144756992848481
2014-04-01,2.0435961450152367,2.0781383108090346,2.1084330699293687,2.1219172339525736,2.141848726669141,2.171819376851545
2014-04-02,2.047640266402831,2.082376061456928,2.112859513141883,2.126435780064054,2.1465169352666655,2.176769953726389
2014-04-03,2.041424511565699,2.075026775386851,2.104361138070061,2.1173593154469454,2.1364749643386305,2.164805552972411
2014-04-04,2.015071561050405,2.0453922465715677,2.0714212747776113,2.08276450643193,2.0991277910978883,2.1220219123218924
2014-04-07,2.001325266548168,2.0308979646567296,2.056193298545524,2.0671765570265226,2.0829520947815103,2.104726481075305
2014-04-08,2.0101458412159814,2.0408171192797533,2.0672189902257876,2.078756281584473,2.095453241782134,2.1190476296614813
2014-04-09,2.0287160867724197,2.061270669261116,2.0895607028457346,2.102040091069304,2.1202989994810144,2.146960208594043
2014-04-10,1.993602479981251,2.0227799904563644,2.04768885995992,2.058482957573499,2.073950323492757,2.0951402154932146
2014-04-11,1.9800293506682591,2.0080454973113513,2.0317954094247805,2.0420132787330454,2.056528308174502,2.0758597428845738
2014-04-14,1.9902698776077374,2.0189584560015725,2.0433733418610296,2.053919540933872,2.068973784634088,2.089344518351961
2014-04-15,1.996973706146585,2.025745864361456,2.0502295735711242,2.0608044795607827,2.075897946917087,2.0963140553399238
2014-04-16,2.0126352410741024,2.042718676904711,2.068510090226567,2.0797348570243424,2.0959018710411352,2.1184111444858438
2014-04-17,2.013875975036472,2.0439002241727375,2.06962765260908,2.0808187465920813,2.0969273354901827,2.119312076608655
2014-04-21,2.0209979041249975,2.051914195733569,2.0785402305033567,2.0901812868387037,2.107038273511989,2.130901471052847
2014-04-22,2.0292258364851965,2.061056826062373,2.0886019336235417,2.1007023185381017,2.1183219751354785,2.143686902448907
2014-04-23,2.0218633747341768,2.0525181405183326,2.078873204411029,2.090375760708244,2.106998217863498,2.130382392475169
2014-04-24,2.0296192560703434,2.061557345839123,2.0892115172126378,2.101366954178058,2.1190788276471673,2.14462838473626
2014-04-25,2.013290041102244,2.043340960929705,2.069097290548895,2.0803036179664867,2.0964386717256187,2.1188799436489067
2014-04-28,2.0175745596152606,2.047915906980433,2.073959795476574,2.085308239089068,2.101676891445626,2.124569179298139
2014-04-29,2.0260233394312825,2.0572605330129208,2.084203558207787,2.096000993676618,2.113114599132644,2.1374716418129696
2014-04-30,2.0298147239168074,2.0612671823967914,2.088421778419427,2.100323178347459,2.1176067756984884,2.1422886106178343
2014-05-01,2.0317342583269467,2.063631698200393,2.091238830593158,2.1033684347957715,2.1210339692943005,2.146479283261512
2014-05-02,2.029674644927999,2.0613722227473756,2.0887793868080577,2.100809373003777,2.118309980559015,2.1434323633727996
2014-05-05,2.0345263570778584,2.0668908319179367,2.094970358551207,2.1073372211887693,2.125398426226412,2.151629323579922
2014-05-06,2.0196649712200854,2.0506206475955393,2.077291495329307,2.0889569253434,2.1058573302569443,2.1298171956585796
2014-05-07,2.0216870731891516,2.051879860977308,2.077762416474087,2.08902572205513,2.10524634968582,2.1278221236197425
2014-05-08,2.0203496950570923,2.050469093912684,2.0762796911427355,2.087507703279084,2.1036707237283307,2.1261368214609493
2014-05-09,2.0239792745398013,2.054540637043412,2.0807957722670674,2.092246121106603,2.1087785530436802,2.1319729342240468
2014-05-12,2.04147008109259,2.0738974506660544,2.102023982774797,2.114408260807909,2.1324893668281213,2.1587254272107366
2014-05-13,2.0426933333870485,2.075156877692256,2.103317452783446,2.115717879265135,2.1338245139600662,2.160105993635551
2014-05-14,2.035899695375475,2.0678632962399828,2.0955278140392517,2.1076826850872723,2.125385108818322,2.15088394774936
2014-05-15,2.024594673902463,2.0559042469917794,2.0829259353499556,2.0947649204882977,2.111950842293712,2.136462869499352
2014-05-16,2.031339580859804,2.0634123434258793,2.091200459512728,2.1034223226607365,2.1212437237274475,2.147006048680207
2014-05-19,2.038537880060936,2.071429227168492,2.100039492592733,2.1126721044960135,2.1311752941055375,2.1582792222682947
2014-05-20,2.0317842834047912,2.0645021533446717,2.0929514090003396,2.1055085445764457,2.1238938213861616,2.1507935371816407
2014-05-21,2.0438134247790796,2.077476567671998,2.1068658123133415,2.119889040202178,2.1390427304975765,2.167434734566784
2014-05-22,2.048483359485338,2.0826640088538753,2.1125727121607385,2.125855350271656,2.1454394592070365,2.1746777941749458
2014-05-23,2.056391253093614,2.091423725176601,2.1221869052819438,2.135896046775189,2.156187506736275,2.1868155259591386
2014-05-27,2.0691107349472944,2.105688846882622,2.138006603910096,2.1524932459089574,2.1740764829985793,2.207251063068022
2014-05-28,2.0665904273395435,2.1027254446971204,2.1345946971682754,2.1488559579214925,2.1700631526876895,2.202490447245152
2014-05-29,2.074487364176144,2.111310231616587,2.143865655037953,2.158467974104473,2.1802386757738548,2.2137649899045377
2014-05-30,2.0758278301195254,2.112559143720611,2.1450171880973947,2.159568818778651,2.181252360739371,2.2145957504954468
2014-06-02,2.0757748856527627,2.112301245251369,2.144546182561893,2.158989643933523,2.180491115164505,2.213466700957596
2014-06-03,2.0751129349032453,2.111602413836992,2.1438110583934726,2.1582366673369657,2.179708919210339,2.212628562879538
2014-06-04,2.07908811950095,2.116029882517191,2.148694391630865,2.163348376418962,2.1852006522759675,2.218871763974324
2014-06-05,2.089443181783208,2.127295565032415,2.1608717782725253,2.1759802101738117,2.1985853048633524,2.2337322705942153
2014-06-06,2.096795476998471,2.1352557695312315,2.169439470890267,2.184850279442396,2.207955637281289,2.244080908533902
2014-06-09,2.0971345457896904,2.1354044623375286,2.1693910391427424,2.184701132171629,2.207635991829035,2.2434131736027045
2014-06-10,2.0984183164479977,2.136950365977735,2.1712038081142455,2.1866485878371495,2.2098090425610177,2.2460378684942617
2014-06-11,2.0956743603397374,2.134390711353563,2.1688412804137527,2.184389068902002,2.2077272320778896,2.2443311921974334
2014-06-12,2.0845106818077834,2.1222225237998154,2.1556667134825025,2.1707126089454887,2.193218977985416,2.228190826335123
2014-06-13,2.088521836722755,2.126521039035403,2.1602509945977864,2.1754386031016155,2.198178642480775,2.233604477971478
2014-06-16,2.0898536782835793,2.127925974663978,2.1617278072329316,2.1769507521971385,2.1997485973438335,2.235284990410074
2014-06-17,2.0920183755060964,2.1300243639300556,2.163752207226872,2.178935407528191,2.2016631505745687,2.237045981900167
2014-06-18,2.1012414465931313,2.1396749921968565,2.1738195421251265,2.1892061741458084,2.2122645447150013,2.248271447690895
2014-06-19,2.101576481794413,2.1398431273918117,2.173814762535029,2.189113012522738,2.2120217118460856,2.247722852929442
2014-06-20,2.103836142320067,2.142165674424957,2.1761962478292,2.191522360502248,2.2144749602644858,2.2502536290705493
2014-06-23,2.1037715325589623,2.142152826444451,2.176236924674807,2.191590358259029,2.2145891707457888,2.2504620468492176
2014-06-24,2.0988328906648483,2.1374205363176095,2.1717302076238063,2.187203228838871,2.210410785131223,2.246733153535811
2014-06-25,2.1063357693036204,2.1456611346543597,2.1807117116662487,2.196554913446723,2.2203769900496075,2.257908983922325
2014-06-26,2.106210698630589,2.145662511534489,2.180843757661449,2.1967536263227556,2.220688423257249,2.2584500363415407
2014-06-27,2.110846679633293,2.150859645660547,2.186607258409477,2.202801150052427,2.2272089967663127,2.265907639150542
2014-06-30,2.1115497510208208,2.1518746581154216,2.187941991395362,2.2042980414849525,2.2289786671536556,2.268227794409628
2014-07-01,2.120996453020633,2.162901089891628,2.200575576807537,2.2177418268089593,2.2437788021295564,2.2857426696179655
2014-07-02,2.1229113152884644,2.1650236472472995,2.202907779801653,2.220179177440181,2.246391310154403,2.2887022841888873
2014-07-03,2.127909603116675,2.170981249489266,2.209843957747037,2.2276099938761242,2.254651780872729,2.2986282265972484
2014-07-07,2.122491196815461,2.16534724509674,2.204001474926257,2.2216663690549385,2.248544732293042,2.292216375689818
2014-07-08,2.109604096836689,2.1508948158803407,2.18796489874954,2.2048337250987498,2.230383701432179,2.2714143245402885
2014-07-09,2.1222403650072295,2.1640880093458708,2.2017002522861,2.2188335198954583,2.2448129422114906,2.2866529319325495
2014-07-10,2.1210490889887446,2.1623090310203397,2.1993167850358595,2.2161426573997893,2.241603777702364,2.2823931821425862
2014-07-11,2.1279028011188834,2.169991652913999,2.2078382030394934,2.225085559147998,2.2512499601162537,2.2934374231513615
2014-07-14,2.118871980654289,2.1630104321184564,2.203000270318245,2.2213504333419962,2.249393114269464,2.295457824689725
2014-07-15,2.1085218325553896,2.1527606243615685,2.192881799247505,2.211309074974572,2.2394968453212445,2.285911692745554
2014-07-16,2.1164089756778113,2.160865255779302,2.2011902831167545,2.2197139368514396,2.2480535788062443,2.294736722804714
2014-07-17,2.1105027904977094,2.152542555979944,2.190384732008278,2.2076467900819026,2.2338606828642638,2.276240338611361
2014-07-18,2.1236181642559164,2.1680047958062714,2.2082385929122696,2.2267086627977677,2.2549474612334794,2.30138716394895
2014-07-21,2.1225484048644137,2.1667490259110203,2.2067933458931877,2.225167740434104,2.253246208871145,2.299364605319573
2014-07-22,2.1268957713391106,2.1721322981212525,2.2132361216578516,2.2321470969261683,2.261127089946012,2.3090609185575994
2014-07-23,2.132452032170265,2.178647394490051,2.2207278113191498,2.24013187012749,2.2699380975202175,2.319527497490755
2014-07-24,2.124672445406814,2.1712590393152573,2.213764712718943,2.2333934105598683,2.263590644423767,2.3140181294881526
2014-07-25,2.1264190809592307,2.1719923052917722,2.213445533288383,2.232535322127446,2.261818469533298,2.3103729403337554
2014-07-28,2.1257745041976777,2.1714695647807556,2.213050485438872,2.23220608091835,2.261601458512109,2.3103881516136413
2014-07-29,2.1193568929339266,2.1651933055597476,2.2069374854896164,2.2261826608346658,2.255738652438257,2.3048865083071157
2014-07-30,2.120269342628981,2.1668994725713375,2.2094618971666726,2.2291238483721756,2.2593835640621243,2.3099615494631762
2014-07-31,2.0837077814292333,2.128875838774885,2.170023984221035,2.1889996161106327,2.2181500954584483,2.266658107568529
2014-08-01,2.0839260541048064,2.1282743802289428,2.1685746652492415,2.1871174156490727,2.2155354947952097,2.26254961767627
2014-08-04,2.0937083560247984,2.1387266695629945,2.179695518672106,2.198570727303985,2.227538427658145,2.2756260679675906
2014-08-05,2.0814193255237408,2.125790413775557,2.166121227337531,2.1846821184586047,2.2131346090966946,2.260232728696701
2014-08-06,2.081122778240039,2.125360527413098,2.1655537425819493,2.1840444894320035,2.212378447344118,2.2592352929708155
2014-08-07,2.075321048408559,2.119353556324487,2.159349687397251,2.177745354107569,2.2059264933876803,2.2525014376953996
2014-08-08,2.0881316982372238,2.132657026790729,2.1731294755133392,2.1917561479258736,2.220310442500746,2.26758103580715
2014-08-11,2.094258076727472,2.1395464586587933,2.180794143229879,2.1998115466363584,2.229019608462257,2.2775967835499946
2014-08-12,2.0929903757115564,2.138291305918472,2.1795555058653138,2.1985826344843606,2.2278090335251064,2.2764306024610024
2014-08-13,2.1052742407034315,2.1518517029654105,2.194407214160285,2.2140831002525925,2.2443919231227603,2.295165243797131
2014-08-14,2.1121088967545623,2.1592574662703097,2.202387011124316,2.2223499159481754,2.2531355812775398,2.304849159362699
2014-08-15,2.115561740298194,2.163487260860855,2.2074138273663566,2.227781295353288,2.259248074719667,2.312338653536991
2014-08-18,2.126827933107972,2.1755282544670917,2.2202281036637475,2.2409801519513364,2.273082793278105,2.327415609205833
2014-08-19,2.1347291137140334,2.1840266704727114,2.229324740355499,2.2503751207588154,2.2829722410949493,2.3382757121869635
2014-08-20,2.1364909502476515,2.185646221938098,2.230791741043245,2.251762259739799,2.284221373596269,2.339232593475755
2014-08-21,2.1402022376544787,2.189507072184603,2.234797631663656,2.2558386824017287,2.2884120212807613,2.3436373140909335
2014-08-22,2.1401824638370055,2.189825844678741,2.2354678917452997,2.2566889011459805,2.289567476746621,2.3454182960548917
2014-08-25,2.1463940152898724,2.196321875624381,2.24224213317886,2.2635993434720176,2.296699882142108,2.3529720722203553
2014-08-26,2.1475961763285483,2.1976515461038884,2.243700857733707,2.265122930611394,2.298331727474787,2.354819266240862
2014-08-27,2.1473027808325025,2.197426779179323,2.2435481393379693,2.2650073904119696,2.2982796677240445,2.354898854620345
2014-08-28,2.146250847140918,2.1962126991735245,2.2421686364098994,2.263544255860169,2.296676224444138,2.35301358377872
2014-08-29,2.151020305943727,2.201428015498947,2.2478336536204164,2.269434711099152,2.302942084921887,2.36002297292388
2014-09-02,2.1493225525622948,2.2005081102884434,2.247728299352822,2.26974897343149,2.3039718640600926,2.3625331782823875
2014-09-03,2.147638994754506,2.1976576080636114,2.2436660130084256,2.2650661027253265,2.2982360495768557,2.3546378732346844
2014-09-04,2.1420178922666313,2.1922808155646516,2.238559991853468,2.2601049726482323,2.2935297918753683,2.350487798792631
2014-09-05,2.152227673643896,2.2027880418455386,2.2493481370654536,2.271026795208603,2.304663629449794,2.3620016690471157
2014-09-08,2.1439117147601934,2.195545279094508,2.243248002115621,2.265522103191663,2.3001841452659515,2.3596800504982918
2014-09-09,2.1342488375109117,2.1848151063173455,2.23143274065808,2.253159602710192,2.286905433442997,2.3445677786764954
2014-09-10,2.139219744077695,2.1912007285769572,2.2392790646342338,2.261750935904468,2.296756389751248,2.356985692777341
2014-09-11,2.134820759686334,2.186971900340859,2.2352402056961806,2.2578142028636856,2.292999959022316,2.3536250634574207
2014-09-12,2.120575195035586,2.1727246287904523,2.221031871566411,2.243640646021313,2.278906953922981,2.3397770514264664
2014-09-15,2.1146833821871214,2.1651822688890023,2.2117855764807093,2.2335253807564452,2.267322619690691,2.3251994581536937
2014-09-16,2.1273234380866746,2.178721291007279,2.226225686389353,2.2484151441444,2.282958150432011,2.342300945619439
2014-09-17,2.1217757430812227,2.173940807133444,2.2222609138222706,2.2448750491280576,2.2801486708397953,2.3410271692290725
2014-09-18,2.13238629523473,2.185367851198671,2.2345088629832293,2.257533578355282,2.293489561664396,2.355714680008359
2014-09-19,2.1272331020305355,2.1804835267190334,2.2299195761321533,2.2531011594458388,2.2893316820423557,2.3521508959545514
2014-09-22,2.11357668395232,2.1658490903519105,2.2143045413470643,2.2369966917436326,2.2724153182329303,2.3336380061427873
2014-09-23,2.1119583976931486,2.1637620822922092,2.2117334935161437,2.2341787365820074,2.269179861113793,2.3295515683651
2014-09-24,2.1219029981159783,2.1752639688225437,2.2248305024210766,2.2480846281750986,2.2844465373067266,2.3475659651834437
2014-09-25,2.097257232103989,2.1479222284887562,2.194748521229943,2.2166209234353262,2.2506698635600797,2.3091618805248446
2014-09-26,2.108387448534822,2.160472285505551,2.208747018255048,2.2313517419478996,2.266629472085893,2.327590748388628
2014-09-29,2.1059859471622304,2.157972892899733,2.2061524333127647,2.228710761113527,2.263913190532719,2.324732693900484
2014-09-30,2.1003045871481936,2.153047918211617,2.202032265548313,2.2250098094623016,2.2609337664659637,2.3232709960033198
2014-10-01,2.0805122047810967,2.131335834859938,2.1783730443893243,2.200370256184697,2.2346552940266537,2.293721420738233
2014-10-02,2.0806191936475447,2.131434524977042,2.1784627485446824,2.200455223699053,2.2347320286143626,2.2937805407847396
2014-10-03,2.094737731696068,2.1465535200523584,2.19458609277274,2.2170803561079664,2.2521903380118964,2.312880356625731
2014-10-06,2.092429036071773,2.1439654857975476,2.191712859749058,2.214062832317422,2.2489305484356,2.3091330987944336
2014-10-07,2.071940934096509,2.1220323404591093,2.1683293284856497,2.1899547714198846,2.2236196240518344,2.281452914275476
2014-10-08,2.0973052556128016,2.149533075143948,2.197988771486977,2.220698014428212,2.2561702858830515,2.317594280511764
2014-10-09,2.072150382224107,2.122858528128494,2.16979947848858,2.191756021232148,2.225984590415009,2.2849813466398183
2014-10-10,2.047147828230814,2.0945126769030895,2.1380325081378055,2.158255351386044,2.1895688260982706,2.2426843497623317
2014-10-13,2.0255119373815456,2.0713242748271297,2.113284756362641,2.132728223326075,2.162747160468134,2.2133105153116164
2014-10-14,2.0264614411923096,2.072222002501533,2.114125596237754,2.133538788457164,2.16350469690396,2.2139531228569718
2014-10-15,2.0176861328441777,2.0628175544636056,2.1040892594376683,2.1231866366156815,2.1526279913273694,2.202042311548981
2014-10-16,2.0131524195131294,2.0573694611185993,2.0976987675612655,2.116316078311145,2.144946573546365,2.192711283422399
2014-10-17,2.029564733961036,2.075150058789868,2.1168614379714126,2.1361724479256488,2.1659595311887543,2.2160209480056756
2014-10-20,2.0459393191335815,2.0932887401304305,2.136795979219837,2.1570136237886386,2.188320094114356,2.2414279819665412
2014-10-21,2.0767978043058677,2.127167339584987,2.1737408151358966,2.195503367864055,2.2293943489308212,2.287667354656819
2014-10-22,2.0684936720538167,2.11841576412041,2.164545870780203,2.1860891037645467,2.219619191496629,2.27719355243605
2014-10-23,2.0865997401676983,2.138282737158251,2.186200308267321,2.208644022396834,2.243680361573654,2.304264261700446
2014-10-24,2.097612671631259,2.150187786257966,2.1990055535244664,2.221900758050115,2.2576893490593104,2.3197651280018565
2014-10-27,2.0971494707525937,2.149913246786809,2.1989295438756433,2.2219273835470936,2.2578915260271417,2.320332618019159
2014-10-28,2.1157275449662336,2.170302871618496,2.2211581851910696,2.2450825298289634,2.282596532818296,2.348134591577375
2014-10-29,2.112187008470394,2.1662292065125524,2.2165376772057392,2.240184418700687,2.2772309421231745,2.341823203426918
2014-10-30,2.1180406540684777,2.172087257859224,2.222383226109109,2.246017334925387,2.2830333691530686,2.3475295305320314
2014-10-31,2.136097151234143,2.1917556450616806,2.2436834823530005,2.268138070249066,2.306524146195046,2.3737487148808945
2014-11-03,2.1384288502452913,2.1945572342901682,2.2469702919090215,2.271672414295546,2.310477137229679,2.378555532011853
2014-11-04,2.1337280113828614,2.1894814721559066,2.2415158157694814,2.2660278362397337,2.3045155693323025,2.371964295332827
2014-11-05,2.1381256192986053,2.1935644149955986,2.2452560067289253,2.269586629200489,2.3077580144890657,2.374525991224186
2014-11-06,2.143386061600891,2.1991137481197587,2.251092260930968,2.2755650726697687,2.313970830811096,2.3811940848452027
2014-11-07,2.1432694086658244,2.198811597836553,2.2505961430654846,2.274969114244403,2.313204717868795,2.3800761134853636
2014-11-10,2.1482104926312173,2.2041524114239706,2.2563409391113085,2.280916775441219,2.31949076894254,2.387034786562009
2014-11-11,2.1511611853126213,2.207568535564425,2.260235812709427,2.2850551979083384,2.3240400993252326,2.3924184490798814
2014-11-12,2.1516480965857214,2.208407099919712,2.261441294058987,2.28644925407745,2.3257551201990916,2.394795647855796
2014-11-13,2.1553915313090095,2.2128146527791164,2.2665333620385297,2.2918900614932567,2.3317850618839033,2.402024608983877
2014-11-14,2.1578132143069984,2.215742261687329,2.2699837191468464,2.2956072150014455,2.3359536116870734,2.4071144230658046
2014-11-17,2.156252660684962,2.2136315134404847,2.2673012788220723,2.292631823303191,2.332480856345651,2.4026202066959037
2014-11-18,2.165665266944175,2.2239874593153495,2.2786173117359243,2.3044324942152508,2.345093663641645,2.4168613981120792
2014-11-19,2.1612024246491606,2.2188507845940126,2.272788093369331,2.298251175952419,2.3383186012577344,2.4088819095518823
2014-11-20,2.1657008270245974,2.2239987096785914,2.2786029905540213,2.3044049556056443,2.345043519422706,2.416764214186002
2014-11-21,2.1709874028972402,2.2293130425018175,2.2839306183739203,2.3097337236377538,2.350365977548173,2.422043146508746
2014-11-24,2.1788738306031465,2.2383458917048746,2.2941408468802686,2.320542226678312,2.3621828739738913,2.4359038286151034
2014-11-25,2.1794668588258306,2.239239150988454,2.295346839774527,2.3219087548255963,2.3638223631816357,2.4381054292979387
2014-11-26,2.1859531959983998,2.2466981906811077,2.303805460821284,2.3308755299719284,2.3736459647160566,2.44966686129529
2014-11-28,2.1879940397642628,2.2496413525216354,2.3076877442281907,2.3352396108536264,2.378828847115104,2.456534401089484
2014-12-01,2.1744299274492467,2.234537580518144,2.29100669165561,2.317759171158985,2.3600040296932456,2.434995678458368
2014-12-02,2.182009537077419,2.2424427097286985,2.299230632425714,2.326139402364434,2.3686393290887695,2.4441167768335093
2014-12-03,2.186137509314221,2.2466657120895137,2.3035407746458993,2.330489963590831,2.3730523557663545,2.4486352604917374
2014-12-04,2.184982705859844,2.2454910581212575,2.3023488243624475,2.3292903656867203,2.371841542133928,2.4474079724444326
2014-12-05,2.1864090621562142,2.246832107244702,2.303595754208683,2.330487058326896,2.3729500122709846,2.448324335474486
2014-12-08,2.1763467384576023,2.235929077185586,2.2918398773607573,2.31830167034342,2.3600462763305723,2.433985320093814
2014-12-09,2.1779652740216173,2.238127286996197,2.2946426083060327,2.321415016476104,2.3636882525468614,2.438717934580425
2014-12-10,2.154939453152656,2.213318277638518,2.268029872671379,2.2938958381197176,2.3346559581770276,2.406673282028222
2014-12-11,2.1619433255779006,2.220839344422558,2.2760730824649507,2.3022010667521147,2.343398010667546,2.4162828562203655
2014-12-12,2.142690908782035,2.20062583876048,2.2549086105494283,2.280566651004113,2.32099092870756,2.392382107666717
2014-12-15,2.130212019707599,2.1868286609409946,2.239763887286088,2.2647394516349744,2.3040166380486284,2.3730945461574304
2014-12-16,2.1133522804633627,2.1677677684231313,2.2184406757204056,2.242265894851796,2.2796028684095293,2.3447427989583023
2014-12-17,2.1395580500365012,2.195880120598933,2.2484766553731856,2.2732667278881196,2.3122115840611195,2.380542199331696
2014-12-18,2.1741715318793613,2.233109639353538,2.2883497601117178,2.3144673688643356,2.355626830425282,2.4283609209907833
2014-12-19,2.1802714016956095,2.2397277113193272,2.295493834723977,2.321876467933146,2.36347935295702,2.4371000789048702
2014-12-22,2.185435334049443,2.2450599799101356,2.3009871167580704,2.3274471894277777,2.369174183559903,2.443022506226563
2014-12-23,2.1838719951519314,2.2428250651059627,2.298050874203876,2.3241502389271744,2.3652628406651077,2.4378416949921293
2014-12-24,2.1847234891359792,2.243804682304797,2.299162577142221,2.325329253469102,2.366555603299886,2.4393661424579487
2014-12-26,2.192051747162774,2.2521624593726695,2.308580207831774,2.3352864367423583,2.3774237504523223,2.4520867348795115
2014-12-29,2.1929058145227525,2.252910090468908,2.3092132746968552,2.3358593401215795,2.3778923782102748,2.4523332476381414
2014-12-30,2.1840998686840636,2.2432702519573158,2.2987238627356823,2.3249407037863987,2.3662538564837012,2.4392487728128165
2014-12-31,2.1695642672615407,2.2275402518842986,2.281782959261778,2.30739024267944,2.347684335605462,2.418644694591316
2015-01-02,2.166818750046611,2.224327277854442,2.2780896698323705,2.303452823341326,2.3433353801004673,2.4134616031670433
2015-01-05,2.1433841933461713,2.199416529716754,2.2517012952355673,2.2763277656342744,2.3149893699316952,2.3827182904544735
2015-01-06,2.127041655494057,2.181383476607353,2.231944261881185,2.2556991706524494,2.2928982561977636,2.3576870864404893
2015-01-07,2.144809483027102,2.200583070474823,2.2525920583377945,2.277074680819699,2.315488374257262,2.3826944250976965
2015-01-08,2.170987254350621,2.2289552771018095,2.283187089447998,2.3087878677961755,2.349069624194914,2.4200000616077824
2015-01-09,2.160435120044782,2.2177381955914246,2.2713044024729854,2.296573333120842,2.3363050901934517,2.40615559535624
2015-01-12,2.147332705477742,2.2033242349250766,2.255554216679808,2.280148093573575,2.3187477846890894,2.3863251479490932
2015-01-13,2.145119731140168,2.2012143990836512,2.253559294643711,2.2782148862934224,2.316923473876596,2.3847397765662186
2015-01-14,2.136917664989276,2.1924277595740866,2.2441842446160547,2.2685452407124744,2.3067637246096115,2.373610689197744
2015-01-15,2.1212944642686535,2.1751672138894467,2.225253318915049,2.248769619542034,2.285570325940095,2.349565862305402
2015-01-16,2.1386450404700277,2.1937227210565178,2.2450203188471662,2.269142661765045,2.30695085426895,2.3729361588015165
2015-01-20,2.145748727540593,2.202011118664885,2.2545300668566024,2.2792747702751726,2.3181345411287846,2.3862609575472367
2015-01-21,2.1531269705273957,2.209950179988518,2.263035115123529,2.28806374784937,2.327396711727604,2.396462177638756
2015-01-22,2.1767925599882765,2.235892711866239,2.2912946479902354,2.317492780051582,2.3587854657252345,2.431780227304823
2015-01-23,2.1745880824306685,2.2343506248560154,2.2904541653939257,2.3170167018527454,2.3589351840518376,2.4332416799275585
2015-01-26,2.17543591421633,2.234875823439959,2.290638315741984,2.3170239613666626,2.3586390185348307,2.4323107947031195
2015-01-27,2.1470386211196946,2.2028155713244133,2.254821327795206,2.279299839570518,2.3177029833628358,2.3848741227301096
2015-01-28,2.1341078461141025,2.1897447300593793,2.241642751020168,2.2660798516047254,2.3044327508625804,2.371575105058572
2015-01-29,2.1473896667508634,2.204109087652962,2.2571025341799236,2.2820902529955527,2.3213624313137204,2.3903352331293943
2015-01-30,2.132941563185501,2.189054486676761,2.241455461474946,2.2661533360406154,2.304953414704847,2.3730307152800707
2015-02-02,2.1499730351203583,2.206690174842864,2.2596734883330845,2.2846531828779932,2.3239076211820446,2.392828728331394
2015-02-03,2.159243200017882,2.217373519731463,2.271810133481189,2.2975290416235215,2.338030508418904,2.4094831289377825
2015-02-04,2.1589316179323466,2.2168909834923727,2.271149355488252,2.2967767045625065,2.337122399959834,2.408253894567801
2015-02-05,2.1737398788228757,2.232495742052524,2.2875444187812684,2.3135631335257263,2.3545534963198436,2.4269356535438344
2015-02-06,2.148884225036841,2.2081718840151785,2.263852650269774,2.2902242802299124,2.3318560000757893,2.405711783545236
2015-02-09,2.1463889502767444,2.20515294622418,2.260292357658495,2.2863875889349083,2.3275515081753686,2.400451947765767
2015-02-10,2.161295154349202,2.2223838677422463,2.279915027846657,2.3072271901698014,2.3504445885904746,2.4275157458136913
2015-02-11,2.15621278072134,2.2185108445622044,2.2773248101952923,2.3053038863966133,2.3496674694843005,2.429144243219939
2015-02-12,2.173440360711351,2.2370641948342973,2.297215927769665,2.325865999933889,2.371347685631941,2.453042587141298
2015-02-13,2.1866314071172477,2.2512181700469633,2.312339506391467,2.3414751451836877,2.387764808633208,2.4710583038694045
2015-02-17,2.1769993029455117,2.242536542892894,2.3046830330967434,2.3343576922236915,2.3815824161801737,2.4668702069118744
2015-02-18,2.180052065722502,2.2456811087374877,2.3079146424895596,2.3376308605729506,2.3849217159784097,2.470328915757171
2015-02-19,2.1809044663146038,2.247614892352331,2.3109792694406863,2.3412776005847857,2.38956059035385,2.4770196552203756
2015-02-20,2.1865896239764013,2.2544241399021465,2.318949595523189,2.3498403742697196,2.399125543793951,2.4886292963013705
2015-02-23,2.1881318598489403,2.2560867545985555,2.3207337445315224,2.35168550719421,2.401072333145849,2.4907778944184793
2015-02-24,2.1898352461804445,2.257833312319813,2.3225204305058518,2.353491030579041,2.402907329717358,2.492664122158165
2015-02-25,2.1898685709194954,2.2572800794644734,2.321352322176075,2.3520058687546515,2.400881010624075,2.48951573114113
2015-02-26,2.1950044790251964,2.2632142369635355,2.3281076933212415,2.3591790572294893,2.4087592058996616,2.4988257242191563
2015-02-27,2.1895966739376655,2.2571803313593564,2.32143382182984,2.3521811116621376,2.401216669250916,2.4901855247482994
2015-03-02,2.201397432802483,2.2701704266435114,2.335642058955205,2.367007252774867,2.417082889528839,2.508155312288018
2015-03-03,2.1951105284742525,2.263275873772022,2.328125802276861,2.35917587881384,2.4087214517385167,2.4987231248006125
2015-03-04,2.189199768566813,2.2569176750000857,2.3213140228599034,2.3521357623810095,2.4012995546987543,2.490538687844446
2015-03-05,2.1912752854477517,2.259238765685499,2.323887895353106,2.3548383283612027,2.4042194363101106,2.493900704107103
2015-03-06,2.172579203332435,2.239332197785499,2.3027631091514107,2.3331036140428774,2.3814698722855336,2.4691428722471875
2015-03-09,2.1778063167954875,2.244827232382633,2.308524200336696,2.338996560019798,2.3875801899352997,2.475675674544741
2015-03-10,2.1526345085548995,2.2173100090400393,2.2786102843308793,2.30786896049085,2.354412665303025,2.4383935489702404
2015-03-11,2.146866689002125,2.2106890435150666,2.2711063942225875,2.299913813968891,2.3456929416292196,2.4281086477575804
2015-03-12,2.1603614331146392,2.224645888635663,2.285507416418036,2.314529328568902,2.360653557890016,2.4437074142919486
2015-03-13,2.153024552162407,2.2168811756173326,2.2773145320285932,2.306122975875898,2.351893370410011,2.43425216238317
2015-03-16,2.1717066564416347,2.2370452601552397,2.298983878639917,2.3285511899679654,2.3755920535666535,2.460494578238088
2015-03-17,2.1707014112575083,2.236466283818992,2.2988588136261043,2.3286628097272546,2.3761115617266,2.4618746857197005
2015-03-18,2.186431393545768,2.2532461824854124,2.3166969316117556,2.3470313523961983,2.3953635709588945,2.4828783937272707
2015-03-19,2.18418006683478,2.2514902663189145,2.3154721083941343,2.3460847301324326,2.3948982060451187,2.4834351100077603
2015-03-20,2.1952971763125326,2.2632610362541135,2.327897360916377,2.3588363957507643,2.4081910915107234,2.4977918147710216
2015-03-23,2.1922933040545587,2.260035845601162,2.324448077317502,2.355274400413772,2.4044407884517476,2.4936659549458304
2015-03-24,2.185714395892431,2.2531182026590626,2.317193959194686,2.347853491332375,2.3967448565061016,2.4854352705899605
2015-03-25,2.1582445583551264,2.2224789368500835,2.283294479040054,2.312295035738294,2.3583862231931665,2.4413841530935247
2015-03-26,2.154111076280689,2.2178928914833387,2.278243600057038,2.3070078803979523,2.3527006347181443,2.4348899997210314
2015-03-27,2.1585797712456123,2.2229151517135466,2.2838363627711575,2.3128913458524525,2.359075363608429,2.442265617683997
2015-03-30,2.175318873408585,2.240970098692249,2.303227329490007,2.332955671502199,2.3802667268126587,2.465712492996452
2015-03-31,2.161681453235062,2.2259598666181235,2.2868106727782784,2.315825461836328,2.3619352183861606,2.4449504831596296
2015-04-01,2.1550433718257196,2.2186467415709528,2.2788073298855607,2.307472006113555,2.3529929743576163,2.434821039710809
2015-04-02,2.1582616185625443,2.221776889914766,2.281834223512926,2.310441692713388,2.3558592606383426,2.4374515752729806
2015-04-06,2.1689811589640935,2.2335240896910067,2.2946308669845847,2.3237694808726492,2.3700793018070634,2.453469307586266
2015-04-07,2.1659910074894713,2.230373508901055,2.2913206854066654,2.3203800967737345,2.3665591912430095,2.4496945396796166
2015-04-08,2.174165530662462,2.2397198739522954,2.3018767385028367,2.3315532396944105,2.378776108070838,2.464041265919164
2015-04-09,2.181790015880237,2.248198156105219,2.3112310325639216,2.341352433656479,2.3893249363589066,2.476108934409253
2015-04-10,2.188771342878042,2.2555956449281505,2.3190450241859484,2.3493740681696225,2.397690724693864,2.4851506154840006
2015-04-13,2.183455533945614,2.250100002857339,2.3133767861393117,2.343622589699077,2.391805483080221,2.479018671603813
2015-04-14,2.1828945224219436,2.248926720099291,2.311559541215101,2.341472455589034,2.3890858598215625,2.475113041396655
2015-04-15,2.1905894315879966,2.2574702693881887,2.320973437304359,2.3513282358037815,2.3996859890813944,2.487220538877205
2015-04-16,2.189514252486782,2.256157710931358,2.319413967695458,2.3496421240766403,2.397784663371225,2.4848763192989907
2015-04-17,2.1694471361377152,2.234019184953171,2.295155176442771,2.3243083821951687,2.370642429255705,2.4540801698924763
2015-04-20,2.1869272994949336,2.253570400228182,2.3168345890793756,2.347069849353259,2.395228880322769,2.4823708853436357
2015-04-21,2.1893503998232746,2.256785669191599,2.3208775774091994,2.351538747357451,2.400423555079125,2.489066547384874
2015-04-22,2.1968138592702444,2.264946078353182,2.32974908850437,2.3607699300487504,2.410258597071582,2.500116948466358
2015-04-23,2.2014610474224923,2.2701171243408753,2.3354577218887953,2.3667516245731663,2.4167004402079004,2.507491305048285
2015-04-24,2.213268387496544,2.2841791024155986,2.3518597473394176,2.3843520004735033,2.436334550468014,2.531300558715632
2015-04-27,2.208443882573291,2.279117778549062,2.346564146329871,2.3789406425237773,2.4307328901660474,2.5253310858609654
2015-04-28,2.209282306416276,2.2794311753037886,2.3463211025327597,2.378408420734417,2.4297037447435876,2.5232588930879407
2015-04-29,2.201537344124691,2.270799026055064,2.336778111803823,2.368402629706852,2.4189178471055794,2.5108912503820315
2015-04-30,2.182437090344175,2.249472209760328,2.313164284470984,2.3436263665925816,2.3921815665616504,2.480178629425413
2015-05-01,2.1997579334952704,2.2685074972770236,2.333954390444584,2.3653056319956787,2.415357066061054,2.5063786668243924
2015-05-04,2.20322256051346,2.272097544057248,2.337665629928374,2.3690756458288855,2.419222033193339,2.510420750141818
2015-05-05,2.18277494718918,2.249410933368373,2.312679735654687,2.34292119776902,2.391097317451211,2.4782987081223036
2015-05-06,2.1747836065837634,2.240452054019043,2.302724496562461,2.3324585569244562,2.3797776504019934,2.4652346305213295
2015-05-07,2.1818358482827254,2.248330883195594,2.3114537975927822,2.3416206926792915,2.3896704647280993,2.476613187506781
2015-05-08,2.2006220967124444,2.2685575402685414,2.3331411823572874,2.3640436111180096,2.413323482891975,2.5027241567983447
2015-05-11,2.194108898022206,2.261638101414343,2.3258137559881633,2.35651224229915,2.4054532615743023,2.4941852310394736
2015-05-12,2.188765650100732,2.2556578812223544,2.319177858952046,2.34954253781188,2.397919886289113,2.485505094206635
2015-05-13,2.1903902343558492,2.2576243850269178,2.32150040013069,2.352047846827631,2.4007360323110083,2.4889619028978016
2015-05-14,2.2085268190737812,2.277749404770313,2.3436674692531723,2.375252764515614,2.425690879753647,2.5174672022068463
2015-05-15,2.2093279676137385,2.2784926722403656,2.344346937342193,2.3758981919580733,2.426276535840162,2.51792269003496
2015-05-18,2.2148675188756077,2.284634062501054,2.3511062295919576,2.382971464965437,2.4338791261959174,2.5265988824498575
2015-05-19,2.213813739230647,2.283405940257301,2.349697305225681,2.3814699980278755,2.432220663522893,2.5246182984488885
2015-05-20,2.213763621402022,2.2835056146771535,2.3499554546259387,2.381810411975323,2.432702315751849,2.5253959924720895
2015-05-21,2.219931071842454,2.2904175263999176,2.357633942600363,2.389879260625344,2.441430469449969,2.5354659868382714
2015-05-22,2.21741180649475,2.287850608718168,2.35502492258295,2.387251376166899,2.4387745025078535,2.532766998474813
2015-05-26,2.20086047692368,2.2698435397045396,2.3355335956296077,2.3670096703503805,2.417273422776938,2.508732675220558
2015-05-27,2.2197094022722315,2.2910051659631883,2.3590776420124233,2.3917672837645694,2.444081259304947,2.5397152631972277
2015-05-28,2.217026513487697,2.2879942419409076,2.3557288243595194,2.388246359774628,2.4402695922178617,2.5353116347490126
2015-05-29,2.2079724862123093,2.2782163670708444,2.345215623389355,2.377362417441457,2.4287649193112295,2.522563968092384
2015-06-01,2.211965969476079,2.282692253659597,2.3501885808974596,2.3825886417354,2.434419125944653,2.529090103312103
2015-06-02,2.209060592095788,2.2792705322142863,2.346229657755387,2.3783540995830377,2.4297160171742544,2.5234217890639496
2015-06-03,2.213213441652229,2.2838096788568754,2.351164064549296,2.3834888672510965,2.4351878612903173,2.5295747837738123
2015-06-04,2.2012111224338566,2.2709259583265995,2.337386971059254,2.3692620735191805,2.4202091769298595,2.51309423112529
2015-06-05,2.1982221458142455,2.2676125256978574,2.3337398796271343,2.3654452237000707,2.4161058141045446,2.508408433694616
2015-06-08,2.186159789822828,2.254115206292239,2.3187630137784287,2.3497141578042164,2.3990997169559796,2.48880247699655
2015-06-09,2.184854232793274,2.252530726753767,2.316887459209669,2.3476889386372033,2.3968195872253206,2.485995494677452
2015-06-10,2.2036005654335318,2.273000721087921,2.3391203828164144,2.3708152363924766,2.421448451063221,2.513659184210057
2015-06-11,2.2071982003077952,2.2766729480307206,2.3428595513673094,2.3745848437778276,2.425264110149004,2.51754851631827
2015-06-12,2.1953879691382374,2.2638436642255155,2.3289904393295022,2.3601897022816427,2.409985581873954,2.500490804227922
2015-06-15,2.188810835507602,2.256618980599729,2.3211018914217236,2.351964155351969,2.4011923769098384,2.490547833859088
2015-06-16,2.196396220161203,2.2648834859583022,2.330060319936528,2.3612739839834496,2.411092857455169,2.501639906913294
2015-06-17,2.1999054357185086,2.2687628431505855,2.334319983933649,2.3657270162801805,2.415872069138437,2.5070815076481825
2015-06-18,2.217821174516626,2.2886886328461316,2.356314855135265,2.3887753393521205,2.4406994757098124,2.535529624022726
2015-06-19,2.2108789672301734,2.2811097718247804,2.348084896991623,2.3802154567019764,2.4315847262936288,2.5252943010781097
2015-06-22,2.22023888677652,2.2914810569157695,2.359496089655261,2.39215567845044,2.444417748597677,2.5399419482546763
2015-06-23,2.2212041091822097,2.292563909182031,2.3607003055551976,2.393421788811567,2.445788539067332,2.5415263478433583
2015-06-24,2.212001090338142,2.2828354355205587,2.3504461113103696,2.3829055445792973,2.4348379918658325,2.5297228241355536
2015-06-25,2.2084508295424996,2.2790822020800605,2.346489786859122,2.378847981668046,2.4306126345683787,2.525167882283429
2015-06-26,2.2032670081793455,2.2727556645135536,2.3389701921311468,2.3707147401875206,2.421433928443362,2.5138273039324845
2015-06-29,2.17077084782151,2.2372292809015244,2.300343008138671,2.3305156330509544,2.3785901541538097,2.465638737638921
2015-06-30,2.1748174636304087,2.2417748353183002,2.305403497615061,2.3358387940414143,2.3843576493274465,2.472313259192571
2015-07-01,2.186246011623012,2.2541475130252535,2.318738558475083,2.3496603485180314,2.3989956864724595,2.488592986222562
2015-07-02,2.1857812994694097,2.253778838890458,2.318472978055361,2.3494488211851214,2.398877736637086,2.4886740377213346
2015-07-06,2.1820230241670835,2.2497692772898685,2.3142100839083954,2.3450589252394325,2.394276274674519,2.4836529610755544
2015-07-07,2.1882499064871723,2.2561115902215434,2.3206539155414676,2.3515480408201155,2.4008324624114996,2.4903104506932503
2015-07-08,2.1633105166997777,2.2290432953881227,2.291416606626216,2.321214750226326,2.368660604963614,2.4544433770799743
2015-07-09,2.1642053634663605,2.2297485543641207,2.291918423599511,2.3216099268648653,2.3688712019009626,2.4542615852390166
2015-07-10,2.1841947144992537,2.251680390747558,2.3158384707964137,2.3465380094748944,2.3954953639459418,2.484313598510845
2015-07-13,2.2049871762853455,2.2749209324720514,2.3415992389386817,2.3735819501074076,2.424706282165863,2.517933982202253
2015-07-14,2.2132002436666918,2.2840456421351156,2.3516609060492106,2.3841200949103305,2.4360482436007835,2.530908434109296
2015-07-15,2.2136042817901713,2.2846709919148758,2.3525189593984086,2.385098430495095,2.4372323520772037,2.5325211534527
2015-07-16,2.2300634626729186,2.303201483362158,2.3731855440068417,2.406853989583552,2.4608289646152413,2.559871624836593
2015-07-17,2.241986545153605,2.3177100558269417,2.390388923403923,2.425441680357184,2.4817724183933545,2.5856759914338854
2015-07-20,2.244844542954252,2.3211763005596264,2.394488957270516,2.4298672251732754,2.486751811024534,2.591797855492803
2015-07-21,2.2415822372430085,2.318002718864535,2.3914199669659504,2.4268563896262974,2.4838463817623277,2.5891338396755685
2015-07-22,2.231385038880697,2.305847097437163,2.3772269659067833,2.4116182005700866,2.466831580938769,2.568460749084455
2015-07-23,2.2243727368344373,2.2984629184197933,2.369472668277168,2.4036801614251617,2.458590151552756,2.559627808529736
2015-07-24,2.2094554370011443,2.2823233522300264,2.3520897842738746,2.385669779701499,2.4395282020997158,2.538456497225918
2015-07-27,2.198840555301414,2.2705524180309946,2.339131355128096,2.372107709649757,2.424948150655986,2.5218103486167984
2015-07-28,2.214168913949734,2.286760254894152,2.3562186550689193,2.3896331951016223,2.4431995459177536,2.5414861635479293
2015-07-29,2.2222189806788295,2.2951075713923537,2.3648537472798576,2.398408063480373,2.4522005618242146,2.5509103049016013
2015-07-30,2.225970270763543,2.2996949840587435,2.3703129794995754,2.404315271881024,2.4588703006519927,2.5591541400551
2015-07-31,2.2239694223035666,2.297566838272034,2.3680568198010716,2.401995056553038,2.4564435584377105,2.5565167987306903
2015-08-03,2.219125860091088,2.2923405993759935,2.3624420539079427,2.3961844832695705,2.450305269509122,2.5497227450176774
2015-08-04,2.2161290447681483,2.289123202542106,2.359000807295283,2.392630449215815,2.446562490139127,2.545602294950176
2015-08-05,2.2242535490331217,2.298442100112931,2.369559575171192,2.4038243747271215,2.4588348499990844,2.5600912861482765
2015-08-06,2.2062779373795998,2.2780348829156267,2.346633089279524,2.37960913305901,2.4324340735739667,2.5292081865462386
2015-08-07,2.203942046121604,2.2755756999433383,2.344051053623948,2.3769660495846474,2.4296900950899714,2.526267112213633
2015-08-10,2.2216749823219444,2.2946493112325057,2.364486854924628,2.398088815396233,2.451963391184086,2.550846056412559
2015-08-11,2.205352576592739,2.276538375801531,2.3445335416393034,2.377196931480328,2.4294855646429987,2.5251370110086695
2015-08-12,2.208749126837413,2.280476247135922,2.3490343243705016,2.3819864409931997,2.4347658296071195,2.5314279447586947
2015-08-13,2.2066415385360263,2.2781472334273323,2.346477516377152,2.3793136970230027,2.4318973457761186,2.528161265482653
2015-08-14,2.2102820238154095,2.281881024616543,2.350297860474865,2.383174592263172,2.435821555745206,2.532194964991512
2015-08-17,2.2204939379557627,2.2932638028118433,2.362888378213215,2.396380975480401,2.4500694770417306,2.548568241334444
2015-08-18,2.2147338896604785,2.2867385650093066,2.3555707191345,2.388658076342688,2.4416595431996804,2.5387499784201597
2015-08-19,2.2042161576962798,2.2754612071185463,2.343523157294017,2.376222699291165,2.4285755510769595,2.524369568812346
2015-08-20,2.1685382449126154,2.2360294067678677,2.30022931555379,2.330963203380704,2.379997255431475,2.469039438296079
2015-08-21,2.1159270006914586,2.1775084548442316,2.235616197900192,2.263244848524719,2.307029382255852,2.385366887285186
2015-08-24,2.0605003856936204,2.1178880176109414,2.171734484020331,2.1972140776833244,2.237399279051797,2.3085234457927255
2015-08-25,2.0501959062928528,2.107547733144462,2.161391526007626,2.1868824290351943,2.2271053660940217,2.2983762096947866
2015-08-26,2.1083900091995607,2.17179325172693,2.2318604774454425,2.260518042004895,2.30608628110553,2.388226947832115
2015-08-27,2.142449636642345,2.208817450835845,2.271914488561282,2.302106648092825,2.3502548819244877,2.4376030653947622
2015-08-28,2.142514882941511,2.2088370634449683,2.271885441988773,2.3020522011090154,2.35015661556805,2.437412151396552
2015-08-31,2.128170731465873,2.1928118285959735,2.254125089909182,2.2834066536265807,2.3300134534375014,2.4142107521585543
2015-09-01,2.0922236153336287,2.152669313186355,2.2096595968872594,2.236738569492399,2.279623305999742,2.356237237477644
2015-09-02,2.0917656945817544,2.1582808485105778,2.2216715271555745,2.2520650131057582,2.300628326390033,2.3890977050154656
2015-09-03,2.0922236153336287,2.1576250283600955,2.2198400351933234,2.249624252819352,2.2971431140024903,2.3834296344130403
2015-09-04,2.0917656945817544,2.1545957271748666,2.2141012473688417,2.2424830849907216,2.287600414977649,2.368877155891345
2015-09-08,2.0917656945817544,2.1606951834091506,2.2266312527700203,2.258342685219174,2.309163660321544,2.402345349521924
2015-09-09,2.0917656945817544,2.1581961224111645,2.221497475823375,2.251844711161782,2.300328796464987,2.388632806278298
2015-09-10,2.0913079911629375,2.1601651621123494,2.2260264617247785,2.257699711516006,2.3084560452609346,2.401505633094458
2015-09-11,2.0917656945817544,2.161817668531549,2.22893715416617,2.261261333147748,2.313131952110096,2.4085045132212546
2015-09-14,2.0917656945817544,2.1611399297722826,2.2275448873823773,2.259499099701286,2.3107359603062734,2.4047857076171475
2015-09-15,2.0913079911629375,2.1633418918335616,2.232552361581414,2.265959736914512,2.3196866533247658,2.4189365976489583
2015-09-16,2.0913079911629375,2.1646126607616902,2.2351628797852507,2.269263947389797,2.324179168906502,2.4259094061933135
2015-09-17,2.0913079911629375,2.1646974218791235,2.235337003054351,2.2694843403864464,2.324478822629823,2.426374497077097
2015-09-18,2.0913079911629375,2.161470388772168,2.2287077658392924,2.2610935178221947,2.3130703783447357,2.4086675139088576
2015-09-21,2.0917656945817544,2.162595138611802,2.230534297244281,2.2632828846088593,2.3158805213995697,2.4127705523874416
2015-09-22,2.0917656945817544,2.1592407974931014,2.223643533425292,2.2545610400494325,2.3040220084876974,2.3943650201971023
2015-09-23,2.0913079911629375,2.158986490576846,2.2236051375708215,2.254634969572508,2.3042891191410177,2.395038170149917
2015-09-24,2.0913079911629375,2.1581797629408745,2.2219478912118453,2.252537343602534,2.3014371163932363,2.3906115924861457
2015-09-25,2.0913079911629375,2.156311499046332,2.2181099496330754,2.2476795468825324,2.2948322927535934,2.3803602823080157
2015-09-28,2.0917656945817544,2.1505152173752267,2.205718728031845,2.2318730811371292,2.2731746972483813,2.34648707932711
2015-09-29,2.0917656945817544,2.1494112392764033,2.203450845287924,2.2290025545465966,2.2692718328478794,2.3404294651142807
2015-09-30,2.0913079911629375,2.153848839280146,2.213050951095118,2.241276222079434,2.286126117203333,2.3668474754716176
2015-10-01,2.0917656945817544,2.1552449859101532,2.215436036689053,2.2441732185439887,2.2898998528585848,2.372450682241193
2015-10-02,2.0917656945817544,2.1590277551588146,2.223210898935588,2.2540166161625397,2.303288986694341,2.393249646605258
2015-10-05,2.0913079911629375,2.1617520992686154,2.229294860844578,2.2618419276622053,2.31409996878983,2.4103028881554502
2015-10-06,2.0913079911629375,2.1606955011940134,2.227123196664192,2.2590924829333243,2.310360133737386,2.40449334909658
2015-10-07,2.0913079911629375,2.162026823482223,2.229859511442111,2.262556805967547,2.3150723567474656,2.41181341622448
2015-10-08,2.0913079911629375,2.162914365864889,2.231683709353636,2.264866339539807,2.3182138181915186,2.4166934290339306
2015-10-09,2.0913079911629375,2.163928769730194,2.2337686502518665,2.267505987886195,2.3218043065938683,2.4222709698402394
2015-10-12,2.0913079911629375,2.164478200728987,2.234897915625668,2.2689356991452128,2.3237490208211393,2.4252919301508515
2015-10-13,2.0913079911629375,2.1630199646728725,2.231900750397248,2.265141125281865,2.31858758578876,2.4172740475437484
2015-10-14,2.0913079911629375,2.1626607823269843,2.231162509950343,2.2642064728048754,2.317316257778932,2.415299139659802
2015-10-15,2.0913079911629375,2.166337778483443,2.2387199729406184,2.273774631164712,2.3303310071374392,2.4355165272395656
2015-10-16,2.0913079911629375,2.167288795178483,2.240674631898658,2.2762493355032,2.3336971362806427,2.4407455436160665
2015-10-19,2.0913079911629375,2.168598941934146,2.243367423839808,2.279658556263681,2.338334408369671,2.4479491803941675
2015-10-20,2.0908500704110633,2.1669910585959693,2.2405474322882806,2.2762110376367786,2.3338120008029364,2.441183332451687
2015-10-21,2.0913079911629375,2.166020842632117,2.2380685632396644,2.2729499111252114,2.3292092108417077,2.4337739050905256
2015-10-22,2.0913079911629375,2.1706488031983504,2.247580577724185,2.2849926377685392,2.3455899042794157,2.4592200215644446
2015-10-23,2.0913079911629375,2.1771364112327274,2.260914792808715,2.3018744778380285,2.3685528307854264,2.4948911184368705
2015-10-26,2.0908500704110633,2.176859832754338,2.2608310802138427,2.301891236893683,2.3687425845407706,2.495445241794842
2015-10-27,2.0908500704110633,2.177345859154444,2.2618300278261882,2.3031559587931354,2.370462877820894,2.4981175818481978
2015-10-28,2.0908500704110633,2.1793323158199613,2.2659128639491097,2.308325050938428,2.3774939527834915,2.509039802761218
2015-10-29,2.0908500704110633,2.178951923084683,2.2651310290229056,2.3073352054843657,2.376147550476611,2.5069482728725765
2015-10-30,2.0908500704110633,2.177874149477534,2.262915842005749,2.304530658481743,2.3723327645031156,2.501022303463908
2015-11-02,2.1009811883054117,2.1899314334899787,2.276982076479647,2.3196294541875955,2.3891896727865234,2.521510866985901
2015-11-03,2.105621933010653,2.195049949799064,2.2825963899380937,2.325497773162453,2.3954894102281616,2.5286983557019047
2015-11-04,2.1033923747461087,2.1929779299863754,2.28070382640108,2.3237030757495054,2.3938696721813226,2.527471516318622
2015-11-05,2.1007918760361153,2.1899453878018997,2.277216159210151,2.319979723768992,2.3897423095632417,2.5224988445712633
2015-11-06,2.1009145500253243,2.1902136960719534,2.2776410852687468,2.320486924644851,2.390392253370929,2.523453814337289
2015-11-09,2.087045509938136,2.174870038631872,2.2607652450455307,2.302825404132392,2.3713952295614042,2.5017046856995675
2015-11-10,2.0867202808788106,2.1740096532928854,2.2593288093354054,2.3010861653048833,2.369130367000481,2.4983156115395584
2015-11-11,2.083275514572566,2.1705107859522377,2.2557862028894378,2.2975257529760174,2.365546496327574,2.494708995957682
2015-11-12,2.0668484601789454,2.15299778340646,2.2371712587954606,2.2783555335207937,2.3454468256430587,2.47274815314953
2015-11-13,2.0455358355587903,2.1287963917907846,2.209943446303286,2.249566595989848,2.3139906986475953,2.4357446218647167
2015-11-16,2.0656569184430014,2.1506930260462274,2.233670407302142,2.2742267332628603,2.3402291189930873,2.4652056180135418
2015-11-17,2.0654319070029827,2.150616028238272,2.2337540718058,2.2743953292499475,2.340545831872393,2.465841657419393
2015-11-18,2.0894322821994127,2.1772234303522833,2.263072478584161,2.3051047159410287,2.373620817129818,2.5037960167682263
2015-11-19,2.0894732832727216,2.1774149973743584,2.263426331654418,2.3055439520617322,2.374208376523916,2.5047012180970283
2015-11-20,2.096576685500392,2.1855516402991086,2.27264765828723,2.3153256047929798,2.384948536964361,2.5174393923326326
2015-11-23,2.093905868261922,2.1824148500064275,2.2690194318258627,2.311442681975604,2.380628710618585,2.512204304596282
2015-11-24,2.094076321201255,2.182383129006575,2.2687688414927623,2.311076596308379,2.3800615007631887,2.511204569441914
2015-11-25,2.0945887131446117,2.183055274196139,2.2696111830031174,2.312007770951204,2.381145970404247,2.5126135699918786
2015-11-27,2.096522807380433,2.1851755367017605,2.271924103187782,2.3144191947142922,2.383724406338767,2.5155345753213654
2015-11-30,2.0918398929241104,2.180228259464907,2.26671147550801,2.309073957942634,2.378158853544464,2.5095341618097713
2015-12-01,2.1052958611643997,2.1950296923202774,2.2829078762160657,2.3259845680543485,2.396281837235441,2.5301491143651074
2015-12-02,2.0937841724209374,2.182873953503468,2.270106017534611,2.312859936825447,2.382621140697519,2.5154310339576993
2015-12-03,2.072344662030254,2.159055488337608,2.2438108056856496,2.2852928366469234,2.352889318202885,2.4812277742643385
2015-12-04,2.101788791513394,2.191701248648491,2.2797872813885793,2.3229788064410046,2.3934834298105745,2.5278237618209687
2015-12-07,2.0943742460575967,2.183752173978935,2.2712928107152974,2.314208367116123,2.3842493445865687,2.517654684835991
2015-12-08,2.0896094943694945,2.179301107581489,2.2672007870118414,2.3103127353461455,2.380705638819489,2.5149043023971016
2015-12-09,2.073457983702169,2.1608255705793873,2.246285194655141,2.288136513106326,2.3563726989085585,2.486074546682337
2015-12-10,2.078493883982638,2.166524019907884,2.252677427017699,2.294886504720627,2.363733764561509,2.4947060202252116
2015-12-11,2.0493919859912606,2.1342375056313365,2.2170771035885632,2.2575850702144162,2.323538016221744,2.4485353071155336
2015-12-14,2.0579257244735376,2.14384762907484,2.2278128483987416,2.2689007036515765,2.3358433217521952,2.4628950766385778
2015-12-15,2.0690343182610174,2.1555678552757804,2.2401459186034343,2.281539633727691,2.3489897904306956,2.4770409747453845
2015-12-16,2.089398422021784,2.1778618835282213,2.2644364993627164,2.3068508064100706,2.376031068630689,2.507629965116741
2015-12-17,2.068528349778126,2.1551122909260743,2.239746936306905,2.28117122743033,2.3486756588922812,2.4768473496017807
2015-12-18,2.0433432871182537,2.127370160119395,2.2093517760633476,2.2494170386572234,2.314613419633128,2.4380363321338554
2015-12-21,2.0562028293225865,2.1417713956775044,2.2253625028232777,2.2662559271735923,2.3328642268047224,2.459212635668833
2015-12-22,2.0668185169410855,2.1531289308202024,2.237475575580427,2.2787507742299304,2.345999695988038,2.4736370031179367
2015-12-23,2.080363245136887,2.1674259367522537,2.252526855281331,2.294178693440317,2.3620528987125606,2.4909226292830335
2015-12-24,2.07925222805696,2.1663453775620574,2.251483930534791,2.2931572874097736,2.3610713421478122,2.4900355013320707
2015-12-28,2.0771535225205415,2.164261456096704,2.2494249447912917,2.291114638459444,2.3590616934630027,2.4881135353693575
2015-12-29,2.095347857201133,2.184721115592333,2.2722525476791917,2.3151617701108655,2.3851896030209523,2.518558910049892
2015-12-30,2.0842567603438527,2.172342920595117,2.2585321715976674,2.300751336811743,2.3696035259805184,2.5005399844124874
2015-12-31,2.0685507265337004,2.154907271550657,2.2392963144649025,2.2805912029256783,2.3478705718155535,2.4755592582832713
2016-01-04,2.0415586072905443,2.1250645926831,2.2064912682295255,2.2462668685904266,2.310963355085881,2.4333277454659457
2016-01-05,2.040377450653691,2.1235892741472324,2.204704165814581,2.2443176291455327,2.3087352105003625,2.4305125398204024
2016-01-06,2.033254529085392,2.1148783343308226,2.1943131747452522,2.2330540845531845,2.295972344997187,2.4145998316654302
2016-01-07,2.0124775318736434,2.088834047953255,2.1626845107440515,2.198520814203076,2.2564418101188037,2.364547649851457
2016-01-08,2.007131147089659,2.082156169401342,2.1545953743326995,2.1896977810986042,2.246356341403775,2.351804909255072
2016-01-11,2.0091203236380313,2.0846407416768233,2.1576050193725114,2.1929804798279404,2.250108742074107,2.35654597481254
2016-01-12,2.0169405795915707,2.094315552761053,2.169243933388986,2.2056402242071984,2.264523684501855,2.374652368807247
2016-01-13,1.9940138577555535,2.065772076478242,2.1347487776027743,2.1680505778553147,2.2216117679115372,2.320540751872885
2016-01-14,2.0072066210090886,2.082343308571734,2.1549024158543553,2.1900677368537256,2.246835335109228,2.3525164334242312
2016-01-15,1.987126753724101,2.057262638084016,2.1245213654524697,2.15693032887674,2.2089564914630873,2.3046574501372628
2016-01-19,1.9887916814979474,2.059249340043438,2.1268475699982554,2.1594325236261716,2.2117606072864695,2.3080940537604313
2016-01-20,1.9868646092127644,2.056842338826512,2.1239318893618604,2.1562523143345,2.2081253606611178,2.3035010094449286
2016-01-21,1.9877842381347512,2.0578979518712,2.1251300820989187,2.157524090357387,2.2095228977106967,2.3051602332922716
2016-01-22,2.0053416529870947,2.080013878413362,2.152080699621377,2.186990016999718,2.2433172425288563,2.3480714103506943
2016-01-25,1.9960653941402147,2.068334539034741,2.137852773730791,2.1714361877895483,2.2254818047422606,2.325430447813232
2016-01-26,2.001487303958249,2.075199620601538,2.1462490290007565,2.180629261002588,2.236046363585824,2.3388848344069584
2016-01-27,1.985807814446149,2.0555223539412313,2.1223329477646224,2.1545083068252744,2.206131813434807,2.300982211767864
2016-01-28,1.9946355648775047,2.0665486170421916,2.135689427017391,2.169076568826764,2.2227845618614097,2.322022548058914
2016-01-29,2.008175137881884,2.0833671160966176,2.1559817278874642,2.1911747890571593,2.2479884758125617,2.353760541070894
2016-02-01,2.0030419094853382,2.0791667307683266,2.1527919728711025,2.188518146419966,2.2462592784423734,2.354019482156064
2016-02-02,2.0030419094853382,2.0746349701110844,2.1434147631409703,2.176606719595168,2.229968850370853,2.3284445231493187
2016-02-03,2.003479862128703,2.0740612309003503,2.1417576041487285,2.1743823135478824,2.2267633967830145,2.3231558075505037
2016-02-04,2.003918647777571,2.0744507474258795,2.142092739281948,2.174688397577502,2.227018407479976,2.3232993180857404
2016-02-05,2.003918647777571,2.0673723774660115,2.1274460346826936,2.1560833801918027,2.2015736222372757,2.283352587609385
2016-02-08,2.003479862128703,2.063954888912476,2.1208453593078,2.147818476187547,2.1904338883045495,2.2661207384907613
2016-02-09,2.003918647777571,2.0637629813898304,2.1199774001793736,2.1465963263743335,2.1885988401144174,2.262982986549382
2016-02-10,2.003479862128703,2.06409526164312,2.1211358213677367,2.1481874364296534,2.190938489505874,2.2669129309968135
2016-02-11,2.003918647777571,2.0642241471930776,2.1209316536769633,2.147808469542287,2.190256603821518,2.265585572476886
2016-02-12,2.003479862128703,2.0667622281143743,2.126654361695813,2.1551973776796993,2.2005254974604305,2.281963937290734
2016-02-16,2.003479862128703,2.0711937790632713,2.1358242154945035,2.1668454100540018,2.216455699304367,2.3069733635218412
2016-02-17,2.003479862128703,2.075745654206229,2.1452430465205157,2.178809706446027,2.2328184333972194,2.332661838485526
2016-02-18,2.003918647777571,2.0738091118188233,2.1407650540591923,2.173001901718675,2.2247119046667327,2.319678252105236
2016-02-19,2.003918647777571,2.074410699814565,2.1420098719641674,2.1745831351358675,2.22687444737685,2.323073309676391
2016-02-22,2.003918647777571,2.0777193018928752,2.1488560975149995,2.1832795722447402,2.2387679581446496,2.3417453819508167
2016-02-23,2.003479862128703,2.073900859094974,2.141425759603626,2.173960787088525,2.226186904430972,2.3222507504085765
2016-02-24,2.003918647777571,2.0762555608749538,2.145827295344322,2.179432227836213,2.2335062134120194,2.333484769936807
2016-02-25,2.003479862128703,2.0778711288296394,2.1496411210940125,2.1843963729448976,2.240458927697194,2.3446569393911147
2016-02-26,2.003479862128703,2.077610481366784,2.1491017841542037,2.183711278692201,2.2395219720486454,2.343185977290084
2016-02-29,2.003918647777571,2.076155252242908,2.1456197347179824,2.1791685733714514,2.233145631581052,2.3329186788859704
2016-03-01,1.9969847081580427,2.0762829639728753,2.153324044822186,2.190844855531968,2.2516986633485567,2.3661010995204075
2016-03-02,2.001807080546616,2.080864438400183,2.1576293105922133,2.194998993299139,2.2555820885301863,2.369375399871687
2016-03-03,2.0136215090196026,2.091490833386977,2.1669398771155706,2.203605069172686,2.2629474480245757,2.37402425279745
2016-03-04,2.0125535949618145,2.090574235025133,2.166189179546566,2.202942609944341,2.2624395704961495,2.3738518728762017
2016-03-07,2.01592590323545,2.0924176885031,2.1663851390529087,2.2022723350979163,2.2602659211226976,2.36846663525919
2016-03-08,2.0124860924808186,2.087461179469276,2.1598205121390963,2.194871507732142,2.2514271672155717,2.3566048327200253
2016-03-09,2.0071578931477516,2.0838322401258416,2.1580288140519923,2.194047983708039,2.25228703944626,2.3610722114379525
2016-03-10,2.0179492967758774,2.0935840191902977,2.1666273841017247,2.202028523243751,2.259178282624674,2.3655754151987245
2016-03-11,2.0059100849150444,2.086018546790859,2.1638912213093624,2.2018345442691145,2.2634005996405318,2.379247648816036
2016-03-14,1.997254466521269,2.0783005837540154,2.1572091854068076,2.1957062457438172,2.2582462628133038,2.376221245236279
2016-03-15,1.9977602934657626,2.078692426581149,2.157477213762196,2.195908823973858,2.258334750941721,2.376064181143893
2016-03-16,2.0128345956372353,2.0946692451567475,2.1743604992910077,2.2132452540139216,2.276424118165446,2.395639466280195
2016-03-17,2.009956829114672,2.091862722906428,2.1716412855178655,2.210575687170464,2.273846057061694,2.3932764216936713
2016-03-18,2.0081020874369693,2.0904695708745074,2.1707487821713816,2.2099475698085635,2.2736784318135417,2.39409853165919
2016-03-21,2.003673150298966,2.087180918952967,2.168696312572811,2.2085477029245877,2.273414933327965,2.396276346212174
2016-03-22,2.005640326551818,2.0896812260256254,2.171758949549574,2.211901684735684,2.2772683807227247,2.4011742071081166
2016-03-23,1.990172589129775,2.073452334040713,2.154776238222227,2.1945462015837847,2.259299609757546,2.3820184307527112
2016-03-24,1.9888911768775612,2.0723166396315307,2.1538012869518344,2.193657087373364,2.2585613532153497,2.381609338172276
2016-03-28,1.9904087005922686,2.0734311952952527,2.1544791697056667,2.194104507804257,2.258607565264539,2.3807939530973607
2016-03-29,2.00254906183483,2.0882247003297434,2.1720620258698426,2.2131292329753003,2.280099366010263,2.407426844081331
2016-03-30,1.993218964633836,2.0805826488963395,2.166260724468156,2.208303487482876,2.2769777346788214,2.4079858937103777
2016-03-31,1.9962540549444765,2.083093568053346,2.168199520746362,2.209938884161809,2.2780828833736804,2.407944806058965
2016-04-01,2.0090749864486734,2.097343815407407,2.183939988184937,2.226445424246152,2.295894431207734,2.4284563115318827
2016-04-04,1.999899950258079,2.0879259554235707,2.174300028922513,2.2167027855651256,2.285993788734386,2.4182923133879584
2016-04-05,1.9953756341769227,2.0816544610190135,2.1661587073505797,2.2075824447232693,2.2751795312116796,2.403875382132884
2016-04-06,2.009402619341139,2.0982430268864607,2.185455995424748,2.2282862136147936,2.298299814791923,2.4320722938714576
2016-04-07,2.001232134133468,2.0875359704765573,2.17204138521702,2.2134565115349263,2.281025379640906,2.4096119521743247
2016-04-08,2.0014991454465942,2.0876340699527307,2.1719556023942577,2.2132733284204242,2.2806720528540625,2.4088907671568704
2016-04-11,2.0066263147771783,2.09168586249333,2.1748215619611666,2.2155058010267528,2.2817902599099824,2.407571824489943
2016-04-12,2.0184388884470557,2.1045157069851657,2.188699523964155,2.229917929197656,2.2971055043056188,2.424729775927232
2016-04-13,2.026410953950199,2.1146738123967967,2.201186910518185,2.243621219094249,2.312907256563263,2.4449749426946674
2016-04-14,2.017043253463753,2.1058955032372957,2.1930875128806426,2.2358946390543104,2.3058507852062826,2.439436339223622
2016-04-15,2.019208389186698,2.1073945833580736,2.1938565900303995,2.236275301037091,2.3055504586561706,2.437654579337838
2016-04-18,2.0265061208530346,2.1153738257168864,2.20254073089013,2.2453197076293616,2.315205479207801,2.4485612107143795
2016-04-19,2.034985012857081,2.1220389518381246,2.207206537935068,2.248917713968906,2.3169256573484898,2.446175498738945
2016-04-20,2.03270421901869,2.120068784550569,2.2055824375732214,2.2474797229743855,2.3158167711249167,2.4457928039856967
2016-04-21,2.0316717278474554,2.1191182199645984,2.204725051388778,2.246673105869748,2.3151008579163737,2.4452803891031043
2016-04-22,2.012771917777238,2.0981824484247076,2.181670625348871,2.2225310783943026,2.289108382837389,2.4154682383208175
2016-04-25,2.013544126202446,2.0989076446568373,2.1823415583984125,2.2231721763576937,2.2896958037728097,2.4159338936912205
2016-04-26,2.013995947594075,2.098320618027102,2.180628872671554,2.220865105693992,2.2863530921098665,2.4103618249790415
2016-04-27,2.012023068323145,2.094807808320671,2.175459127807552,2.2148246009475776,2.2788013496086568,2.3995787988868607
2016-04-28,2.0107710390348292,2.091151367935255,2.169207507351851,2.2072062541185162,2.268806829072564,2.384488250666291
2016-04-29,2.0171827435186973,2.0961042588254872,2.172554146659924,2.2096956536575574,2.269789584456876,2.382179962315412
2016-05-02,2.0204560803419804,2.1011485872987024,2.1794823458722803,2.2176060701158775,2.279394535888572,2.395368343101511
2016-05-03,2.0131900888617564,2.0923916621336267,2.169155110805901,2.206466028572316,2.2668621126928943,2.3799280069037922
2016-05-04,2.005220278764284,2.083590463002049,2.1594942838018722,2.1963660835859216,2.2560184093070443,2.367562470676506
2016-05-05,2.0043284057759916,2.082696882492549,2.1586025183121693,2.19547657297001,2.2551346724800956,2.366697887863215
2016-05-06,2.012955074130715,2.0918747289535777,2.168336592298195,2.205489711237039,2.2656130140206114,2.378100072840711
2016-05-09,1.9997447524720617,2.080113137732587,2.158183761407176,2.196199767389289,2.25784508670209,2.373673586663055
2016-05-10,2.009870985859573,2.09245644572424,2.172864954567588,2.212092081097167,2.275813583408481,2.395983527692302
2016-05-11,2.0094322462287613,2.090124757620474,2.16850360497499,2.206667079540873,2.268547483699278,2.3848018314064077
2016-05-12,2.0044048934507384,2.0844916489501735,2.1622409774579667,2.2000816969658263,2.261413692774153,2.376539385717587
2016-05-13,2.001539289127557,2.0810389543510976,2.15816995452183,2.195690628364739,2.2564743781849113,2.3704551250669805
2016-05-16,2.0086024996861704,2.090259854130543,2.1696775356513034,2.2083869557500933,2.2712145593425728,2.3894915074985934
2016-05-17,2.004606737985302,2.0838683657451016,2.160731366312183,2.198107027372422,2.258633218567179,2.372042117326875
2016-05-18,1.9934161093094827,2.074154256991323,2.1526475808231162,2.190894484865187,2.2529529312220165,2.3697095215032817
2016-05-19,1.9897071410155411,2.0695958044532174,2.1471926556676566,2.18497489586301,2.246236415686167,2.3613252074919586
2016-05-20,1.9931819175706171,2.0751434403665217,2.1549506116233967,2.1938867996459432,2.257139429015941,2.376439767136003
2016-05-23,1.9905687218424704,2.072422000839531,2.1521236952329073,2.191008392572079,2.254177326791187,2.373319622143959
2016-05-24,1.9876694285176817,2.073929265020654,2.1583718025922747,2.1997466907248784,2.2672341774604012,2.395591284000342
2016-05-25,1.9906642501917176,2.0782752859286076,2.1641556423037986,2.206280103281002,2.27505941436194,2.4061432580800712
2016-05-26,1.9886834532744753,2.077056526030015,2.1637627786243065,2.206323208745301,2.2758616756092938,2.408576707404917
2016-05-27,1.9865374282880324,2.076178350539312,2.164253997935439,2.207535632814446,2.2783275686991056,2.413727258447708
2016-05-31,1.9876292280307322,2.07761544399039,2.166057185168988,2.2095291932908903,2.280648527119196,2.4167367156601838
2016-06-01,1.9888328108215942,2.0787640146170183,2.16714109837388,2.2105771763833886,2.2816313563631963,2.417569978952914
2016-06-02,1.9906989888660584,2.080952855927823,2.1696713865743327,2.213284856358199,2.2846439727702887,2.4212238158602726
2016-06-03,2.0038808582363252,2.0923726162943916,2.179118409391564,2.2216675410350084,2.291139571061387,2.4235368163277595
2016-06-06,2.009895617309878,2.098784247499315,2.1859328226766923,2.2286849350785882,2.2984967407660966,2.4315743441438786
2016-06-07,2.0086859360337175,2.0971187284417363,2.1837783341438985,2.2262740048006426,2.2956414779573464,2.4277716494990678
2016-06-08,2.0220419270394743,2.1100402495146016,2.1961667356434957,2.2383586562159774,2.3071649518989927,2.437969495431734
2016-06-09,2.023862688854559,2.1114137262921355,2.197046513333,2.2389745045812837,2.3073162645433527,2.437103544890878
2016-06-10,2.0127895642200198,2.0986421681868204,2.1824834267607818,2.2234827751822572,2.290231272648838,2.4166797069714905
2016-06-13,2.0073295519907637,2.0917913004735347,2.174148789622981,2.214372914965579,2.2797824478620963,2.4033915984315453
2016-06-14,2.0067743391347603,2.091269033304647,2.17366483349797,2.2139101210342336,2.279357866017368,2.403054210731982
2016-06-15,2.0091820998148964,2.092949760868269,2.1745456355723207,2.214364179206011,2.279062086866394,2.401121007201881
2016-06-16,2.0056546596090934,2.0902346411050408,2.1727281498148328,2.213026921682307,2.278570573459878,2.4024833885874717
2016-06-17,2.0045403628619347,2.0868000691262654,2.1667813447718483,2.205754171730518,2.2689882578959932,2.3879316248963156
2016-06-20,2.0085856050401296,2.0918712229199925,2.172946861996058,2.212491429674896,2.2767129825137147,2.3977501185561647
2016-06-21,1.9989993805234163,2.083496233069688,2.165930316523616,2.2062086346735814,2.2717323133530964,2.3956597750157385
2016-06-22,1.9966942792676483,2.080836706463347,2.1628969117563814,2.2029814198131397,2.2681725667190977,2.3914031218373686
2016-06-23,2.0100219086977704,2.0962642708518207,2.180541191952553,2.221775354411008,2.2889398490616544,2.4163091142912596
2016-06-24,1.9925464378469198,2.0713610861868457,2.1476600886132693,2.184706481707056,2.244609520805858,2.3564755981898706
2016-06-27,1.9723825591560558,2.048482587463558,2.1219295732316974,2.1575017911974363,2.214881701735648,2.321483091181831
2016-06-28,1.9895672905683393,2.068879948559288,2.1457330386792624,2.1830771846149037,2.2435064728206253,2.356532903064287
2016-06-29,2.0146747066748487,2.095992975380868,2.1749059893934213,2.213297532669067,2.275494073238547,2.39211276112949
2016-06-30,2.0346389967344414,2.117096623970216,2.197153496269803,2.236116738117983,2.2992631320943735,2.4177564708977934
2016-07-01,2.050186784316068,2.1327451437860168,2.212838726632272,2.2517955096804534,2.3148935602858853,2.433144226534657
2016-07-05,2.0467543750879025,2.1282283406753844,2.2071707859872953,2.24552846421243,2.307595496620821,2.42367559809501
2016-07-06,2.060434572365578,2.1427731797888114,2.222587321345056,2.2613819842964102,2.324176910653211,2.44170018268306
2016-07-07,2.0594264166521095,2.1424614097854495,2.2230283503693244,2.2622197026566293,2.325704386443967,2.4447059751413627
2016-07-08,2.084349378668549,2.1691110676696876,2.251428901212168,2.291501830554387,2.356460750120192,2.4784073268696973
2016-07-11,2.084217650407708,2.170232060363453,2.2538970015169175,2.294677274362754,2.360862515927109,2.485424231944895
2016-07-12,2.081391556629854,2.168692464618617,2.2537521863780565,2.2952688852255427,2.3627366737163236,2.4900547403626208
2016-07-13,2.0858202078329366,2.172305025169176,2.2564688477776187,2.297508588244127,2.364140105315243,2.489640422534662
2016-07-14,2.089251902105903,2.1770187015515527,2.262546052638087,2.304296390635175,2.3721521776218535,2.5002350112109837
2016-07-15,2.0845595685031935,2.1722704746227093,2.257757540091605,2.2994937965351996,2.367335305222393,2.4954249002690205
2016-07-18,2.0921927085385335,2.1808777649854187,2.2673797465697154,2.309637274775669,2.3783658256821996,2.5082857776944905
2016-07-19,2.089788907241217,2.1778176270354916,2.2636242514478417,2.3055203814057226,2.3736277102002687,2.5022424870197217
2016-07-20,2.0913038865816413,2.18182320736302,2.2703005922819837,2.3135964190193525,2.3841265701959213,2.517893957849218
2016-07-21,2.097174298295884,2.186805283946238,2.2743030320532602,2.3170757724724185,2.386686586433921,2.5184477277020503
2016-07-22,2.0982364990391407,2.1887279809481566,2.2771461971710463,2.320400524863922,2.3908437805146523,2.5243709795359157
2016-07-25,2.0916940677530906,2.182623042734687,2.2715391197172914,2.3150646441244422,2.385992087718571,2.5206032724971297
2016-07-26,2.095666111683509,2.1865982244586055,2.2755009185268795,2.319013436575611,2.3899097618981635,2.5244231254089353
2016-07-27,2.1107378036962814,2.2022678677564516,2.2917497220299126,2.3355435667945654,2.4068949804345694,2.5422589562123665
2016-07-28,2.1121098565115908,2.204342386437683,2.294573534598861,2.3387586445582507,2.4107852758661537,2.5475777057666864
2016-07-29,2.121863396956236,2.2139668684579235,2.304018147003024,2.348094149860041,2.4199106112002333,2.5561777113917294
2016-08-01,2.1263744162537996,2.2193745862088425,2.3103753203661785,2.35494470432585,2.427609314785413,2.5656593485152652
2016-08-02,2.1222292903053592,2.213792823458739,2.3032583323481566,2.347024819230007,2.418301751015124,2.5534069217789925
2016-08-03,2.1232001715230164,2.2154338954664086,2.3056199298726523,2.3497648057379994,2.421697984755213,2.558204182371085
2016-08-04,2.127180932331866,2.219805883953473,2.310397128832685,2.35474928371337,2.4270340091123015,2.564261444038518
2016-08-05,2.1269905437603125,2.221757033839734,2.314665511031103,2.3602399006078114,2.434652030485755,2.576449517899116
2016-08-08,2.125166509555561,2.219794523719219,2.312561447953897,2.3580641249240943,2.4323556586405233,2.5739096084355904
2016-08-09,2.1301025863746825,2.224948520716309,2.3179288897340675,2.3635361880456434,2.4379984207300764,2.579877168418641
2016-08-10,2.1298049725094934,2.2240933466771198,2.3164719788749584,2.3617624461297835,2.4356740060789717,2.5763727435518
2016-08-11,2.131264148332954,2.226423248537293,2.319737110508518,2.3655184003799063,2.4402807432699616,2.5827941268606422
2016-08-12,2.129651833971196,2.2250624705139734,2.3186556772937545,2.3645868631568443,2.439613771688264,2.5827089323325065
2016-08-15,2.1371852510324607,2.2330973332284265,2.327198940798989,2.373386110689491,2.4488411429523254,2.5927919251396805
2016-08-16,2.132987482803374,2.2279074844008315,2.3209549539046175,2.3665929994218855,2.4411020963935743,2.583057071818904
2016-08-17,2.135773744298718,2.2309272673282057,2.324214754256846,2.3699748884896135,2.4446900318494427,2.587063901208529
2016-08-18,2.1409054151439957,2.2358045321850715,2.328793694747212,2.3743882685939,2.448803482945826,2.590489856948933
2016-08-19,2.1334132158451533,2.2287102642835883,2.322163642241981,2.3680150482108075,2.442894460543751,2.5856410582036773
2016-08-22,2.1328881267983064,2.2283898409149296,2.322066962089233,2.3680371967721285,2.443124607151224,2.586322307920638
2016-08-23,2.1354972748193597,2.231243342020501,2.3251729955168194,2.3712722029455073,2.4465780473156893,2.59022274206699
2016-08-24,2.119387851288184,2.2146549937663775,2.3081392919182564,2.3540295433177514,2.4290088506929126,2.5720886374600935
2016-08-25,2.117130450481138,2.212170275930329,2.3054188819248824,2.3511884754743773,2.425963008724213,2.568622158828627
2016-08-26,2.1158484111482334,2.2112923678081913,2.3049838814632224,2.3509890905817867,2.426176600514873,2.569733434717708
2016-08-29,2.121685742715878,2.217081831669155,2.3106952378095618,2.3566498777560443,2.4317359446491156,2.575025546459811
2016-08-30,2.1112032072438414,2.2065074038785912,2.300068701779421,2.346012710626336,2.421104414347334,2.5644948160870804
2016-08-31,2.107075797862019,2.2024007569453707,2.29600313086366,2.3419754332822054,2.4171258781260416,2.560677345028925
2016-09-01,2.1117742387102703,2.207387615911542,2.3012811176797525,2.3473995246182824,2.4227936164076587,2.566828511138831
2016-09-02,2.1244409757246867,2.2200224815728467,2.3138222702252618,2.359870096923988,2.4351109587203563,2.5787046947184
2016-09-06,2.1430277277265875,2.238888357960046,2.332904264263387,2.379035434900586,2.4543773866720096,2.5980263562424524
2016-09-07,2.140906862402004,2.2370254752407788,2.331331222334431,2.377619112808799,2.4532394004998928,2.5975069050551687
2016-09-08,2.1313016571202343,2.2266847772312386,2.3202372687329875,2.3661429860133243,2.4411197065850234,2.584084021938518
2016-09-09,2.0918899809808775,2.1840304608208445,2.2742482948747287,2.318456965326091,2.3905682010977145,2.5277006941147837
2016-09-12,2.1132329157382084,2.2079847997297994,2.3009366742005555,2.3465549592482216,2.421073468545649,2.5632082161700245
2016-09-13,2.092184879247138,2.186217358650314,2.278486850798814,2.3237794371276888,2.397780098289476,2.5389828017544662
2016-09-14,2.097664198704843,2.192411886894955,2.285431884130307,2.3311120457784544,2.405775515715402,2.5483589953067396
2016-09-15,2.1108342477415905,2.2082048113854613,2.304009448216112,2.3511395494376135,2.4283000665314276,2.57615084411017
2016-09-16,2.106061435889245,2.2036085618079913,2.2996270685530495,2.346878141820517,2.4242609708247462,2.572632729731766
2016-09-19,2.1045734410912393,2.201242115576477,2.2963143486599407,2.343067740625727,2.4195862574239837,2.5661079526941113
2016-09-20,2.106611704163269,2.20357666207662,2.298960881643092,2.3458757874277576,2.4226710992807856,2.569771606988321
2016-09-21,2.13166205425655,2.229322733809507,2.325344953970208,2.372555449897911,2.4498065793964843,2.597670391465514
2016-09-22,2.143448108809667,2.242192138377157,2.3393348985139717,2.3871180722818464,2.465339778603046,2.6151925856453055
2016-09-23,2.1354420663370464,2.2332199362912633,2.329351676046402,2.376613777488043,2.4539458983167424,2.601951209945086
2016-09-26,2.123213626790467,2.2198395369605217,2.314778352415889,2.3614302523147517,2.4377274157400444,2.5836088272505466
2016-09-27,2.129304532100611,2.2277681914810623,2.324672741126906,2.3723535106225917,2.4504303129026592,2.6000945549130354
2016-09-28,2.1317339090278367,2.230432691834795,2.3275810366639083,2.375386627493318,2.4536753096200403,2.60377501163144
2016-09-29,2.1193277842724516,2.2171314705140337,2.3133664462929797,2.3607098900380246,2.4382222143959353,2.586757001397158
2016-09-30,2.127484102153912,2.2264725277374455,2.323955006267605,2.3719442656181275,2.4505633444860764,2.6014124350098635
2016-10-03,2.1229483527835242,2.2218799997073364,2.319322783808727,2.367298885220791,2.4459062555138535,2.596771557841977
2016-10-04,2.0937005243256364,2.1939927837013458,2.293055612858327,2.3419393170313008,2.422203175120713,2.576911878288367
2016-10-05,2.0982496456029036,2.1990649108518365,2.2986748382758893,2.34784046490986,2.428585589371211,2.58429380067646
2016-10-06,2.092058476659745,2.1931207619156696,2.2930290298477005,2.3423631683069828,2.4234177047160435,2.579850353117106
2016-10-07,2.0885314674454976,2.1893112185859382,2.2889290596282024,2.3381154345224395,2.418920514534433,2.5748455801658867
2016-10-10,2.099053230907473,2.20062782302752,2.3010598388416588,2.3506593694109266,2.4321603333137656,2.589495222262624
2016-10-11,2.0765084278640122,2.176205803958082,2.2747039029674547,2.323317890688381,2.4031526577578033,2.5570881472713562
2016-10-12,2.0779028236933055,2.177331812660394,2.2755313027719866,2.323984809495099,2.4035358977858055,2.5568456423677977
2016-10-13,2.0747382564094563,2.173563890795751,2.271122254513803,2.3192416944197243,2.398217068414929,2.550310707133257
2016-10-14,2.0721509648590706,2.171389149467404,2.2694086446544155,2.3177766492776417,2.3971924492578833,2.5502613818119277
2016-10-17,2.0696211651692344,2.1684064737212143,2.2659454813221873,2.3140633914015076,2.3930485829633046,2.5452093849996373
2016-10-18,2.084369555913954,2.1842477950783317,2.282904973758776,2.3315897956734,2.4115290858498293,2.565619945674005
2016-10-19,2.090075774893444,2.1896039587395855,2.2878530456399337,2.3363120717364065,2.4158430887413496,2.569000157777324
2016-10-20,2.085838819610375,2.1853506299305008,2.283602198959363,2.3320697583670285,2.411626019758156,2.5648756983688377
2016-10-21,2.089301473193566,2.189436872176672,2.288350149047316,2.337162164689769,2.4173115576520257,2.5718123167230234
2016-10-24,2.0992365059222613,2.2014563712216733,2.302589387491495,2.3525597661856903,2.4347079583687146,2.593440310157999
2016-10-25,2.099746301375209,2.2012243947476606,2.301548127383077,2.3510891441164583,2.4324862236970137,2.5895903244049236
2016-10-26,2.089661389853079,2.1902069690203056,2.2895646843987043,2.338611404725803,2.4191698242267132,2.5745515414410454
2016-10-27,2.0858111602340923,2.185568153555537,2.284086546141424,2.3326954283863004,2.412498573563626,2.566282187230115
2016-10-28,2.082547218465193,2.181106869293817,2.2783385173506563,2.3262716651105397,2.4049026257653785,2.5561816407598332
2016-10-31,2.083956711800655,2.1822283752487355,2.2791400224630434,2.3269013370569773,2.4052287558486762,2.555838952494721
2016-11-01,2.078138821666852,2.175100561993207,2.270614878197366,2.317646118346587,2.394712468952226,2.5426479586409982
2016-11-02,2.0736150777755906,2.1691004482175353,2.263029635793795,2.3092289507755264,2.3848528688045336,2.529708714702975
2016-11-03,2.0674973007823962,2.161224689737155,2.2532699182332543,2.298481744108999,2.372395343780768,2.5136064165868914
2016-11-04,2.0648756005085396,2.1580069337946117,2.249416033381262,2.2942953821440133,2.3676345167032125,2.5076265009718854
2016-11-07,2.083279743006147,2.180393062626155,2.276047569047768,2.323144251884107,2.4003123104734754,2.548421353561998
2016-11-08,2.088048410256604,2.186306386183742,2.283183787951217,2.3309200908209933,2.4091939821180253,2.559652257748314
2016-11-09,2.098237832120239,2.1969164784962,2.2942026116545597,2.3421379494914083,2.4207345557137376,2.5717988639317877
2016-11-10,2.078429520772542,2.174701938203312,2.2694645622756378,2.316097111688425,2.3924661504090725,2.538890454175246
2016-11-11,2.062046858718228,2.1593583927759146,2.2553310543749108,2.302632700573876,2.3802110555517206,2.5293997027923734
2016-11-14,2.050024243665496,2.145843933682861,2.240250792166968,2.28674361575628,2.362938332423555,2.5092423303976394
2016-11-15,2.0707478598275704,2.168341757059477,2.264579789087542,2.3120070815897535,2.3897835838324015,2.5393222324862816
2016-11-16,2.0715234834973533,2.1703617673145326,2.267950504709967,2.3160919723230666,2.395114384124621,2.547341408522445
2016-11-17,2.0768401515933586,2.1769595538156783,2.2759170749444015,2.3247745035159553,2.4050347850845895,2.5598917350467794
2016-11-18,2.066828588651579,2.1667038919839987,2.2654440123054336,2.314203453843768,2.394317135601674,2.5489474505930017
2016-11-21,2.081927889377118,2.1832108902298097,2.283410385451673,2.3329169931864615,2.4142990251483747,2.571536759001251
2016-11-22,2.085250389420497,2.1870141903648364,2.2877209850706217,2.3374906231127976,2.4193240595740373,2.5775083177076015
2016-11-23,2.0697885941313916,2.1715482205037584,2.2723250461814346,2.322158308304008,2.404140908385566,2.5627876604446147
2016-11-25,2.071100096722155,2.1734938848906493,2.274954635198139,2.3251479409586224,2.4077563906664725,2.567745241909406
2016-11-28,2.0728447251284656,2.174633370049944,2.2754270406027097,2.3252639827235297,2.4072455018126417,2.565862283846892
2016-11-29,2.073682698133993,2.176188990130184,2.2777597383553365,2.328006882246088,2.4107030516238566,2.570858324641128
2016-11-30,2.0547535300195596,2.155662206796661,2.2555853372321257,2.3049921681311023,2.3862666523158076,2.5435174100796356
2016-12-01,2.0357865354784836,2.134036195774457,2.231147636899042,2.2790941276590826,2.3578583862436537,2.5098287508638384
2016-12-02,2.037316298198049,2.135902165255583,2.233373373919914,2.2815082815399608,2.360598697176579,2.5132636882281627
2016-12-05,2.046641585196206,2.1463572706490632,2.245016340877882,2.2937656821158603,2.373908557495789,2.5287734510619373
2016-12-06,2.0505882620985996,2.1505972975167547,2.2495570846184414,2.298459128526284,2.378859379146227,2.534246476134858
2016-12-07,2.0681816253254124,2.1699228869035223,2.270687246467694,2.320516574326096,2.4024961147721,2.561150236130877
2016-12-08,2.0711069903099433,2.1730701247615665,2.274062230453083,2.3240073209582612,2.4061821466387467,2.5652331486180806
2016-12-09,2.0807305397641507,2.183861831328198,2.286082198708751,2.3366626541283804,2.419925842555781,2.581251981229693
2016-12-12,2.0766337120533773,2.179003730932461,2.2804126736531884,2.3305693315127898,2.413100596085992,2.572874220195823
2016-12-13,2.0901884157168507,2.194552062812709,2.2980717010701386,2.3493255494408434,2.4337441483546054,2.5974927630611226
2016-12-14,2.082911675374401,2.1872222775903922,2.2907206833524585,2.3419763094339885,2.426416730563961,2.5902816820636305
2016-12-15,2.086897230516799,2.191334124762586,2.2949504472591067,2.3462615754594878,2.430788984976954,2.594805327822592
2016-12-16,2.0827769513822565,2.1866255403769013,2.289619619861215,2.3406075141782408,2.4245792389363814,2.587426456805643
2016-12-19,2.0873125586418384,2.1918090066465536,2.295488327313336,2.34683218417414,2.431415863684404,2.595550612975291
2016-12-20,2.0925579534238588,2.1976076662520314,2.301865246763371,2.3535069478215203,2.43859893900487,2.603789165789917
2016-12-21,2.09021960401175,2.1952340872557103,2.2994649688283904,2.3510966800596638,2.436177181614886,2.60136456666163
2016-12-22,2.086871107737813,2.1914472487010546,2.2952159076805336,2.3466080266892413,2.431277392208642,2.5956026138651005
2016-12-23,2.088365997501288,2.1930059094977237,2.296836724428636,2.34825918709256,2.4329778688309256,2.597396157768424
2016-12-27,2.0938785720529314,2.1993509046263635,2.3040637631765444,2.3559450059094815,2.4414532580578947,2.6075359894000174
2016-12-28,2.0825518845775957,2.186927386967622,2.2904985492949206,2.341793480264217,2.4263036851231243,2.5903237621714714
2016-12-29,2.08155350013245,2.185672216692713,2.288967739527546,2.340118001372903,2.4243773252793144,2.58786140547918
2016-12-30,2.0715211860052545,2.1739382680018275,2.2754244723577903,2.3256313586207504,2.4082637628105377,2.5683056807964935
2017-01-03,2.0833024490813465,2.1870102735856216,2.2898481368561274,2.3407521985781745,2.4245758837893785,2.587096987583383
2017-01-04,2.091213548187186,2.1956742327598273,2.2992953272449688,2.350601462335486,2.4351093635412746,2.5990437788953376
2017-01-05,2.0944616946030883,2.1999881420744654,2.3047584361842235,2.356669624126945,2.4422295688735898,2.6084221022397474
2017-01-06,2.1032759049142706,2.210256201755519,2.3165718688705805,2.3692886584598316,2.456237729797104,2.6253687450430117
2017-01-09,2.103290350195125,2.211002471676257,2.3181185282092907,2.3712607849871814,2.4589555193032275,2.629708850702196
2017-01-10,2.1047089070571374,2.212837077311318,2.3204009885411505,2.3737787644964214,2.4618826116017596,2.6335125849787167
2017-01-11,2.108753164133807,2.2172620617940098,2.3252218378426073,2.378802749066603,2.467252152603664,2.6395954391089287
2017-01-12,2.105890829449221,2.214210055375332,2.321976929616354,2.3754604660990544,2.4637466155548813,2.635761981087927
2017-01-13,2.1099364655395103,2.218801135255996,2.3271440325302915,2.380926475310217,2.469726031915993,2.642819916113168
2017-01-17,2.105318364650333,2.2137607582501735,2.3216652639906377,2.3752230011296174,2.4636406814813734,2.635947698263965
2017-01-18,2.108161855216196,2.2169049189532584,2.3251238313597318,2.378843570235257,2.4675378227682514,2.6404195038876916
2017-01-19,2.1052237180995546,2.214019399613158,2.322310809766674,2.3760743993923583,2.464853114727561,2.6379465935658355
2017-01-20,2.1095044594247736,2.218557876505356,2.3271094212792502,2.381003563514019,2.4700000100864714,2.6435264178832005
2017-01-23,2.1081152680114315,2.2174286501992215,2.3262716085195145,2.3803231793026236,2.4695991417915577,2.643746983218865
2017-01-24,2.1174125282238627,2.227731803574232,2.3376277075746663,2.3922222287103923,2.482425728038775,2.6585030928450495
2017-01-25,2.13090750940792,2.2427697691617325,2.354284732351521,2.4097155672786315,2.5013499020678522,2.6804118639049936
2017-01-26,2.131075435755759,2.2431664741026114,2.3549308189992346,2.4104939236896437,2.5023596479465184,2.6819234781263663
2017-01-27,2.1310581687998553,2.243589763207125,2.3558360719996516,2.411655423688378,2.503970307152267,2.6845116069322468
2017-01-30,2.121284536281716,2.2325618825634157,2.3434860204392374,2.3986201605200383,2.4897594045722546,2.667835888787527
2017-01-31,2.1196169431245306,2.230528607793575,2.3410612488282485,2.3959902801174278,2.486774355311502,2.6640939465633364
2017-02-01,2.124908671819096,2.237096528088226,2.3489995844278964,2.404648131394483,2.496680432224898,2.6766689691951204
2017-02-02,2.124754566573512,2.236754378525258,2.348451400885226,2.4039902593586286,2.4958300365834423,2.6753984212907436
2017-02-03,2.1315185594949675,2.243805430772467,2.35578159266947,2.4114564500248123,2.5035168141283144,2.683499612681043
2017-02-06,2.1313991452858847,2.2439597429496603,2.356237680706765,2.412073861567652,2.5044183321012063,2.685024674513947
2017-02-07,2.1340270303065836,2.247269993130974,2.3602843649698335,2.4165086136133462,2.509528474644892,2.6915875260839184
2017-02-08,2.136146596911768,2.249652918408718,2.362945526544435,2.4193142259171,2.5125823421055578,2.695163639542973
2017-02-09,2.142976483024211,2.2569447159610867,2.3707084628168036,2.427315527202826,2.5209841165517726,2.704373195239691
2017-02-10,2.148024391084359,2.262476686203412,2.3767455972662934,2.4336126179412942,2.5277245722410653,2.712033505275119
2017-02-13,2.1560111723711355,2.2713283439455307,2.3865054292509305,2.443841887565449,2.53875759638864,2.7247459271837235
2017-02-14,2.1614882213718283,2.2772847933708564,2.3929595887541355,2.45055119870388,2.545900638015649,2.732783355474958
2017-02-15,2.1694208743668577,2.286156482527566,2.4028213292150005,2.4609261884871163,2.5571565987742324,2.745888405523674
2017-02-16,2.1685723828723797,2.285281061022051,2.4019208801001612,2.4600140113070377,2.5562261298717357,2.7449264965646334
2017-02-17,2.1730405183462334,2.290513458277628,2.4079698335300828,2.4664902633406975,2.563441709559301,2.753716126398027
2017-02-21,2.180855991499232,2.2990601236604533,2.417278534400647,2.476190719680481,2.5738097451894695,2.7654670124676475
2017-02-22,2.180484570313888,2.2987973245924493,2.417137244323339,2.4761150079218828,2.573850413168299,2.7657663846830944
2017-02-23,2.1782164198781633,2.29577442387636,2.413296328495869,2.4718417827925627,2.5688229826684297,2.7591099448610668
2017-02-24,2.180561323965169,2.298442056856283,2.4163062902565775,2.4750299756330394,2.5723182311637824,2.763253949437196
2017-02-27,2.1826160991944925,2.30067431908367,2.418722671758639,2.4775406910071,2.5749892218466264,2.7662551267739035
2017-02-28,2.1786762611675554,2.2962280220613307,2.413740566520759,2.4722801396323706,2.569249726749158,2.75950657567254
2017-03-01,2.196561088678912,2.3157022224483805,2.4348673577639794,2.4942551112639224,2.5926680189604405,2.785907071915605
2017-03-02,2.1882584230517477,2.306661376262819,2.425058679560541,2.484052231605747,2.5817941531404167,2.7736460391673816
2017-03-03,2.1902158552530304,2.308941748840253,2.4276842754051033,2.48685856574913,2.584913356686159,2.777432030005072
2017-03-06,2.186584921723678,2.30498552406405,2.4233895385978625,2.482389980337798,2.580148769890555,2.7720551719097877
2017-03-07,2.1828657260498128,2.3010691443868283,2.419276400992666,2.4781789676420223,2.575775846141237,2.7673654267203776
2017-03-08,2.182801606692739,2.3014139301282373,2.4200724414672936,2.4792164316253498,2.577238801753849,2.7697636416603766
2017-03-09,2.1842775203240157,2.3029904748399797,2.4217517466524927,2.480947774085526,2.579057645050695,2.7717592767323964
2017-03-10,2.190044442607087,2.309431575480507,2.4289042013143343,2.4884692318543467,2.587212865571739,2.781246367414255
2017-03-13,2.1914790914079725,2.3111806133359907,2.4309919392449344,2.4907352511780365,2.589788903808674,2.7844883878819373
2017-03-14,2.1869093033373144,2.3062808834839417,2.4257537886280987,2.485325152678034,2.5840888063043557,2.7781990016194595
2017-03-15,2.197860052504318,2.3180983193149176,2.438466038176254,2.49849428050239,2.5980318511269673,2.793727663720936
2017-03-16,2.1960797646692356,2.3162507484874792,2.4365541718139516,2.496551545403318,2.5960397677248563,2.7916457669830232
2017-03-17,2.1945404663311163,2.3147090568389217,2.435018398525651,2.495021973120086,2.594525470850074,2.7901810873336923
2017-03-20,2.194252088844012,2.3146475119108545,2.435208584278832,2.49534733430805,2.5950897827445902,2.7912732628584487
2017-03-21,2.173890349566019,2.291795775503066,2.40972433390525,2.4684955779519773,2.5658864796618,2.7571173047156474
2017-03-22,2.1804987476662117,2.2996203774876487,2.4188533015963998,2.4783089868825043,2.5768869729697705,2.770656254197545
2017-03-23,2.177726376635672,2.2964069706426353,2.4151689785503248,2.4743783219180946,2.5725301698201153,2.7653923745648386
2017-03-24,2.178872172012505,2.2979711482771243,2.4171881350435065,2.4766385067087535,2.5752117298589003,2.768987525059263
2017-03-27,2.1793079684432324,2.2987556814951016,2.418354796407829,2.478008641792672,2.5769390881348677,2.7714949740302943
2017-03-28,2.1890044258537342,2.309368582118937,2.4299243501401726,2.490070614976319,2.5898411359974594,2.7861410445749235
2017-03-29,2.1930893598416303,2.3143219622192825,2.4358126533751547,2.4964507870073036,2.597076275096606,2.7952114820146905
2017-03-30,2.196624349462586,2.3180644718442314,2.4397643424619426,2.5005073566370144,2.6013076178355794,2.7997898200965876
2017-03-31,2.194271145590192,2.3156728935242663,2.437343530986867,2.498075555238058,2.59886310769211,2.7973419544486884
2017-04-03,2.1926095050951715,2.31395267113543,2.4355685075039624,2.4962747217308365,2.597021836653017,2.795430558631548
2017-04-04,2.1942345031906405,2.3158633237609942,2.437785605362495,2.498652666760038,2.599678841482003,2.798684742845137
2017-04-05,2.1890808579951546,2.3100241088069557,2.431218065336183,2.4917054528970417,2.592076734424002,2.789695526649893
2017-04-06,2.191515179285176,2.3124586746194216,2.4336390326503365,2.494114217683045,2.5944569206491894,2.791986722285921
2017-04-07,2.1903841261393557,2.311262008118266,2.432376294590894,2.492818377549146,2.5931059578774622,2.7905264681873794
2017-04-10,2.1910945813005887,2.3120242416403705,2.433191705563291,2.49366083449469,2.5939940715263865,2.7915075277224246
2017-04-11,2.1872380683256574,2.3073644882305837,2.427666188399046,2.487679410628732,2.5872195074118176,2.7830275124961137
2017-04-12,2.1809549465875655,2.3004698006829343,2.420131399177307,2.4798144821167263,2.578790345991538,2.773422989841634
2017-04-13,2.1735275042912092,2.2925057964530042,2.4116167063517415,2.471019851732115,2.5695233630273293,2.7631952392930974
2017-04-17,2.185883378471501,2.3061301857492182,2.4265726549869338,2.4866640101358177,2.5863458727595,2.7824805851909185
2017-04-18,2.182766867475,2.302820339124466,2.4230668906509214,2.483059610776551,2.5825764883220574,2.778381209168267
2017-04-19,2.1825925266809283,2.3030219176111872,2.4236849253977786,2.4839010502569074,2.583812563305085,2.7804882513133986
2017-04-20,2.194562533200203,2.316314838146147,2.438371724858486,2.499310217378703,2.600461460737359,2.79973928874977
2017-04-21,2.1920695891053263,2.3138944381009,2.4360457026488453,2.4970397812745557,2.5982963102800114,2.797832687425355
2017-04-24,2.2087506932501855,2.3325364033391573,2.456759760944349,2.518829936124055,2.621936598388859,2.8253689804919024
2017-04-25,2.2183888285193767,2.3433870488714357,2.468895553116933,2.531634571542695,2.6358932904934207,2.841759685872887
2017-04-26,2.217034517216113,2.3417684797860927,2.466992644166305,2.529582107976494,2.6335809054202017,2.8388893725464537
2017-04-27,2.2219681936826055,2.3478709544603347,2.4743587573658434,2.5376150514221454,2.642775980401435,2.8505909961110714
2017-04-28,2.2220002790576747,2.3483211581243437,2.4752708792544684,2.5387745101624986,2.6443716977761302,2.8531471376117494
2017-05-01,2.2257712957570757,2.353996730346699,2.483034970357702,2.547651555121229,2.6552043509690195,2.868258666033438
2017-05-02,2.227177860747202,2.3557313456232776,2.4851249599014844,2.5499293597390555,2.657809921723822,2.871573037356522
2017-05-03,2.2135813177163715,2.3420377218016384,2.471403768132909,2.5362217525228727,2.644167018247802,2.8582236501889944
2017-05-04,2.207381067502973,2.3362252895237736,2.466057749764056,2.5311390297903955,2.6395682445103876,2.8547630558409476
2017-05-05,2.2143773647902334,2.34374309341805,2.474112471623179,2.5394673441464626,2.6483592132395612,2.864499051064417
2017-05-08,2.214280071067744,2.3441677526036755,2.47511630698718,2.540782262028649,2.6502242815299764,2.867581043373489
2017-05-09,2.211886673537989,2.3427182043125194,2.474727140258581,2.54096726327785,2.6514313262372067,2.871073327021935
2017-05-10,2.2135960507157875,2.344482290926514,2.476541810280884,2.5428055163001955,2.6533061479204703,2.873010042902325
2017-05-11,2.2143131862167236,2.3449748627718217,2.476781223196401,2.542907546293996,2.6531631981175203,2.872317742290772
2017-05-12,2.2167916528026357,2.3478671563460076,2.480117666748488,2.5464772187661167,2.6571377007282067,2.87715949255697
2017-05-15,2.2251975516568976,2.356622617600194,2.4892111406782225,2.555734578050669,2.6666595809538767,2.8871729142874716
2017-05-16,2.2308135209871507,2.3629652479284236,2.4963262365823597,2.563252580671358,2.6748729405938416,2.896860860216921
2017-05-17,2.2114820733513976,2.338454725323191,2.466188338954332,2.5301344785087028,2.636544982665417,2.8472329904927505
2017-05-18,2.214856189043181,2.343715954754843,2.473521635997757,2.538572938226837,2.6469267934159246,2.86187230551692
2017-05-19,2.226434706061061,2.3557311003242174,2.4859526313985745,2.5512029763153588,2.659874000285944,2.8753922848197346
2017-05-22,2.239584675207829,2.3702408890885938,2.5018924082103626,2.5678828657643953,2.677822732870463,2.8959996186799035
2017-05-23,2.237304011145052,2.3683125773317713,2.50036811891176,2.566580200879534,2.6769186296462433,2.896001595146465
2017-05-24,2.245422454226781,2.377139258699053,2.5099321103243875,2.576523005113644,2.6875067138466266,2.9079258906106986
2017-05-25,2.2546623487837776,2.387980886116312,2.5224949157621124,2.5899903847743584,2.7025453357168714,2.9263347098362704
2017-05-26,2.262406089038766,2.395778942035641,2.5303075913046116,2.597794742976276,2.7103118167685327,2.9339317549900326
2017-05-30,2.259937675828796,2.3936374362688704,2.5285430068326704,2.5962376279743506,2.7091288055155553,2.933602849257233
2017-05-31,2.2624410182448536,2.3959328604013344,2.53059320774016,2.598150976941174,2.710792767417887,2.934687946126326
2017-06-01,2.2720275887342143,2.406004934014885,2.5411461408097584,2.608941658356696,2.721974454518386,2.94662544030781
2017-06-02,2.2887699982206966,2.4247077754450146,2.5619277662904167,2.6308057493570782,2.7457042597537016,2.974303322819029
2017-06-05,2.2888023245735356,2.4246877628547088,2.561849312295552,2.630695769278949,2.745538319382074,2.97401278443201
2017-06-06,2.291933410513448,2.4267076487306984,2.562613427935611,2.6307771612686124,2.744400257765337,2.9701315024680808
2017-06-07,2.2922396031896306,2.427947588300602,2.564890564020267,2.6336118961658856,2.7482220171262224,2.9761407830173408
2017-06-08,2.2883916065114653,2.424533314413612,2.5619825630892086,2.6309847661576002,2.746104556326261,2.9751992051347957
2017-06-09,2.261144362040803,2.392481382164132,2.524751245007514,2.5910249579011526,2.7013953126400003,2.9202618572705976
2017-06-12,2.255862723475728,2.3861767361276276,2.5173406199354913,2.583030537748651,2.6923829795485545,2.909050955106019
2017-06-13,2.266345756447312,2.39808307588053,2.5307664588771015,2.5972514294583053,2.707979868136859,2.927581178247146
2017-06-14,2.2579870880333166,2.3890822899018103,2.5211024408459775,2.5872486173201086,2.6974028501657683,2.9158261341317733
2017-06-15,2.2500803988534015,2.380495305529942,2.5118069652993222,2.5775890037936398,2.6871227147988535,2.9042599320757505
2017-06-16,2.2471558460578582,2.3766854507379787,2.5070298991351296,2.5722977049169935,2.6809294009203146,2.896098076991314
2017-06-19,2.260112107426637,2.3929577302737197,2.5269127083989202,2.5940956708135667,2.706080298432923,2.9285422446240146
2017-06-20,2.2474975991060506,2.3790651847944235,2.5116754064775475,2.5781620080396026,2.6889521576815385,2.9089083584271807
2017-06-21,2.256815991759218,2.390290837991286,2.5249662544377145,2.5925441602667516,2.7052388538422196,2.9293151564609596
2017-06-22,2.258768681561979,2.3920844933544605,2.526570947183945,2.594042896334426,2.706543756908679,2.930167201692836
2017-06-23,2.2657630588632207,2.3996688085284275,2.534768804802328,2.602555771326976,2.7155929666550183,2.940326141259812
2017-06-26,2.2560226340997143,2.3892631192576985,2.523682608831956,2.591124489682408,2.703580643649918,2.927136592433308
2017-06-27,2.2390847229851647,2.368787779074934,2.4993747976707867,2.5647907265286243,2.6737100622929555,2.8896105687987443
2017-06-28,2.2570464727991126,2.3892883543443477,2.522590308875027,2.589428455295371,2.700811688777005,2.9219740625140136
2017-06-29,2.2337213945852854,2.362928135957095,2.492995782359767,2.5581438316162775,2.6666052634099637,2.8815512895395847
2017-06-30,2.2335148482833915,2.3628160269195777,2.4929900314966815,2.5581957768266745,2.666760081847543,2.8819368605006916
2017-07-03,2.214829901959525,2.342530502525689,2.471040938796084,2.5353930326726157,2.642504820964844,2.85468021395352
2017-07-05,2.2264952514508685,2.355931936826368,2.4863011797737142,2.551627806175243,2.66042901288983,2.876216151447344
2017-07-06,2.212709823821476,2.340681626833648,2.469506313347603,2.5340319463939696,2.6414574982122208,2.854352534277956
2017-07-07,2.217798670143827,2.3480399456637135,2.479356067728096,2.5452105469558615,2.654973046198394,2.8729900798292154
2017-07-10,2.224647557674921,2.3561015143357182,2.488723911145381,2.5552661378898076,2.66622515359272,2.8868162814548803
2017-07-11,2.2271514467791156,2.359152995335881,2.4923688124575194,2.5592247761884006,2.6707315293498963,2.8925082143117806
2017-07-12,2.2442139837822666,2.3782253879990645,2.513571588631434,2.5815365396211627,2.694954137131033,2.9207718548557398
2017-07-13,2.245796266727255,2.380262080618297,2.5161037219703766,2.5843316997463983,2.6982100936098186,2.9250311622823775
2017-07-14,2.261318862298996,2.396945380007384,2.533982997507139,2.6028207904472693,2.7177310260221583,2.9466623115084323
2017-07-17,2.2649217768863736,2.4004971913943347,2.5374561927568027,2.606243975720237,2.7210545811993083,2.9497239630917065
2017-07-18,2.275661222915741,2.4123504552879984,2.5504822933658913,2.6198777159180295,2.735731036294964,2.966589255495837
2017-07-19,2.2840598798710716,2.4217859582156076,2.561019264521816,2.630988973053462,2.747833164582966,2.980791986746831
2017-07-20,2.2864394304914946,2.4243773345449124,2.5638316489808792,2.633915096668371,2.7509533286454793,2.9843151319069596
2017-07-21,2.2919518585945178,2.4295262083823155,2.568543088647017,2.6383794728527494,2.7549633292230893,2.987255146544711
2017-07-24,2.2956366319419175,2.4341636065551517,2.574216902366667,2.644602709428313,2.7621479304566687,2.9965286774468662
2017-07-25,2.292995347656743,2.431015540814131,2.570521604517671,2.6406188072473764,2.757661209093676,2.9909575294274857
2017-07-26,2.301679576900359,2.440091196693639,2.5799796902279617,2.650263902849473,2.767610656110468,3.0014826071736866
2017-07-27,2.295506848604032,2.4326566829384486,2.5711802328447995,2.6407436972792784,2.7568334275472073,2.9879894605703985
2017-07-28,2.299716461836686,2.4364619166587858,2.574510550284779,2.6438095918879485,2.759418223940801,2.9894598883217136
2017-07-31,2.2963899681548936,2.4322512996608787,2.569337479333851,2.638126101851312,2.752841319268729,2.9809405860339835
2017-08-01,2.2991919602713944,2.4354850126922907,2.5730338235973775,2.6420651314264907,2.757201182195833,2.986199563417717
2017-08-02,2.3000521556836877,2.436966051063248,2.5752006784064005,2.644599336607101,2.760383723488313,2.9908119113379525
2017-08-03,2.2967887781121172,2.4329056044068915,2.570273054227341,2.6392119702777346,2.7541918105647847,2.9828711845407274
2017-08-04,2.29358736734334,2.4302937753523803,2.5683372767278496,2.6376471576762803,2.753294465381996,2.983493280595112
2017-08-07,2.298973583610686,2.4369715508225447,2.5764196082797683,2.646473907904512,2.763423624809776,2.996452239279232
2017-08-08,2.2979782979346393,2.4355988440403924,2.5746328934187255,2.6444664737094623,2.7610281424243124,2.993206552731156
2017-08-09,2.3061608433056557,2.44307861662217,2.5812799081149063,2.650647275826956,2.7663570693303896,2.996548691851835
2017-08-10,2.284601925322482,2.4172862784669538,2.5509078379221943,2.6178566642496195,2.7293477806630175,2.9504210426102526
2017-08-11,2.2951130729463247,2.4291215591723443,2.5641523466820866,2.631836912629247,2.744598999867755,2.9683727520380225
2017-08-14,2.3068301040279193,2.443394698005662,2.581198707268151,2.6503507246385234,2.765676769837572,2.9950084144379776
2017-08-15,2.3012894609286945,2.4382814683988037,2.576595423128923,2.6460340869063534,2.761885496442674,2.9924481616829155
2017-08-16,2.309617355744798,2.446645407676609,2.5849481553757774,2.6543625949624268,2.770144981210283,3.000457689440239
2017-08-17,2.285908313028613,2.419040285500868,2.5531520796863907,2.620361984651873,2.7323117007083813,2.9543882325262865
2017-08-18,2.2829894115203393,2.416087768412023,2.5501801334759158,2.6173859539417137,2.729337576585344,2.9514522262459404
2017-08-21,2.2855450548348806,2.4182194175978475,2.5518240425583514,2.6187616916356493,2.730230044392587,2.9512418057310006
2017-08-22,2.30137619427195,2.4369574040855886,2.573700333048402,2.642292999813984,2.7566448320319488,2.9838763047916728
2017-08-23,2.298858408347693,2.4336925257192368,2.569619315166712,2.6377780889921416,2.7513688494614956,2.9769393999612834
2017-08-24,2.292435629781987,2.426856881781334,2.562363660809464,2.630310338998097,2.743545339504499,2.9684003944424404
2017-08-25,2.2954646063717687,2.4292364943067395,2.5640017352904994,2.631542568665498,2.7440488266013188,2.9672503652222084
2017-08-28,2.3102500601466995,2.4440794826049137,2.5788176360405393,2.6463115902869947,2.758688442725494,2.9814309686151006
2017-08-29,2.312385347178697,2.4470644783288673,2.5827353606974746,2.650726812688374,2.7639786579566605,2.988639536497156
2017-08-30,2.3245544056453564,2.461514300781619,2.5996491077311745,2.668940504628195,2.7844580306753723,3.0140091554142514
2017-08-31,2.3466933516688373,2.4852497373009275,2.6250252874254665,2.695151668348914,2.812079618303518,3.0445059434438075
2017-09-01,2.348181610011208,2.48632786224956,2.6256381432482856,2.6955109610141905,2.8119851528844233,3.043387655981265
2017-09-05,2.3442504167772005,2.480353739880638,2.617415437404064,2.686086778346946,2.8004448076333825,3.0271968284329733
2017-09-06,2.345218061842632,2.4820240525424353,2.619861505540854,2.688948195646229,2.8040389972523485,3.0324058947881616
2017-09-07,2.3551496836302084,2.492068183425177,2.6299700209752412,2.6990698188416387,2.8141529482792422,3.0423883952347537
2017-09-08,2.346495419446482,2.4816773575911295,2.617700329905439,2.6858078457702823,2.799160087887615,3.0236543965319274
2017-09-11,2.3526233452555485,2.4903403959341484,2.6291460345227238,2.698737662525483,2.8146999167235207,3.0449152527088987
2017-09-12,2.359450825971012,2.497442777152142,2.6365124466832843,2.7062313476372495,2.8223978262887,3.052987675321921
2017-09-13,2.3549943096719645,2.4935352822334655,2.633242977210665,2.7033148757459124,2.820120544063394,3.0521801032999294
2017-09-14,2.353558865577636,2.4907050277066114,2.6288698611744925,2.6981146317854834,2.8134595255823167,3.0422941573463023
2017-09-15,2.3533813391984806,2.491385865234251,2.63050666500035,2.7002662429264785,2.8165236590911205,3.0473852277798095
2017-09-18,2.3467663401932533,2.484755519143083,2.6238997258000136,2.6936862453301975,2.810011963911134,3.0411013099195157
2017-09-19,2.350517509119209,2.4887568164871645,2.628156321675348,2.6980720866874557,2.814615092878841,3.046143382505075
2017-09-20,2.34217273223333,2.4800364457056236,2.6190691893027136,2.6888056907501396,2.805057091772215,3.0360344514643747
2017-09-21,2.3294276088896755,2.466372335400537,2.604460751560673,2.6737167341104437,2.7891565498377053,3.018479839235606
2017-09-22,2.332317212661006,2.4688879451029386,2.606542632045205,2.675558950576831,2.790565218504464,3.0188931709981146
2017-09-25,2.3305653585376587,2.46462824733039,2.5995038242421797,2.667028453929853,2.7793976760425023,3.001894194816885
2017-09-26,2.324384418572791,2.4593674609638456,2.5953044787275945,2.6634136930454435,2.7768377201549725,3.0017460693171962
2017-09-27,2.327171920980438,2.464222394527895,2.6024422515097676,2.6717738565910722,2.787354652331321,3.017016765704599
2017-09-28,2.329286146424194,2.46615228042907,2.6041541326562645,2.6733638404175926,2.7887221213633486,3.017866114527239
2017-09-29,2.333741659357217,2.4721710165186184,2.6118845986994423,2.682005755850082,2.7989647910749573,3.0316095321122702
2017-10-02,2.3326682760004283,2.4713691937263507,2.6113914995674934,2.681681137374131,2.7989420072805626,3.0322690349458847
2017-10-03,2.3363785009872484,2.475433233856304,2.6158265623002404,2.6863078571101946,2.803896779791928,3.0379093263254644
2017-10-04,2.340235890254635,2.4793489893286678,2.6197834778097238,2.6902784925042065,2.8078796223882905,3.0418744103858826
2017-10-05,2.3483372537094516,2.489500773004834,2.632168166828562,2.703847761166896,2.823523057132827,3.0620307992253712
2017-10-06,2.3521665587822085,2.4934916171790054,2.636315217470103,2.7080705400924057,2.8278680378353442,3.066602671264725
2017-10-09,2.356314553271215,2.49715844753201,2.6394206984723345,2.710864682797689,2.8300973280140003,3.067529040313974
2017-10-10,2.3610273006199303,2.5018389121025937,2.644036111175496,2.715434753267045,2.8345722359491026,3.0717377464184414
2017-10-11,2.367116715372065,2.5083921737094137,2.651068209984282,2.7227113546036437,2.842263086163392,3.0802778993678697
2017-10-12,2.365141762167512,2.5060507202686333,2.6483308924725675,2.7197652061115294,2.838952996989536,3.076182389407428
2017-10-13,2.3751131143955053,2.5165263454356395,2.659306388680786,2.7309880340198016,2.850582900731803,3.088600503807053
2017-10-16,2.373431553216995,2.5157883168952657,2.6596292779249815,2.7318858565983914,2.852505039698183,3.092817446114216
2017-10-17,2.3696110718479533,2.512467689151133,2.656888785582085,2.7294661010913965,2.8506657668513076,3.092312002501903
2017-10-18,2.366470714607008,2.5091677223027715,2.6534305053048697,2.72592945010944,2.847000067554011,3.0883961895133742
2017-10-19,2.368372166165049,2.510047543154499,2.6531610956352583,2.725037073692265,2.844997547864162,3.0839056672818925
2017-10-20,2.369583388881098,2.5118813304819048,2.655680566927393,2.727923101544071,2.8485294739022384,3.088858190940257
2017-10-23,2.362531741575961,2.503511115255829,2.6458858090586768,2.717376730643407,2.8366730502509343,3.074173872578634
2017-10-24,2.3622412039507434,2.503658263756022,2.6465220729168717,2.718276995342104,2.8380421537615343,3.0765877544308777
2017-10-25,2.3554523193340606,2.4962343929178266,2.638433138118221,2.70984481487981,2.829022903794273,3.0663434645252545
2017-10-26,2.3474170060488144,2.487774774761866,2.6295507276896712,2.700752338459203,2.8195833245935695,3.0562263663654528
2017-10-27,2.3803891571158555,2.5264785382483392,2.674432431755715,2.748888397015124,2.873384025366257,3.1222259665779584
2017-10-30,2.3807119561535943,2.5273632976439337,2.6759408855053324,2.750731973445199,2.8758205744618905,3.125975888732433
2017-10-31,2.38203959550706,2.5295965436819303,2.6791742362388264,2.754500926268241,2.880534683673358,3.132773962342856
2017-11-01,2.3857138602864816,2.5330242692742657,2.6823003636759983,2.757456022077531,2.883174175974047,3.1346659069647536
2017-11-02,2.3850371498430074,2.5318955953596842,2.6806706033381213,2.755557138525788,2.880799175542625,3.1312361612425006
2017-11-03,2.391552691341909,2.5405490680739735,2.691672873662516,2.7678132188471296,2.8952623348742446,3.1505473273884808
2017-11-06,2.402282115871859,2.55166841743832,2.7031587141994957,2.779472383108853,2.907194194473428,3.1629567134568823
2017-11-07,2.3992986746294647,2.5489664569262316,2.7007909152507037,2.777291945872835,2.905356616444791,3.1619211537899345
2017-11-08,2.4066561588676905,2.5570290159725637,2.7095943028975276,2.786478613708315,2.915200280354049,3.1731416441564337
2017-11-09,2.402822476907428,2.552018904932283,2.7032933417389513,2.7794891656776874,2.9069997340852027,3.1622839965144367
2017-11-10,2.3959379289369047,2.5454218380112676,2.6970624533294756,2.7734718957652786,2.901384855243127,3.1576518001012523
2017-11-13,2.3988547365380115,2.5485254167679967,2.700355995935806,2.7768613527623183,2.904935176561632,3.1615255838696603
2017-11-14,2.395728649344189,2.544607030633614,2.6955717809268935,2.771616614117693,2.8988821956953474,3.1537062991350737
2017-11-15,2.3870030567198017,2.535070628953539,2.6851851722228903,2.7607907838715926,2.8873044482111783,3.1405565391619596
2017-11-16,2.403837225923928,2.5544010546843983,2.7071982106209345,2.7842142486493877,2.91317934560985,3.171698719065563
2017-11-17,2.408028100215799,2.557426385949443,2.7088928120384947,2.7851803864922404,2.912836871827107,3.1683832099555493
2017-11-20,2.3985538348978057,2.548171395673286,2.699944517940577,2.77641952883864,2.904440406927211,3.1609162850096753
2017-11-21,2.4137976298627826,2.565516465067855,2.719540768447657,2.797196807719128,2.927266622794532,3.18813059516512
2017-11-22,2.421453962190997,2.573150149142365,2.727099456646888,2.804697396013061,2.934638699013066,3.1951220333792536
2017-11-24,2.4242376165610002,2.5767579240665,2.731610871091734,2.809690545371192,2.9404789212087996,3.2028194478538103
2017-11-27,2.4268296452663076,2.5791191488256744,2.733697150294654,2.811622349444664,2.942127610235196,3.203804300152205
2017-11-28,2.4369341717288378,2.5894416983140864,2.7441979895460795,2.822196284983204,2.952798154053439,3.2145668686151705
2017-11-29,2.417132873008332,2.5659793902851957,2.7167696562492125,2.7926710653603988,2.9196111492071144,3.1734465386216595
2017-11-30,2.4247711427803527,2.5754234974900205,2.728183864141533,2.8051319388640645,2.9339072150755463,3.19174655722807
2017-12-01,2.422902869618258,2.572540703854663,2.724178651325204,2.800524746903791,2.928236267838994,3.1837236788383683
2017-12-04,2.40989264019327,2.557144562922075,2.7061992564586514,2.7811801052633403,2.906508345461291,3.156835705694961
2017-12-05,2.4017916690436714,2.549569778467442,2.69926501980492,2.774610300916832,2.9006127077653554,3.1525432172607304
2017-12-06,2.403884606771879,2.552718612660693,2.7035807504428657,2.7795513885316314,2.906658156729282,3.161027664942122
2017-12-07,2.3985995140902476,2.548533976514747,2.7006604685149656,2.7773259650592346,2.905684810159899,3.162912831751655
2017-12-08,2.4064711285387284,2.557188237416475,2.710138837935336,2.787231365191102,2.916323189481663,3.1750910425884653
2017-12-11,2.4120462356322854,2.564513697587425,2.7193850580596606,2.7975020776815116,2.928396079947119,3.191117762814505
2017-12-12,2.4133123020064304,2.565373914001265,2.7197833897663775,2.797648088704863,2.9280895735916412,3.189785996486215
2017-12-13,2.4215867759299448,2.573780533681475,2.7282843065508553,2.806181004739447,2.9366521940400814,3.198314113033998
2017-12-14,2.416094349649354,2.5683488636561225,2.722956024259583,2.8009211140508574,2.931531858166621,3.1935721115643503
2017-12-15,2.433746445125794,2.58816406925362,2.745075434427679,2.8242444643506457,2.9569366202038943,3.223406730362179
2017-12-18,2.4494916735795598,2.605410829098714,2.7638991179051215,2.8438837050668395,2.977973392586944,3.2473704403513217
2017-12-19,2.442016273892362,2.596699080812072,2.7538534983073673,2.833134868367658,2.965999505912243,3.2327537905558983
2017-12-20,2.442830214867147,2.5971932318115263,2.753984892637577,2.8330685067426864,2.9655790697735362,3.2315332869523257
2017-12-21,2.4457505906252233,2.600017362814774,2.756682571285904,2.8356912204871976,2.9680589897047884,3.2336589747611573
2017-12-22,2.448792170907537,2.6026234651155065,2.7587822017845207,2.837510392148586,2.969369816567159,3.2337983294377204
2017-12-26,2.448892216175011,2.601300924860432,2.755868673781194,2.8337374757966565,2.9640694786117656,3.225088178444032
2017-12-27,2.452460592262848,2.6047442305625177,2.7591491178706993,2.8369218114845887,2.9670713227381924,3.2276393075813012
2017-12-28,2.4592705245863455,2.6115687875137485,2.7659460494574657,2.8436882514150366,2.9737612302548637,3.2340754728124343
2017-12-29,2.4564306111646683,2.607236611456695,2.7599639765156616,2.8368217015575783,2.9653323264988507,3.222194613061105
2018-01-02,2.4865832018332443,2.640610219214572,2.7967425583604966,2.8753696172462226,3.006924599674762,3.270210486639407
2018-01-03,2.4977294081545507,2.653836030407218,2.8122200086164906,2.892037025204892,3.0256691857157874,3.2934516958964184
2018-01-04,2.506934566464731,2.6630977410367427,2.8214859452677006,2.901284365851999,3.034853540616128,3.302384469288037
2018-01-05,2.5201087179301482,2.6783780018647327,2.8390344658834126,2.920027215297438,3.055674731712732,3.327680390823648
2018-01-08,2.524827409104989,2.683940326872406,2.8455089523385713,2.926983304524354,3.0634708263195627,3.337292357958369
2018-01-09,2.5229546801460954,2.6821681696567268,2.843861130456313,2.92540683517583,3.0620271790870612,3.3361674596004045
2018-01-10,2.5216466335359744,2.680282443954031,2.841338486796121,2.9225434058015387,3.058562746034167,3.331378841901392
2018-01-11,2.5363414515587994,2.6961777688430937,2.8584807342623257,2.940325305299001,3.0774328911470645,3.352497868480696
2018-01-12,2.558227729417549,2.7190933508844757,2.88240594688581,2.9647457907324872,3.1026617896499804,3.3792649070920784
2018-01-16,2.5542218141383652,2.7144797146190243,2.877139110373514,2.9591354993895727,3.0964545341991294,3.371775049722635
2018-01-17,2.564844294105125,2.7275905076080775,2.892961441897028,2.976397189688683,3.1162380618086165,3.3970529227793937
2018-01-18,2.5617076515026618,2.724644603890254,2.8902486878603435,2.9738173830937047,3.113904587811403,3.3953065385903844
2018-01-19,2.572045829572156,2.735390396986346,2.9013836048164494,2.9851388684160436,3.1255237871322135,3.4074646803114454
2018-01-22,2.589937080180781,2.7554612112526113,2.923774524600888,3.0087414006507487,3.1512200063740528,3.4376128854865313
2018-01-23,2.603253970211263,2.7705093029688914,2.9406711729827073,3.0266055353046415,3.1707591289565866,3.4607257100946356
2018-01-24,2.6073688606655776,2.772597697071722,2.940469527772397,3.0251585959093186,3.167087063081274,3.4520428851686313
2018-01-25,2.601741194608918,2.767121623936403,2.9351988278253103,3.0200115016126103,3.1621778166177625,3.4477318897590434
2018-01-26,2.626056050752005,2.7946679601811066,2.9661991748051744,3.052820874939026,3.1981210228824284,3.490368595111413
2018-01-29,2.6110930091793465,2.7789852334046445,2.9498083429064703,3.0360818056014427,3.1808121547550208,3.4719699971285696
2018-01-30,2.5911194298673563,2.757561890435884,2.9268934487904557,3.012407202433126,3.1558532553533034,3.4443888479112337
2018-01-31,2.600846035137813,2.7680250329655802,2.938117052644043,3.0240191769744706,3.168123350106153,3.4580088201307144
2018-02-01,2.5951913724578697,2.760227919306855,2.927956821683167,3.012595158930622,3.154471270794443,3.4394496755361748
2018-02-02,2.547784414815218,2.709344495891607,2.8734912969125777,2.9563029343456724,3.0950875521406203,3.373739846617856
2018-02-05,2.4812836040099704,2.6350333239981514,2.7908628724766125,2.869329185566523,3.0006013441723893,3.2632608725522525
2018-02-06,2.509728491578883,2.6691355530382044,2.83112250999285,2.9128553211997024,3.049848586765372,3.3249700297598785
2018-02-07,2.4904656568835337,2.647249647160193,2.8064226019019527,2.886677526360435,3.0211042430042068,3.2907179259104766
2018-02-08,2.4262407376751676,2.574675611179585,2.7249113473558597,2.800479797200413,2.9267785787864264,3.1789909061694224
2018-02-09,2.4502962118581175,2.6020515823923707,2.7558517284529227,2.8332929927544455,2.9628453836069886,3.2220445224532908
2018-02-12,2.480371083934666,2.6353883085858403,2.792646491070325,2.871888610123337,3.0045458156102876,3.27032159742586
2018-02-13,2.4914221684100912,2.647313863365831,2.8054789746843687,2.8851858534934154,3.0186330757576596,3.286039006439909
2018-02-14,2.532373093986243,2.691425296588527,2.8528614205426783,2.9342419374239794,3.0705301192483763,3.343782776549887
2018-02-15,2.559449718847957,2.7223004175298327,2.8878170391660483,2.9713426351489494,3.1113590571199996,3.392623963360974
2018-02-16,2.5530482821265608,2.714958353749041,2.879462470220882,2.96245504534882,3.1015439351565988,3.380811246714827
2018-02-20,2.537824946625315,2.700921620738536,2.8668600066742886,2.9506655717281904,3.0912547538208024,3.374078852743924
2018-02-21,2.527334149672349,2.6901060345191734,2.8557506080080177,2.9394220899028274,3.0798083614813496,3.3623111988507777
2018-02-22,2.5326474491035698,2.695161059191588,2.8604799758136306,2.9439624364125967,3.083993812973644,3.3656334901459535
2018-02-23,2.5620883829166834,2.728873594491266,2.8987880305514837,2.9846888242291723,3.128927083591299,3.419621802709639
2018-02-26,2.5854286748538384,2.7548767159158,2.9276222989410345,3.015000538528626,3.161790597381052,3.4579081005120638
2018-02-27,2.554993367413336,2.7222763348671917,2.8927971964256147,2.979043301888122,3.123920954093195,3.416139231094851
2018-02-28,2.540034814427148,2.706183168971724,2.8755314803493466,2.961178307170017,3.1050397098325977,3.3951704789913553
2018-03-01,2.5120602550568765,2.674950974785006,2.840825301527306,2.9246550928203763,3.065371702086396,3.348793146089465
2018-03-02,2.528536818260539,2.6931918791998513,2.860937654235128,2.945742500453681,3.0881409768582064,3.375128607541831
2018-03-05,2.5460764365863566,2.712985167518856,2.8831458608454885,2.9692180965087642,3.11381642060464,3.4055214578009974
2018-03-06,2.5609933118984376,2.728438810383903,2.899099839478998,2.9854068360406587,3.13037130648025,3.4227032770065384
2018-03-07,2.557140222162202,2.7253726562431417,2.8969464539583707,2.983758336692098,3.129637557262948,3.4240781548436727
2018-03-08,2.563902227882558,2.7333595724801985,2.9062652323881757,2.993783278015343,3.1408988735696877,3.4380316143111225
2018-03-09,2.5962242790292582,2.769688215073783,2.946879190903285,3.036643288399799,3.1876530390045903,3.4931197027153207
2018-03-12,2.5997802329147737,2.7745839842567754,2.953258521378336,3.0438190191308516,3.1962375545468027,3.5048264975196224
2018-03-13,2.5838457573432834,2.755474839840759,2.9306864287174283,3.0194067842665793,3.1685975600594585,3.4701355514027448
2018-03-14,2.5787305716259805,2.750520074092636,2.9259479060281763,3.0147982366303525,3.164239107826771,3.4664071757153474
2018-03-15,2.5715969013118887,2.7434356717601656,2.9189686795277927,3.0078936835450274,3.157493100841961,3.4601119198880412
2018-03-16,2.5679090935720543,2.739075295173647,2.913876834969696,3.0024139454683962,3.1513341310262035,3.4524736008752237
2018-03-19,2.539731419473794,2.7061585329441566,2.875821244754169,2.961638859048602,3.1058052235896354,3.39662221799124
2018-03-20,2.540140155334191,2.707439774745318,2.878081890370371,2.9644300459226582,3.109541850591441,3.4024803011298665
2018-03-21,2.549587063863427,2.715320585481407,2.884133784798788,2.9694660414599845,3.112731244670482,3.4013910114627866
2018-03-22,2.5042288287884023,2.6651538530025696,2.828869806858067,2.911547502519676,3.0502356430400015,3.329197167285025
2018-03-23,2.4760644680382384,2.6312039476865134,2.7886028982483295,2.8679216369573552,3.0007146261520146,3.266785980824969
2018-03-26,2.532467222751345,2.6948257168744254,2.8599586678358744,2.9433357706979097,3.0831721456683123,3.364344274248019
2018-03-27,2.486097683816208,2.641748827893487,2.799653885212817,2.8792225599894166,3.0124260806225838,3.279288628851916
2018-03-28,2.462463756595145,2.616121581708053,2.7719472874452262,2.8504457225501465,2.981822850249872,3.2448884897392745
2018-03-29,2.4878090670591844,2.6450879609557383,2.8048135851073246,2.8853661109588,3.020319505547735,3.2910959704203577
2018-04-02,2.4557749944700147,2.6068190130198494,2.7597661938769797,2.83672564318311,2.965390349689441,3.222480873562767
2018-04-03,2.4690302702890987,2.622402442606658,2.777868744157426,2.8561590102385646,2.9871461678193794,3.2492625174039276
2018-04-04,2.49174314147778,2.648243081026645,2.8070614736895574,2.887110799041227,3.021150412759857,3.289806732852068
2018-04-05,2.498798215432581,2.6565017083774625,2.8166210441467046,2.8973571520684764,3.032594575820249,3.303840267681641
2018-04-06,2.4630214204558913,2.6156095393739114,2.77023762696841,2.84808879399399,2.978315125371033,3.238805694289762
2018-04-09,2.475608054289468,2.6294736715940297,2.7854491306449725,2.8639993087515516,2.9954267294851817,3.25844541862628
2018-04-10,2.50880673590138,2.6670032330646865,2.827608689204931,2.9085842765831575,3.0442141726375276,3.316212867915864
2018-04-11,2.50604983947932,2.662821665835496,2.8218504080054583,2.901980153266842,3.0361150201975056,3.3048068361386465
2018-04-12,2.5132090639090405,2.672874556263048,2.835095532449878,2.91693411012566,3.054084037935865,3.3294250878912077
2018-04-13,2.5117995057436073,2.6701309603757046,2.8308678271635572,2.9119074838033585,3.047641328029436,3.3198352202003467
2018-04-16,2.5262686775551018,2.686011411322612,2.848233038396077,2.930041589304791,3.0670945170845334,3.3420568807492863
2018-04-17,2.554322513065325,2.718654191119272,2.885828509563785,2.9702488620992646,3.1118529192490136,3.3966382393404393
2018-04-18,2.557380048719847,2.722142987746531,2.889779984486532,2.9744433144409377,3.1164692711974435,3.402159536314255
2018-04-19,2.543036021950212,2.7058838435525607,2.871471242230971,2.95506007724632,3.0952230568568817,3.376927817115804
2018-04-20,2.515889660661551,2.6755875477602977,2.837827173364278,2.919669596073347,3.0568174123864615,3.3321205096570785
2018-04-23,2.5070182450933367,2.666422633072433,2.8283919997475433,2.910108976671413,3.0470633201609107,3.3220440360216563
2018-04-24,2.4818017433405077,2.636609530722109,2.793598990857959,2.872682855589161,3.005038698577562,3.270055416839936
2018-04-25,2.479478545025321,2.634703540207203,2.792175304338539,2.8715252710730317,3.0043621022268336,3.270482525541417
2018-04-26,2.502466248855424,2.662235759177598,2.8246437690948385,2.906608432757773,3.0440184560462624,3.320073950928827
2018-04-27,2.5072439842655276,2.6669707622651897,2.829299541038865,2.9112102644826714,3.0485084103090716,3.3242546496049306
2018-04-30,2.488825893000354,2.647446957542292,2.808658986433974,2.8900089206090978,3.0263712576587887,3.300254518353597
2018-05-01,2.493919541996905,2.6553488750616694,2.819677263287551,2.902702207014255,3.0420300733638377,3.32249277791913
2018-05-02,2.4829984491119688,2.643314651741101,2.8064676637444417,2.8888822789800317,3.0271605655793663,3.305410454870475
2018-05-03,2.485282185862869,2.6454683365679235,2.808460055890405,2.8907819040702596,3.028887166237562,3.3067203270425716
2018-05-04,2.513479372256495,2.6775116523206552,2.844628795135428,2.9291169715057235,3.070983814158309,3.3568866418352945
2018-05-07,2.5235546225209693,2.6894098827126047,2.858504534515526,2.9440393338295285,3.0877356556481788,3.3776095185867567
2018-05-08,2.522812403460566,2.688419786801374,2.8572413231588887,2.942630025181196,3.0860686989418493,3.375374709062268
2018-05-09,2.5384825668701003,2.706398190577275,2.8777040165155663,2.9644003817789084,3.110114283639556,3.4043189266020533
2018-05-10,2.5610100066970283,2.730826954249463,2.9041143456478746,2.9918298551671185,3.1392816939632224,3.437093887744446
2018-05-11,2.561585455195729,2.731114984790066,2.904076024213208,2.9916134737744047,3.1387462331997362,3.435836170926205
2018-05-14,2.5600835362590018,2.730153595274847,2.9037312109479974,2.991606057228548,3.1393448318994714,3.437811724669607
2018-05-15,2.53110016051542,2.699313554371678,2.8710031801603435,2.9579249296498364,3.104065481459858,3.3993199798069744
2018-05-16,2.5391203873067325,2.7088168323808146,2.882116410533383,2.969890683296376,3.1175220695647172,3.4160149640762776
2018-05-17,2.5355191691292083,2.7043004431031337,2.8765974650298376,2.9638375308844553,3.1105298590372854,3.4069644783257145
2018-05-18,2.529241911955091,2.696860389978967,2.867895043859062,2.9544666166600635,3.0999898898653573,3.3938849323465767
2018-05-21,2.5409413199825925,2.70960704189732,2.8817379079956833,2.968875094689925,3.1153656515491828,3.411279215630935
2018-05-22,2.5369605423777264,2.705434053667773,2.8773760667499744,2.964420494083088,3.1107594741126663,3.406384040694447
2018-05-23,2.5474904100818025,2.717849831419004,2.891836898580115,2.9799634347080097,3.1281935358911257,3.427921472285228
2018-05-24,2.5524845183541234,2.7225492317025086,2.896172015694796,2.984089425592692,3.1319300025216537,3.4307216437588974
2018-05-25,2.5487880989583647,2.719289511841132,2.8934271530871145,2.9816321182535566,3.1299974552420293,3.4300118997733806
2018-05-29,2.534985817328974,2.7048418022455296,2.8783482200624935,2.9662443299785197,3.1141068447731417,3.4131701970022608
2018-05-30,2.553665836406658,2.724715715091623,2.8994358812587167,2.987944604188906,3.1368342202895745,3.4379613404553773
2018-05-31,2.546066047347892,2.7172586342569502,2.892190087512181,2.9808313134358784,3.129982909239507,3.431793685279466
2018-06-01,2.5626418782051736,2.737462651745573,2.9163608894000985,3.0071157713249645,3.159983535684116,3.469945579365042
2018-06-04,2.5745482503111305,2.7513876302157416,2.9324796535920497,3.0243974384730663,3.1793010518099556,3.49369609175424
2018-06-05,2.5778577682163224,2.755427711432821,2.9373209388468284,3.0296660947480527,3.1853218146450217,3.5013694907113724
2018-06-06,2.5900133693399523,2.7687320576504337,2.9518347495187847,3.0448067072104004,3.2015386207498824,3.519849220129367
2018-06-07,2.5829015561915445,2.7596210622981716,2.940517177216136,3.0323069921853447,3.1869509988696096,3.5006452609921634
2018-06-08,2.585695810805867,2.762321755119625,2.943091950060838,3.0348061080001205,3.189304526651861,3.5026317362471837
2018-06-11,2.5892804189257594,2.766514731043836,2.9479461164231076,3.040010774470347,3.1951228146969237,3.5097862215780857
2018-06-12,2.5949788869071835,2.7734554946894097,2.9562487851061277,3.0490397115679375,3.205429597711512,3.5228998338458943
2018-06-13,2.5920592224840053,2.7706341727653574,2.9535596914560385,3.046430027852018,3.2029726752196033,3.5208278803975723
2018-06-14,2.6033737010562477,2.784340803269528,2.969886318238018,3.064152928820342,3.2231509541398067,3.546394466940072
2018-06-15,2.599181002974974,2.7793247180197023,2.963970581204759,3.0577585282936828,3.2159159693175527,3.537319208393973
2018-06-18,2.5967936240142024,2.7768679761518347,2.9614527871040557,3.055213637635798,3.2133314092148817,3.5346778530357175
2018-06-19,2.591164993357502,2.770661601729648,2.954634618921952,3.048077076576666,3.205646170365066,3.5258310983589407
2018-06-20,2.598774909613942,2.779968840850331,2.965803874059307,3.060239760183759,3.2195574395431694,3.5435857688607113
2018-06-21,2.585771057285432,2.7650159926532467,2.9487438157666794,3.042066706607482,3.1994418296941904,3.5192628569057542
2018-06-22,2.5854875952786704,2.764121085925069,2.9471603302426597,3.0401093659226426,3.1968169477322084,3.515134731025682
2018-06-25,2.554266193626269,2.7278169194670463,2.9053412992294336,2.995370268274493,3.146970678278466,3.4541863261313135
2018-06-26,2.5595427693797115,2.73400428506079,2.912519187257422,3.003073476296982,3.15559391874456,3.4648143367841486
2018-06-27,2.54101540173356,2.71246719024731,2.8877167885177606,2.9765422373486263,3.1260391096657294,3.4286873906244963
2018-06-28,2.5531180734977252,2.7264265592104997,2.903685643426005,2.9935732348059174,3.1449250383333176,3.451595155975202
2018-06-29,2.5568188193028467,2.7307165193083778,2.9086143186214617,2.9988398862160546,3.1507824866408094,3.4587356753323646
2018-07-02,2.5642726614019162,2.739714985535133,2.919303285824933,3.0104293123950674,3.1639547064854647,3.4753786920279452
2018-07-03,2.5514665981845996,2.7242171387246588,2.900857969051577,2.990413460627582,3.1411774243978474,3.4465429874404077
2018-07-05,2.568987890108696,2.744437176130493,2.9239992106245856,3.015098881086037,3.1685597992798735,3.479773564215651
2018-07-06,2.589850523783105,2.7687774847759123,2.952116279082987,3.045216966149342,3.2021794958349963,3.521012186523742
2018-07-09,2.6055283017185706,2.7863637682810283,2.9717445956281594,3.0659159442813553,3.224735434289857,3.5475452873268774
2018-07-10,2.6094146791821675,2.7903054524160584,2.975720614838936,3.069900693382147,3.228721499397159,3.5514810264312393
2018-07-11,2.5985102832939644,2.7783912134320023,2.9627447624699523,3.056375273155977,3.2142534152788738,3.535034380485793
2018-07-12,2.6215617746693827,2.805393600755846,2.9940425329482743,3.0899505693268376,3.251816743561526,3.581284731478171
2018-07-13,2.6230946509636035,2.807105966453572,2.9959465230281785,3.091954872438871,3.253994794694608,3.5838340043528216
2018-07-16,2.620256694716528,2.8036925508667343,2.991903711991073,3.087576957842751,3.249028064541421,3.5775769180744974
2018-07-17,2.629245404826787,2.8140695744538142,3.003783667467639,3.1002514448453713,3.2630903222884653,3.5946488559054828
2018-07-18,2.629498723344006,2.813770032473525,3.0028578791004494,3.0989843538479196,3.2612119594254287,3.591387047805991
2018-07-19,2.621770733517949,2.8049077944732077,2.9927705311210073,3.0882503721352457,3.24935005030383,3.5770847763305715
2018-07-20,2.6206569388538217,2.803773753172147,2.9916216844381207,3.087096322616749,3.248190793628464,3.575929038624811
2018-07-23,2.625042096546296,2.8088972240845376,2.9975472829698657,3.093447024427822,3.2552855633745255,3.5846434351134007
2018-07-24,2.6333516803671015,2.8180628750482515,3.0076196505404984,3.1039913432449833,3.2666432914602064,3.597723512110314
2018-07-25,2.6533714394990904,2.8413219179639464,3.034392309694299,3.1326240362023454,3.2985285814489402,3.636677126504698
2018-07-26,2.637546832891462,2.821694388457476,3.0105842130583866,3.1065823723991755,3.2685509122552494,3.5980307791185515
2018-07-27,2.619578432558766,2.8005500230132347,2.9859828972015,3.0801465963945334,3.238900726165814,3.5613703453281946
2018-07-30,2.6023479484633105,2.7799868106678707,2.96178034166865,3.054008477287853,3.20936468280272,3.524399643879003
2018-07-31,2.6135549891031977,2.7928944114709067,2.9765274764543523,3.0697275646010915,3.226780657159611,3.545492719324158
2018-08-01,2.615438691397833,2.79576726237049,2.980505465336587,3.074302509756642,3.23241716949506,3.5535039860444204
2018-08-02,2.6321564004225744,2.815657905593262,3.0038634576156267,3.0995056744204392,3.2608614092219765,3.5890478693571453
2018-08-03,2.6386161245886552,2.822740976690575,3.011604218389395,3.107587824476164,3.2695305513840127,3.598954651909943
2018-08-06,2.6471596882933843,2.832634775688157,3.0229629632018504,3.119722276480993,3.283021845150396,3.615396449301836
2018-08-07,2.653420660217419,2.839700423221226,3.0308929949000056,3.1281068187301133,3.29219668163236,3.626271774859249
2018-08-08,2.654038552625677,2.840642623898559,3.032197668199875,3.1296073401015536,3.294045563622622,3.628900298722194
2018-08-09,2.6523838125243424,2.8388771042059364,3.0303190153373913,3.127671384992974,3.292013227634243,3.6266730888322485
2018-08-10,2.639804890802472,2.824580050141809,3.014170498508748,3.110547155717106,3.273189206942452,3.6041791418524083
2018-08-13,2.6356304964263835,2.820248541032053,3.0096920600263295,3.1059995962226306,3.2685335816129637,3.599337571427135
2018-08-14,2.6465871794899085,2.832574125520586,3.0234858596965855,3.1205645704417613,3.2844382045076754,3.618119915683544
2018-08-15,2.629264533505542,2.8124019208643736,3.000216771614322,3.095653711827241,3.256652756894859,3.584072649129887
2018-08-16,2.639235429001613,2.822925608013858,3.011292313658506,3.1070038007364116,3.268456942853967,3.5967644531793566
2018-08-17,2.6426251749687286,2.826249325607229,3.014516218440188,3.110164461396484,3.271491608293487,3.59946641474367
2018-08-20,2.6437263661578814,2.827055642371523,3.014980654316187,3.1104397691679564,3.2714241218587707,3.598607750249634
2018-08-21,2.6491514095779873,2.833317377266333,3.0221491939060776,3.118088115930405,3.2799112032358755,3.608916672732348
2018-08-22,2.65207634358854,2.8372374559619917,3.0271739113711904,3.123706956222365,3.286582875488733,3.6179297701885025
2018-08-23,2.6499029962392138,2.834735910002797,3.0243169998088457,3.1206621379919754,3.2832097673326093,3.6138442743074144
2018-08-24,2.6635142712423727,2.85048445036806,3.0423837291876668,3.1399561378887726,3.3046501143844926,3.6399505800311296
2018-08-27,2.6798122703553164,2.8691017299367365,3.0635053172454736,3.162399359475199,3.3293985430625455,3.6696867399985043
2018-08-28,2.681577662074698,2.871226786241703,3.0660243704262817,3.165128431915516,3.3324970346775,3.6735964188755372
2018-08-29,2.6968157706482403,2.8892514565960083,3.0870900508390617,3.1878108986433578,3.3580171947482196,3.705324168434738
2018-08-30,2.6919157713830293,2.8840165436876157,3.0815123490198313,3.182059275608524,3.351972580390952,3.6986853215318773
2018-08-31,2.6930346693270284,2.885472179578773,3.0833408178373105,3.1840879256609576,3.3543554654753382,3.7018541087340364
2018-09-04,2.6876017284397604,2.878981399627641,3.0756903869461825,3.1758202440600596,3.3450034120859593,3.690126290377207
2018-09-05,2.6735319001548596,2.8617006247608185,3.054868504331319,3.153101735783367,3.3189349172697824,3.6566462123889982
2018-09-06,2.6631393072908836,2.8491418040843746,3.039927705045385,3.1368876893683657,3.3004756881761357,3.633233904963579
2018-09-07,2.6582323260828606,2.8433271210109785,3.033119200851953,3.12954952057288,3.2922058378889,3.6229174532541384
2018-09-10,2.6627162415402648,2.848594569920177,3.0392425958630422,3.136128391827367,3.2995848503173995,3.632050134474392
2018-09-11,2.6724950641661738,2.8601901051413847,3.052827533977363,3.1507737177269446,3.316095578625579,3.6526592227982353
2018-09-12,2.670110126879138,2.8570546834213655,3.0488574483163293,3.146354029339969,3.310878011939012,3.645662152519237
2018-09-13,2.6847898754452837,2.874226932849023,3.068749322788332,3.167691915838611,3.334754372632549,3.675095378373421
2018-09-14,2.682441576327351,2.8711269358626965,3.0648129980664875,3.1633049786330805,3.329567599454646,3.6681241082539953
2018-09-17,2.6651119975922226,2.8503162494594365,3.040179374080409,3.1366296498633632,3.2992946496475044,3.629924466634949
2018-09-18,2.677191556065745,2.8642849152360306,3.056201888487199,3.1537414610968417,3.3183146916924553,3.653106318718826
2018-09-19,2.6774760129156796,2.864342482567723,3.0559993138787998,3.1533959385628947,3.3177113745137925,3.651912471007361
2018-09-20,2.6946979393291377,2.8840741026204464,3.078450375907056,3.1772859397436446,3.3441171176553945,3.683785853519375
2018-09-21,2.689004059992876,2.8770207994152805,3.0698958278315818,3.167926578078675,3.3333351324545597,3.6698522760503165
2018-09-24,2.68854983179362,2.877373781483457,3.0711699944270214,3.169705418365256,3.336021938921844,3.6746108784695544
2018-09-25,2.6889174058967167,2.8781157976963634,3.072334834534622,3.171100323741841,3.337828490485634,3.67734825857736
2018-09-26,2.6868423240246253,2.8763166824852573,3.0708655495110286,3.1698169827321703,3.3368872128390343,3.6772156035902714
2018-09-27,2.697082036542395,2.8886086058946985,3.0854110202711693,3.185565932202401,3.354756674693614,3.6997568484134105
2018-09-28,2.696982354797901,2.88845048684321,3.085187241600725,3.1853065439297215,3.354433740505547,3.6992908558071487
2018-10-01,2.702006635513606,2.8938836149975873,3.0910462677457744,3.1913845812432764,3.3608852591390854,3.7065179187517914
2018-10-02,2.699551876151515,2.8908652796501126,3.087406341683642,3.187411707506705,3.3563242739388945,3.7006556812119036
2018-10-03,2.7010118362286626,2.8925831514880835,3.089406065841199,3.18956145215192,3.358737616526898,3.7036469562869327
2018-10-04,2.6769320858570147,2.863828624874271,3.0555243589512404,3.152943929918146,3.3173030190320563,3.6516127005530663
2018-10-05,2.6612609497962723,2.845259869703863,3.0337833448314924,3.1295123450059457,3.2908978878558997,3.618676370999667
2018-10-08,2.6559504553729454,2.838433329736659,3.0252746749406536,3.1200990115506464,3.279881217995521,3.6040917968303
2018-10-09,2.6573548938658065,2.840687331019793,3.0284834906621203,3.1238257451904814,3.2845323062534177,3.6108242816449927
2018-10-10,2.591305811988419,2.764751472512274,2.941821277906773,3.0314829895482025,3.182250827819421,3.4869145829306456
2018-10-11,2.5621889302261227,2.733374869612801,2.90810174135927,2.996562910918209,3.1452900205378396,3.445742144880217
2018-10-12,2.5966511391115112,2.773923504594526,2.9553017043492824,3.047303126491327,3.202250704759606,3.516340923386283
2018-10-15,2.5817756272620898,2.756308069108587,2.9346870956270887,3.025090351208933,3.1772271532939933,3.4851446043252166
2018-10-16,2.6245925089929063,2.805361492952547,2.9904977237446206,3.084476199372993,3.2428633196773697,3.564363580082181
2018-10-17,2.625084925328416,2.8059448286926965,2.9911805909243028,3.085212107190946,3.2436925177823714,3.5653976729591816
2018-10-18,2.5927337029156217,2.768377860941948,2.9479356376737713,3.038953008340763,3.1921492228097876,3.5023143670068575
2018-10-19,2.591597163944581,2.767033844703854,2.946364591183322,3.03726101322013,3.1902445516666225,3.4999427984099496
2018-10-22,2.592261391814435,2.7690551431718453,2.949923327678282,3.0416580747345328,3.1961441573341167,3.509249590277378
2018-10-23,2.5848476467564683,2.7609145537535995,2.9410139993309596,3.0323489746558367,3.186146514507337,3.4977954080718807
2018-10-24,2.521057148507303,2.6871097198096923,2.8563203069375667,2.941879749827933,3.0855591159632922,3.375138398191478
2018-10-25,2.563472735667797,2.7368777608773356,2.9141171236516805,3.0039477459627415,3.1551285655463635,3.4611418153572546
2018-10-26,2.527658753842956,2.695522400523654,2.8667404709674815,2.9533788320040326,3.0989693089218884,3.3927973800495526
2018-10-29,2.5065591237589784,2.6698582237111235,2.83605131178463,2.920001539623142,3.060848804692496,3.3442012587935963
2018-10-30,2.5316223633780126,2.6981956001140066,2.8679161333097456,2.9537252944515346,3.0978113688398765,3.3881598028488193
2018-10-31,2.559382401744666,2.731010357405834,2.9062614253238626,2.9950167349982193,3.1442830183558415,3.446002667579849
2018-11-01,2.5604634673055884,2.7356571564812286,2.9149224202103006,3.0058564267635193,3.1590113966739057,3.469480226884908
2018-11-02,2.5604634673055884,2.7313513143441686,2.9057571314388713,2.994049306654263,3.1424825083907697,3.442302990662312
2018-11-05,2.560741864946227,2.730943923744646,2.904573774024592,2.9924433866962588,3.1401203196850647,3.4382314972275774
2018-11-06,2.560741864946227,2.733000475339989,2.908951289187638,2.9980826904431614,3.148014829164489,3.4512118589620533
2018-11-07,2.561023387724084,2.741850413977868,2.9274692607110526,3.0218559572297057,3.1811799005054544,3.505553123168984
2018-11-08,2.561302566649027,2.7403190641220503,2.923892589357832,3.0171666384518283,3.174500915398272,3.4943833124225665
2018-11-09,2.561862747495625,2.736133508673732,2.9143470984782627,3.0047057990281028,3.1568273976604724,3.464946725390747
2018-11-12,2.56158330814258,2.7275265140703517,2.8963438841652303,2.981595054995309,3.1245889440906582,3.4121276273523016
2018-11-13,2.561862747495625,2.7280198814070635,2.897076670414326,2.982457289071186,3.125681518551831,3.413735845421304
2018-11-14,2.56158330814258,2.7257110084706015,2.8924794524099084,2.976616727413167,3.1176197407895434,3.4006686785619618
2018-11-15,2.562421626201714,2.731159472773952,2.9031247502713624,2.9900851407536475,3.1361308644984014,3.430540493353722
2018-11-16,2.562701325982861,2.730480099295425,2.9013609791684654,2.9877311258130934,3.1327208778058644,3.4247453056144614
2018-11-19,2.562421626201714,2.721471205652943,2.882502590184595,2.9635187851123734,3.0989403963383952,3.369390939850799
2018-11-20,2.562982327904515,2.717350474029914,2.8730944898137936,2.9512347856459837,3.0815142249946508,3.340360695483297
2018-11-21,2.563542508751113,2.719832501624944,2.877741419848546,2.957057234676723,3.089435638918068,3.3530079734968847
2018-11-23,2.563542508751113,2.7179687404760284,2.873774272752334,2.9519465847644066,3.082281196456805,3.3412444495695612
2018-11-26,2.563822468960361,2.724150222367389,2.8866140205580266,2.9684053762274227,3.1052073114386536,3.378751602840068
2018-11-27,2.563822468960361,2.7250338860177203,2.8884949609813635,2.9708284847677584,3.1085994417795417,3.3843290334568756
2018-11-28,2.5641013874572023,2.733752856475945,2.906737115378238,2.99424719413616,3.1412692320255164,3.437857697523925
2018-11-29,2.564381868522653,2.7331385569525835,2.905110971414815,2.9920702477813492,3.138106805099607,3.4324690278654026
2018-11-30,2.564661047447596,2.735366813927287,2.909536888445453,2.9976902083496615,3.1458598681985928,3.445028773309109
2018-12-03,2.5598806728994297,2.7355424415245384,2.915337507370311,3.0065599911870047,3.1602310719349678,3.471865056572385
2018-12-04,2.532483227717231,2.698722872026339,2.868054781677419,2.9536482590990887,3.0973423516010294,3.386781978550386
2018-12-06,2.531607153039571,2.699731669755826,2.871204095644227,2.957966211600511,3.10375648882353,3.3979529314120507
2018-12-07,2.512683837478086,2.6728057574249404,2.8353589942627693,2.9173110572937606,3.0545588806676083,3.3296880735625516
2018-12-10,2.51439432493786,2.6771259340658955,2.8426210170529607,2.9261715343871613,3.066275485270456,3.3478449655889215
2018-12-11,2.514390729760794,2.6779770781040897,2.8444398932010895,2.9285177204922026,3.0695660226681776,3.3532729666110113
2018-12-12,2.518818530555705,2.684516047679808,2.8533360453417598,2.938686594325681,3.0819973911190006,3.3707626088377776
2018-12-13,2.5187305965477287,2.68451045818803,2.853424338894121,2.9388262748118317,3.082229431396315,3.37120493595714
2018-12-14,2.503982364515404,2.6639595179700435,2.8264137215036986,2.9083347495171625,3.0455599502462487,3.320760921652667
2018-12-17,2.488593425767835,2.6433775259152075,2.8000670580492883,2.8788875629050414,3.010618449815391,3.2736012757541193
2018-12-18,2.4877400580658184,2.6441233019583024,2.8026296892391556,2.882442415472788,3.0159534628845197,3.2829775049921137
2018-12-19,2.475910059347793,2.6265855162095595,2.77871793835317,2.855088770768243,2.9824806782812754,3.2358220645764115
2018-12-20,2.463817977011412,2.6114069264286224,2.760135056593646,2.8346828092514595,2.958855636908515,3.205081969462909
2018-12-21,2.44875564179393,2.589445825668764,2.730475703063221,2.8008684969960074,2.9176574286152475,3.1473841831095135
2018-12-24,2.429443585714375,2.565074639942549,2.7005207148824586,2.7679218745900145,2.8794263558373827,3.0974654098860133
2018-12-26,2.465556092914282,2.614038542813554,2.7637653054225684,2.8388526160592704,2.9639851327841162,3.2123590275767704
2018-12-27,2.4719122451407998,2.621090102696895,2.7715567984050025,2.8470305386871066,2.9728310225177874,3.2226269371255913
2018-12-28,2.471118613717472,2.6201996417351188,2.7705626267068677,2.8459819478517154,2.971687980557921,3.2212813344323
2018-12-31,2.477958594059875,2.628827618876958,2.781163920722731,2.857640446210301,2.9852138762997766,3.238937161797036
2019-01-02,2.463927858635491,2.6168402645586024,2.7714695388938093,2.849183786532456,2.9789506056001525,3.237519919064326
2019-01-03,2.471912584099578,2.615704067582767,2.76013413332237,2.83234259262734,2.952333042298031,3.1891348263825297
2019-01-04,2.465390329498722,2.6205686201420795,2.7777099516206443,2.8567726317097213,2.9889228857346604,3.252758747973159
2019-01-07,2.4682334910557246,2.6264952033138895,2.7870495761823157,2.867942415544571,3.00332484532945,3.274292514111
2019-01-08,2.4659995562694106,2.626837696642566,2.7902729502831285,2.872720913502256,3.010864635345377,3.287980194162456
2019-01-09,2.4712797282029575,2.6341194464252555,2.799748617415842,2.8833653234836807,3.023562056715664,3.305166545198831
2019-01-10,2.46658587160229,2.6304398175862067,2.7972270891369755,2.881477403575576,3.022811258183695,3.3069920822398187
2019-01-11,2.4683671662912983,2.6311178921816523,2.796666383712842,2.8802461659394645,3.0203868054908845,3.3019013507532557
2019-01-14,2.470150433629641,2.630362956454799,2.7930759387807647,2.8751260146727757,3.0125518160712694,3.2880267792075735
2019-01-15,2.4690885151147515,2.6347275604774243,2.8034853646702134,2.8887904103142557,3.0319842272529893,3.3202588265761137
2019-01-16,2.4719071001308732,2.637362902685841,2.8058990600279756,2.891078562802898,3.0340410412556906,3.321769486899266
2019-01-17,2.47118400838491,2.638886592541101,2.8099273152764797,2.896456088060872,3.0418104629083036,3.3348500369075698
2019-01-18,2.4638052681762375,2.6346528402311153,2.8092394860858496,2.897692690381784,3.0464788359163597,3.347213464884799
2019-01-22,2.4668954704131663,2.6318760979601685,2.7999150870672054,2.884838237325553,3.0273627108915555,3.3141793554788546
2019-01-23,2.4657446743039357,2.631142028330232,2.799651959836961,2.8848310788817795,3.0278125532376707,3.3156559171562003
2019-01-24,2.4649969543701973,2.6322444586719866,2.8028177759031725,2.8891088293985345,3.03406195214112,3.326285089294348
2019-01-25,2.4768004316133387,2.646869261296096,2.820507552280115,2.908421515756146,3.056211162427512,3.354583125029584
2019-01-28,2.4798898012987314,2.646287470493661,2.815821376005091,2.9015199652888244,3.0453762703819596,3.3349919245704536
2019-01-29,2.4845607464615895,2.6480779911983303,2.8143774088010276,2.8983251760537074,3.039065822269106,3.3217191998679896
2019-01-30,2.489726720399247,2.660109242767578,2.8340151736684787,2.922044353515901,3.0699967797118894,3.368576889193567
2019-01-31,2.490132871579706,2.6647843317923305,2.84343778528328,2.934020612331138,3.0864943086930827,3.3950928050401736
2019-02-01,2.488617718121893,2.662039955936866,2.8393503274407603,2.9292145729188723,3.0804327537524374,3.3863159580745794
2019-02-04,2.4852085785204667,2.6620706703424837,2.84330401613426,2.9353153504878953,3.090391509857958,3.4050497397672856
2019-02-05,2.4873364374437585,2.6665074097050407,2.8503399376324503,2.9437619166082114,3.1013557609696583,3.421677317123642
2019-02-06,2.482113754438379,2.6606681852354432,2.843842461824382,2.93691991549803,3.093917185842492,3.4129652913300363
2019-02-07,2.484108593642126,2.658941836354771,2.837885317939729,2.928651778083849,3.081503084552075,3.3911453619433876
2019-02-08,2.487597329243245,2.6628253155304513,2.8421891309267715,2.9331751739218097,3.0864060824981134,3.3968562581863067
2019-02-11,2.4833587863116824,2.65849075691012,2.837778413014867,2.928734468333282,3.081928196047876,3.3923558072282027
2019-02-12,2.4854512872725882,2.664469924011418,2.8481443862693063,2.941485348895652,3.0989414670145323,3.418978894528193
2019-02-13,2.4821930143939572,2.661524766998765,2.845579001846882,2.9391357738896273,3.096991028855303,3.4179784761099956
2019-02-14,2.4871447798070183,2.6666255097051907,2.850810412749286,2.944424939425237,3.1023643169956276,3.4234701430875583
2019-02-15,2.49206549478701,2.672508389717412,2.8577453976494693,2.951919900714673,3.1108428274145368,3.434101703980581
2019-02-19,2.5050622202068054,2.685559656056996,2.8707584580875514,2.964876831032491,3.1236486026218837,3.446376952441205
2019-02-20,2.5035993584169205,2.68410382527504,2.8693218468111183,2.9634546677711118,3.1222580112211245,3.4450790016853166
2019-02-21,2.494272781687937,2.674123420617691,2.858672525410269,2.9524661585005805,3.110698477429685,3.432363374552226
2019-02-22,2.4976279935033396,2.6793752371158606,2.8660470458542546,2.960988332033134,3.121262626310374,3.4474971272285835
2019-02-25,2.496581768388966,2.6793713934556465,2.8672320851157984,2.9628240960600127,3.1242676903280455,3.4531619684191437
2019-02-26,2.498159970917203,2.6811771515575424,2.869283481414726,2.965005065324334,3.126674530055875,3.4560567470602592
2019-02-27,2.4924238295894394,2.675480745568504,2.8636762198912855,2.9594619672003173,3.121268678917775,3.451044571767522
2019-02-28,2.488131022827738,2.670711699304536,2.8584007055229392,2.953922115572464,3.1152722188034643,3.4440777210093763
2019-03-01,2.47058049582993,2.6556832746207677,2.8463753560710665,2.943585238466187,3.1080338965175667,3.4441299049571477
2019-03-04,2.4655699186424296,2.6508837374215797,2.8418592192815937,2.939239403490227,3.104016070802171,3.4409413278776855
2019-03-05,2.4661378431762593,2.651631659483204,2.8428080397872235,2.940296691046226,3.105266204891406,3.4426228320046253
2019-03-06,2.455721231401688,2.640045208472941,2.8299726097882787,2.9268074118406595,3.0906443163740174,3.425580655224405
2019-03-07,2.4381078207559512,2.6197567431852344,2.806775801927735,2.902068303621091,3.063203873795022,3.392252105983304
2019-03-08,2.444162337434717,2.6252142517643753,2.811500056777705,2.9063724868888943,3.0667259245841176,3.3938910328299237
2019-03-11,2.4687639933546754,2.6544463776767193,2.8458160983273824,2.943402948713868,3.1085380272879455,3.4462308125607395
2019-03-12,2.481370837443606,2.66810494233187,2.860570201103763,2.958720249503404,3.124815377051161,3.4644993219757914
2019-03-13,2.498848159711941,2.6870237109342594,2.8809887939600123,2.979909228055027,3.1473165901152758,3.4897182053723483
2019-03-14,2.4873157030957858,2.675413018164209,2.869385923030329,2.968344957532896,3.1358710993352457,3.478728353304991
2019-03-15,2.502941074346495,2.69302997712807,2.889146975097613,2.9892351711044425,3.1587273679730945,3.5058251796123283
2019-03-18,2.5084461622972265,2.6990028002945836,2.895607877107806,2.9959473179630742,3.165868304499634,3.5138574409206784
2019-03-19,2.5137812896549385,2.7050807835020136,2.9024897571198283,3.0032541179744574,3.173917288713721,3.523516239147433
2019-03-20,2.519995357027889,2.7121772070707917,2.9105420771090467,3.011812087442728,3.1833590236303437,3.534877099821778
2019-03-21,2.5394161417470404,2.7352606168341898,2.9376471063144174,3.041064472279811,3.2163943022399675,3.576241802931279
2019-03-22,2.5060735593779864,2.696876787981515,2.8937836502357923,2.994295625256105,3.164537365827783,3.513297010731363
2019-03-25,2.5102003288931143,2.7003468233441357,2.8964684336241864,2.99653756081663,3.1659644035106758,3.512796906744179
2019-03-26,2.516152444221157,2.7073737545166985,2.90467339656512,3.005370753978867,3.175903164312881,3.5251655622485236
2019-03-27,2.501979499082597,2.691907075869716,2.8878478303278667,2.987842249286169,3.157169728477382,3.5039067072751573
2019-03-28,2.495344421502723,2.686118629358943,2.883082780423951,2.983658089563258,3.1540597048770493,3.5033560051817014
2019-03-29,2.5077383293703464,2.7001711871401652,2.8989262201608637,3.000446632166101,3.172496751530877,3.5253600010793464
2019-04-01,2.5254888323094,2.7209584119344594,2.9230364207668544,3.0263284454745283,3.201495882546367,3.5612107722587796
2019-04-02,2.532198317035726,2.7284964235390023,2.931466247202411,3.035227941172245,3.211213246528205,3.572693004481969
2019-04-03,2.5371612026062147,2.734880989148504,2.939438925612225,3.0440587496610547,3.221571054458358,3.5864729153165626
2019-04-04,2.541216519850425,2.738707178199384,2.942966292110823,3.047409106947221,3.224583685016675,3.5886421547040106
2019-04-05,2.5488390372783347,2.747520052000785,2.9530782598090566,3.058211936013688,3.2365996227629124,3.60331495804907
2019-04-08,2.5553149825751165,2.7545020335732,2.9605839340540143,3.065985510176219,3.2448278464552986,3.6124781531999623
2019-04-09,2.5523252945937998,2.7506296705210866,2.955724754339627,3.060592814985428,3.2384853580280373,3.6040054851712844
2019-04-10,2.5624289822718285,2.7619076505749027,2.9682614799846365,3.07379047807682,3.252830994032922,3.620816797054598
2019-04-11,2.5492836844670608,2.7485055785143606,2.9546807310219516,3.060152391391917,3.2391482671151275,3.6072523169855653
2019-04-12,2.5579355654108507,2.7580913820386854,2.9652621809976694,3.0712545756199217,3.251151810403252,3.6211797779208457
2019-04-15,2.555930819177187,2.7561929909370066,2.963503575854504,3.069579109008361,3.2496354168823505,3.6200622203529287
2019-04-16,2.5519641769483963,2.7533071149062613,2.961893327606675,3.0686829153122748,3.2500461087178225,3.6235396505877535
2019-04-17,2.5512975694672586,2.753635083967017,2.9633688489596626,3.0707917594278085,3.2533013090140126,3.629437660910207
2019-04-18,2.55471494282592,2.7573074753598155,2.967303798256329,3.074860491250909,3.257596259836145,3.634194546682015
2019-04-22,2.557912744896912,2.761201621788366,2.971969036227593,3.079939930206343,3.263409155261445,3.641637496688742
2019-04-23,2.57499688922462,2.781344456446371,2.9954720643228727,3.1052381165144025,3.291871718636748,3.6770774567701547
2019-04-24,2.572699015191874,2.7782176918293167,2.9914141131378065,3.100675095814162,3.2864071612131935,3.6695818828034126
2019-04-25,2.576426211708896,2.782984785026537,2.9973419842295765,3.107229877659194,3.29407704453959,3.6797490497358343
2019-04-26,2.586738579993364,2.793235964485021,3.007431867984605,3.117198911684003,3.303781715689867,3.6886736833981084
2019-04-29,2.586101191758587,2.7931727192729707,3.008033304899644,3.1181679628483074,3.305417294733668,3.69185007055135
2019-04-30,2.582224696545372,2.787196753201525,2.9996816027918496,3.1085214902095575,3.2934506672009514,3.6746223018849924
2019-05-01,2.56743602101772,2.77195193897287,2.9840425899543073,3.092711241756094,3.2773967810517313,3.658251002816297
2019-05-02,2.558602259099965,2.7621654434883895,2.9732391085439054,3.0813753254816194,3.265138360596271,3.644019676828063
2019-05-03,2.5855788878279657,2.7927779634853347,3.007795123129613,3.118019706399627,3.3054371551613877,3.6922756712415725
2019-05-06,2.577884977046626,2.7835864976012132,2.996947747734745,3.106283532219869,3.2921278690155003,3.675471788667927
2019-05-07,2.549682774722384,2.750757144017058,2.9590429952466377,3.065669689904536,3.246741469299043,3.619569280578912
2019-05-08,2.5442470172880727,2.744785819628885,2.952504339211938,3.058835671276399,3.2393982188254573,3.611146854524698
2019-05-09,2.5392442449694967,2.7384586734459297,2.944696088661094,3.0502263074822835,3.229361853961584,3.597905534145484
2019-05-10,2.5461404860016628,2.74549765410449,2.9518358077345037,3.0573990912200233,3.236562073612915,3.6050471729886873
2019-05-13,2.504743831923011,2.695860064969265,2.893077140575364,2.993741532033745,3.164229063229511,3.5134237666689474
2019-05-14,2.51954882252875,2.7131198768981943,2.913031035032618,3.015133983256033,3.188156598146442,3.54294034171725
2019-05-15,2.5354447481247475,2.732304510433753,2.935861397960009,3.0399245774810253,3.2164217108846924,3.5789433393641765
2019-05-16,2.545223215336726,2.74450363057678,2.950761760021824,3.056283873469937,3.235376625530627,3.6037158538017255
2019-05-17,2.5250958917429207,2.7221738268691107,2.926078216210132,3.0303670093800736,3.2073213177719544,3.5710809937518087
2019-05-20,2.505514379455681,2.698616292800205,2.8981163914953565,3.0000383267932476,3.172799194806694,3.5272269285325892
2019-05-21,2.5195172842733635,2.714979436086509,2.9170719620031225,3.020378968828951,3.195581850094599,3.555398003940936
2019-05-22,2.5124214072297613,2.70689659998608,2.907916566149109,3.0106547863507114,3.1848611703446688,3.5425029300028577
2019-05-23,2.4963037469301623,2.687174075737001,2.8841857318030444,2.9847643272510878,3.155136205531167,3.5042131826338707
2019-05-24,2.49869792470025,2.6893690086501763,2.886128687609193,2.986560386407735,3.156655027991886,3.5050498481672294
2019-05-28,2.484615547594439,2.6747015484739376,2.8709168916360945,2.9710941753423254,3.1407943904946802,3.4885278360038265
2019-05-29,2.47279206078449,2.661071786847212,2.855313419692269,2.954439996454306,3.1222933630454968,3.4659734492490113
2019-05-30,2.4842113920408773,2.6732537546662654,2.868269173796783,2.9677855078627733,3.136290881100572,3.4812738861660555
2019-05-31,2.4721394268897625,2.6573897381235594,2.8481434762138753,2.9453471227431822,3.109721821995689,3.445385002460571
2019-06-03,2.4646252084190037,2.6442852441915075,2.8287065976652297,2.9224575888858033,3.0806443152340037,3.402278086097134
2019-06-04,2.4878401288587857,2.6740769823194075,2.8658178020355605,2.963512872037743,3.1287002498183067,3.465947670382452
2019-06-05,2.4961458895496893,2.684101743322053,2.8777366887967855,2.9764455281540325,3.1434222746153715,3.484622436043273
2019-06-06,2.505795737769799,2.6955796475167886,2.8912219535583157,2.991002631655504,3.159867511888213,3.5052243573797464
2019-06-07,2.5267273183007513,2.72107902709106,2.9217641422246814,3.0242473543808224,3.197887582452789,3.553813071246028
2019-06-10,2.5285643786238734,2.7260890074919906,2.930384739788878,3.03484229222072,3.2120289709043393,3.5760236028116057
2019-06-11,2.5286657628692844,2.726570127329378,2.9312989837712675,3.0359937310685092,3.2136069887623515,3.578574125778818
2019-06-12,2.528036773463469,2.7243375326685197,2.927239030121454,3.030933649910791,3.206749111407261,3.5676209146296665
2019-06-13,2.538557347154044,2.7361671579381355,2.9404754819488956,3.044910039958845,3.2220123834453,3.5856538640361175
2019-06-14,2.5346745927021397,2.7312168865331348,2.9343381227103857,3.038133373145918,3.2141014746959864,3.575215191792723
2019-06-17,2.5393715968285195,2.737445043455904,2.9422763312929354,3.0469952137425174,3.2246059190382725,3.589395209518592
2019-06-18,2.5563159186417717,2.7579237117653257,2.966650538051805,3.0734547929208764,3.254746921814931,3.6276708405714837
2019-06-19,2.5649401561474567,2.767337027206939,2.976892508216717,3.0841253418455308,3.266151970245016,3.6406146176601926
2019-06-20,2.5946989314699103,2.798783792671461,3.0100159972876863,3.118079203168157,3.3014728540497815,3.678579074115844
2019-06-21,2.5991493472214175,2.8026588539608914,3.013195761905504,3.12086439492386,3.3035285852617324,3.6788975043066423
2019-06-24,2.6122932094174374,2.8153798316124887,3.0253219576599673,3.132625123070753,3.3145748950692706,3.688101179914715
2019-06-25,2.5986337077161794,2.7972089234487174,3.002111008241929,3.1066913992658294,3.2837981377999306,3.6464843673020413
2019-06-26,2.594737171112656,2.7947612164059126,3.001352158432436,3.1068702716188294,3.285681905767686,3.65232403635918
2019-06-27,2.5972557825128617,2.7982874705961835,3.006008643254951,3.1121389685924585,3.2920419272384747,3.6611357338427473
2019-06-28,2.6008811399007508,2.8021621941448993,3.010137607207207,3.1163964950315766,3.2965153228932667,3.666043836499298
2019-07-01,2.5913164876020582,2.796776785754611,3.0096066183287817,3.118555571328541,3.3035601160141694,3.684406766003905
2019-07-02,2.6154099855482222,2.8212887999925447,3.0343785612239236,3.1433924907683126,3.3284018828596267,3.70883648034459
2019-07-03,2.6303253077155535,2.8378900504154685,3.0527847821792307,3.1627456581114757,3.3493986360706756,3.733359075858705
2019-07-05,2.6177147839427075,2.825064275432382,3.039827339165615,3.1497566212080175,3.3364114312733935,3.720597608553729
2019-07-08,2.601188527228391,2.8070311903130865,3.020210512375953,3.129320099380679,3.3145691034294225,3.6958057284784767
2019-07-09,2.6096430012735583,2.8166472835202394,3.0310870596542854,3.1408643020468396,3.3272817807379687,3.711062787144388
2019-07-10,2.6361996571915203,2.8452510578898935,3.0618045711637714,3.172661179064072,3.3609073747246385,3.7484363900648465
2019-07-11,2.6301508682913255,2.8391685666089215,3.0557390565399367,3.1666247044364684,3.3549517423669903,3.7427733209532206
2019-07-12,2.6446169257949546,2.8548605483557092,3.0727101205329737,3.184254141425135,3.3737047343750297,3.763861572724329
2019-07-15,2.647738834205148,2.8588091232896757,3.0775824063061163,3.1896257111009154,3.379965082088396,3.772115378291209
2019-07-16,2.632877600488472,2.8428958517167016,3.0605940568853223,3.172092785551824,3.361516349615368,3.7518171084090386
2019-07-17,2.636961320036085,2.84545902818826,3.06136752906805,3.1718659257028348,3.3594604254727067,3.7454741491553216
2019-07-18,2.653698484166026,2.86204218627838,3.0776188085864695,3.1878797223105995,3.374966227641601,3.759515213088452
2019-07-19,2.629136788204287,2.836100205047463,3.050313033130628,3.1599016958051926,3.3458867669389964,3.7283288117060587
2019-07-22,2.638077276037099,2.847030627555048,3.063453840927764,3.1742324785526614,3.3623288138367764,3.7494794756683327
2019-07-23,2.6450452767694763,2.8556608180555108,3.0739349763868313,3.1857117691359806,3.375581525802609,3.766696853498457
2019-07-24,2.6598669636576537,2.8720676840270807,3.0920315899397344,3.2046920865798874,3.39609143883553,3.7904715491740455
2019-07-25,2.6409393267635126,2.850948504124092,3.0685618717009167,3.1799875858747475,3.369241324767525,3.7590090893545827
2019-07-26,2.657355680618814,2.8698350921719995,3.0901432868869523,3.2030018330831833,3.3947712766842715,3.7900484204398843
2019-07-29,2.658563525106459,2.870018520009574,3.0891352000345536,3.2013326797043433,3.391900366313083,3.7843866981849104
2019-07-30,2.6555346695045614,2.865835207221158,3.0836496254371633,3.1951387422447164,3.3844389167178677,3.774057317432514
2019-07-31,2.621990843147418,2.8292917867537017,3.0439594583360345,3.1538222199324624,3.34033666565954,3.724124243444994
2019-08-01,2.631145953894352,2.836783061172751,3.0494486892283867,3.158177340937673,3.342596671695557,3.721393834652014
2019-08-02,2.6084382877959014,2.8105894118741093,3.019447632940343,3.1261502195198996,3.307009756063449,3.678001183017951
2019-08-05,2.5649633010316166,2.758580804637911,2.9580066654097097,3.0596483096960245,3.231553723573846,3.582671037756316
2019-08-06,2.5955575165070925,2.792037172043571,2.9944786915428443,3.097684014188118,3.272275590455557,3.629046242419163
2019-08-07,2.614479868102634,2.8118809270701446,3.0152094484122025,3.1188423766459907,3.2941190667428883,3.6521360392379503
2019-08-08,2.654018837531255,2.856212069210459,3.064697737031161,3.1710463759320127,3.351051930410973,3.7192732353281643
2019-08-09,2.6369829508842852,2.837049066948298,3.0432408652018648,3.1483797772749558,3.3262761329980117,3.6899354898229406
2019-08-12,2.625842660327952,2.823066968836232,3.026086835714461,3.1295125115483886,3.304360951547595,3.6611909637148385
2019-08-13,2.651802671146491,2.8542510698920323,3.063051260660601,3.169580597223729,3.3499235052937983,3.718961374730293
2019-08-14,2.60715173327302,2.802561939211591,3.0036639363727087,3.1060926638034854,3.2792246802732983,3.6324271831327
2019-08-15,2.614656644170926,2.809542500586777,3.0099709160199875,3.1120036760599525,3.2843840342675312,3.6357219947696486
2019-08-16,2.6342721858705143,2.8329243015813357,3.0375116743109607,3.141774473173603,3.3180982004235777,3.678180406717733
2019-08-19,2.6469230335083482,2.8495698684294033,3.0586438119077304,3.16534003398249,3.3460077791120035,3.715880211988255
2019-08-20,2.6409463306112313,2.841608022563477,3.048449537377265,3.1539339001873894,3.33243678316711,3.697424441953596
2019-08-21,2.652471632578248,2.855255307277906,3.0644356839196543,3.1711725382319775,3.3518878159710175,3.721772212544086
2019-08-22,2.6470532132851536,2.849090984844844,3.0574618523736232,3.163769859443455,3.3437345198471924,3.7119840872116066
2019-08-23,2.616153003402033,2.8102873448969463,3.0098359049516765,3.111378495116755,3.2828648816742696,3.632115961386978
2019-08-26,2.638064417401936,2.8356336811998206,3.038938162461041,3.1424810135616554,3.317484231551939,3.6744560257787864
2019-08-27,2.6420685566317115,2.838947647046632,3.0414197946818344,3.144490519050496,3.318620667209099,3.6735096479183422
2019-08-28,2.64830055743691,2.845976211019745,3.0493087315058043,3.152833707770022,3.327756631899445,3.684363304973747
2019-08-29,2.6651727164833945,2.8665452795623185,3.0739821835395387,3.179716033213027,3.358556878457191,3.723897395607061
2019-08-30,2.660300523432874,2.8611478377471085,3.0680244645388823,3.1734651550714648,3.3517983518567123,3.7160544633102797
2019-09-03,2.659556731454983,2.8576876759486165,3.0614528840854844,3.165184550232637,3.3404361924373664,3.6976339229749158
2019-09-04,2.6879206275808527,2.8892383328298217,3.0964044434279963,3.2019158471311098,3.3802492117787537,3.7440266086368776
2019-09-05,2.6943435966586486,2.9007432808902553,3.113665469155589,3.2223147637776797,3.406270664944555,3.7827877206988916
2019-09-06,2.686687565375908,2.8930451319830865,3.1059847732868353,3.214666776589415,3.3987147906092883,3.775566446073981
2019-09-09,2.6820042246979527,2.887900868454458,3.100353592364161,3.2087826661011327,3.392395547586042,3.768329172467746
2019-09-10,2.6717826277817323,2.8771684997087483,3.0891247689308585,3.197312417548475,3.3805349092910966,3.7557425429504594
2019-09-11,2.6919505379960627,2.899425012677083,3.113596707527956,3.2229386078700313,3.408152066286818,3.7875806383969444
2019-09-12,2.700696689084875,2.90911336065267,3.1242874794494178,3.2341527956827534,3.420270825693538,3.8016238921455656
2019-09-13,2.6896574129855004,2.8973752612076575,3.1118449004793587,3.221357157567107,3.4068873257549477,3.7870765685282537
2019-09-16,2.689881000245741,2.896272634839181,3.1092238637791887,3.2179025729896966,3.4019308011920284,3.778685461037174
2019-09-17,2.6982834068917727,2.905812445359077,3.119992258802996,3.229319475315328,3.414479018537776,3.793681709602061
2019-09-18,2.69301422957726,2.9005921419570804,3.1148729993616264,3.2242715627804763,3.409582439786805,3.789216296829995
2019-09-19,2.697957681794125,2.9058654282954346,3.120481077007498,3.2300483403935645,3.415641549216439,3.7958401675110447
2019-09-20,2.694122632588964,2.899026490198493,3.1102401295403777,3.217952925611366,3.4002234320798306,3.7728940408430702
2019-09-23,2.699196051308849,2.9040638536431977,3.1151927845213674,3.2228437855197907,3.404981007459121,3.777264856282598
2019-09-24,2.6846172305472336,2.886071618757885,3.0934223338154174,3.199044978386655,3.3775929857053115,3.741914282997941
2019-09-25,2.683657640417974,2.8883858641338835,3.0994883570905616,3.207171811282394,3.389434882309766,3.762258249334578
2019-09-26,2.678179125872742,2.8820100601424654,3.0921334755294994,3.1992964453673407,3.3806460475657314,3.7514715944006456
2019-09-27,2.6576210080033844,2.8585099217945844,3.0654453925696754,3.170921847695959,3.349323729894727,3.7137491082185843
2019-09-30,2.656918817520606,2.8605660839211375,3.070661684044978,3.1778736423229375,3.3594036920609427,3.730986288912679
2019-10-01,2.6443963849777625,2.846113785130166,3.054103009541782,3.160194718869381,3.3397575871393457,3.707031671297762
2019-10-02,2.624385440824109,2.8218527963493836,3.0251425773064726,3.1287126973479644,3.303814904781966,3.6611951912212444
2019-10-03,2.6449613048339455,2.8448485565524275,3.0507325257178333,3.15566476232285,3.3331325837545993,3.6955918707166506
2019-10-04,2.6694685856397338,2.8727427807316746,3.0822957660145303,3.189168863303838,3.3700290667455253,3.7398561123813447
2019-10-07,2.6552584280235005,2.8581077917768742,3.067299515805501,3.1740184663997506,3.3546644341091625,3.724239647683577
2019-10-08,2.63642556566667,2.8355929372049617,3.040726633543108,3.145273025977394,3.3220829285198152,3.6831770798400028
2019-10-09,2.653877246508089,2.8552431666202387,3.062744797937432,3.1685386746321944,3.347521374363386,3.713304940380544
2019-10-10,2.6585620021687593,2.8619746033267432,3.07178333133004,3.1788312304050073,3.3600559847079547,3.7309030340936076
2019-10-11,2.673965868128909,2.880576669781006,3.093918705959345,3.2028613558529506,3.3874362477863134,3.765707622753874
2019-10-14,2.676483902649574,2.8829870984023067,3.0961832744047726,3.2050378261668,3.3894423945933285,3.7672806619194477
2019-10-15,2.690276650072189,2.900027446210033,3.116827936246726,3.22762133273374,3.4154628661127466,3.8009517685695826
2019-10-16,2.6917380716732704,2.9007188863217417,3.116622778022104,3.2269185471470374,3.4138554335388456,3.797244769617688
2019-10-17,2.698025048025806,2.9075832742642844,3.124093926690948,3.2347036655929817,3.422178879549316,3.8066969606927685
2019-10-18,2.6844667213791644,2.891631277182399,3.1055154826877445,3.2147233824135664,3.3997297121521535,3.7788136309134477
2019-10-21,2.6941270231957475,2.903563186224371,3.1199683979120776,3.2305323647725848,3.417942516972713,3.802377080809932
2019-10-22,2.686641152320088,2.8939806729501916,3.1080463429596845,3.217347220376311,3.402511561165752,3.7819212444012953
2019-10-23,2.693078012007236,2.900778845496793,3.115201954576616,3.224679227519643,3.4101329405964904,3.790097829552502
2019-10-24,2.709697491428064,2.919713044809279,3.1366447989395745,3.2474495411218647,3.435224145905857,3.8202321531968826
2019-10-25,2.722723418640172,2.934680593306221,3.1537247639762755,3.265650342164184,3.4553890998642514,3.844682574716475
2019-10-28,2.7289772228132927,2.943658148733599,3.165772464171739,3.279366758072156,3.4720889072613446,3.8681197721437073
2019-10-29,2.7190530429611877,2.9317273894045615,3.151627183022178,3.2640347755409094,3.45465994481616,3.8460483979306144
2019-10-30,2.7312042976419586,2.9449407106953185,3.1659513364018945,3.278931722609638,3.470535927450058,3.8639650925822737
2019-10-31,2.738262940158184,2.951918508611161,3.172773638918774,3.2856464045363922,3.4770246184490072,3.8698164522052356
2019-11-01,2.7557974106242336,2.9716117779247133,3.194790171255793,3.308886252748886,3.502394312358202,3.8997800095846067
2019-11-04,2.762537210620576,2.9799915024487804,3.2049946361990034,3.320074100485474,3.515328203484634,3.916612054195844
2019-11-05,2.7472246369145124,2.9652969994484533,3.1911498542454377,3.3067462690311666,3.503004934729426,3.9068623837340124
2019-11-06,2.7492149137351536,2.9665553245401233,3.1915483823125337,3.3066649131452612,3.5020472494419113,3.903855605138739
2019-11-07,2.7415250819116714,2.9600952401719587,3.1865722727523655,3.3025306738601916,3.4994696750890646,3.9049895549659572
2019-11-08,2.741841999948715,2.9615992795853363,3.189438614415826,3.306146264677064,3.504437746395913,3.9130616675623
2019-11-11,2.7366991511870444,2.9562049100363765,3.183801664465697,3.3003921691075533,3.4984956070046085,3.9067758591737687
2019-11-12,2.7437126891754113,2.9638781730544355,3.1921699641925234,3.3091208124381892,3.5078431664564236,3.9174254601115255
2019-11-13,2.747784013494729,2.9679037090539078,3.196105901009871,3.312994380696311,3.511585312329026,3.9207952597079285
2019-11-14,2.7521269619937105,2.971878772157125,3.199618491740006,3.316238380933984,3.514323986092616,3.922297256631613
2019-11-15,2.7634410345227964,2.985071265724279,3.2148684875785523,3.332585316576239,3.532601138257391,3.9448171346288143
2019-11-18,2.767509195553325,2.98925818268034,3.2191550583263986,3.3369137564797278,3.5369865340417523,3.949263341541318
2019-11-19,2.769077120480055,2.9912283825432446,3.2215736431261113,3.3395742655214837,3.540077005672803,3.9533153139229853
2019-11-20,2.760404894075989,2.98098835893496,3.2096093595877724,3.326688118467124,3.5255648689119132,3.9352143564973243
2019-11-21,2.7519327651539722,2.972094183259671,3.2003067100994507,3.31718761039968,3.5157457709392412,3.9248088476018284
2019-11-22,2.7529317442428423,2.973257961530616,3.201650941112068,3.318628026882245,3.51735540726017,3.9267903165720246
2019-11-25,2.7669682358516767,2.990453251655153,3.2223514519237857,3.341214073255429,3.5432841925301815,3.9601624401417364
2019-11-26,2.7751502069271012,2.998976201448151,3.2311922809656397,3.350203795750102,3.552505356104877,3.9697746521141695
2019-11-27,2.781265943191457,3.0070495012057363,3.241461265574914,3.3616624502504577,3.566085696249149,3.9881275487562333
2019-11-29,2.778878104702561,3.0033265217367715,3.2362245542255503,3.3555997171763314,3.558541271562982,3.9772177154140893
2019-12-02,2.761175921570033,2.9830359675383527,3.213111303043596,3.330985912993134,3.531293105207694,3.944200523630408
2019-12-03,2.756749589919253,2.976403921878011,3.203973036688138,3.3204777030764934,3.5183235880930694,3.925622868075831
2019-12-04,2.7656898652163333,2.98659318578886,3.2155203038920326,3.3327453635311057,3.5318536720442664,3.94190857362426
2019-12-05,2.769680710306491,2.9910606664163777,3.220500518312919,3.337995511579325,3.53757376533834,3.9486424577225345
2019-12-06,2.7785549348943888,3.002868086770359,3.235612355099789,3.354903421829124,3.5576937873938306,3.976025223096972
2019-12-09,2.7711776567763415,2.994331085190421,3.2258056245761444,3.344419836662939,3.5460191473597646,3.9617315856304933
2019-12-10,2.7720090785568545,2.994891104957325,3.2260441883686024,3.3444779999670082,3.545746378082992,3.960678935612677
2019-12-11,2.785901691945743,3.009985644406318,3.2423952919432413,3.361476858186956,3.5638521545838837,3.981091227006177
2019-12-12,2.7974743939795195,3.023481958535724,3.258003991545987,3.3782139541783405,3.582578378708348,4.004204869878826
2019-12-13,2.8052796898212033,3.0320696797291333,3.2674214766042207,3.3880637644910725,3.5931740398121437,4.016382863023485
2019-12-16,2.821009379542606,3.050414455491216,3.2886379980815983,3.4108143288523203,3.618628818492077,4.047802386634045
2019-12-17,2.821554388193434,3.0511201642244288,3.2895241858274966,3.4117984115964193,3.619787681885672,4.049355312031213
2019-12-18,2.8224027233388083,3.0521795335088155,3.290819302856921,3.413220945337884,3.621437034241806,4.051513496159085
2019-12-19,2.834592329532229,3.065954004881708,3.3063089381122586,3.4296174320549353,3.639418187584737,4.072936141077896
2019-12-20,2.8435093925101604,3.075871907771536,3.3172983756359584,3.441169056987484,3.651945643981223,4.087557296679779
2019-12-23,2.8503786820746977,3.083372492041124,3.325463016502153,3.4496775998164146,3.6610443062061298,4.0978953371498354
2019-12-24,2.859801264204491,3.0926999364225263,3.3345909944728387,3.4586638007662853,3.6697281633168513,4.105709744025673
2019-12-26,2.8807911245950173,3.115860343457455,3.360059572481515,3.485337406331742,3.698484383163011,4.138898833422081
2019-12-27,2.879404372825536,3.1142475532855105,3.358198817085834,3.483344287318837,3.6962580755759165,4.136158726621972
2019-12-30,2.8698342775785783,3.1028851821242456,3.3448567619151635,3.468940449181421,3.6799761758703236,4.115709814097146
2019-12-31,2.875767887658604,3.1092437997213387,3.3516500026992015,3.475953956697955,3.687360258008061,4.123842835646866
2020-01-02,2.9077731086846264,3.1455773418363964,3.3926813059130048,3.5194742553268057,3.7352377708030415,4.1812141050771
2020-01-03,2.904336111069207,3.1393410753457944,3.3832412458535903,3.508274553309687,3.7208642643374312,4.15956150298866
2020-01-06,2.9244810008877384,3.160961770211001,3.406375342797739,3.5321773106755567,3.746062817867486,4.187389408627313
2020-01-07,2.925522091963154,3.1619311022220904,3.4072517253569377,3.532998788870807,3.746779685958548,4.187845255403449
2020-01-08,2.9304988876649016,3.1691404018582547,3.416994726741649,3.544125764325001,3.7603918370747698,4.207115364090165
2020-01-09,2.939775551128675,3.180855604135056,3.4314406609773407,3.5600500799708947,3.77895160593369,4.231602135437002
2020-01-10,2.940354205962504,3.180600957177026,3.43021694201188,3.5582886450963764,3.776212394897708,4.226590473116957
2020-01-13,2.9510674740161695,3.194707398505247,3.4481441703822604,3.578292050971151,3.7999281706101975,4.2586982092905465
2020-01-14,2.9447874564580285,3.1873249876969383,3.439547266007077,3.5690449120790455,3.7895325755097082,4.24576068919783
2020-01-15,2.953102041808431,3.195548412597762,3.447585610591909,3.5769528504888837,3.7971636570774345,4.252599353912645
2020-01-16,2.9692003274510608,3.214296898906205,3.469244200957058,3.6001659498806835,3.8231170871851616,4.284597717347779
2020-01-17,2.979035956103658,3.2254755567313422,3.481881522688158,3.613576489113085,3.837881789504757,4.302315216406922
2020-01-21,2.97771980182425,3.2240485863516293,3.4803390301901356,3.6119745743413763,3.83617852943415,4.300401571490215
2020-01-22,2.9808305898529435,3.227937621163554,3.485098124505715,3.6172041833431168,3.842246137046337,4.308350852061742
2020-01-23,2.987419077754645,3.2354011395383377,3.4935102863731107,3.6261185598984538,3.852039087290517,4.320055774081349
2020-01-24,2.975880831625049,3.221411785109212,3.4767973375664583,3.6079388142882443,3.8312558847449556,4.293460921150089
2020-01-27,2.9462305635393853,3.1858381462044942,3.4346587660125967,3.5622708958408213,3.7793328069897583,4.227609802820794
2020-01-28,2.9624997464818663,3.2065636292698603,3.4603810655159037,3.5907007877149892,3.8125929211366287,4.271746241797664
2020-01-29,2.968681399177619,3.2131054569952786,3.4672801200459102,3.597776460182221,3.8199587862492494,4.279670421415577
2020-01-30,2.9754666363508706,3.220862717893031,3.4760962901041417,3.6071551419220054,3.830324413421708,4.292195119063563
2020-01-31,2.947597943494698,3.1885853851494756,3.4389884004202265,3.5674707556274656,3.78610387714211,4.237990538540753
2020-02-03,2.9630848873722395,3.208476916608934,3.4638278808749825,3.594994798123641,3.818422319808309,4.281125763373752
2020-02-04,2.9881009972927073,3.2402274439627665,3.503132400003405,3.6383938156242106,3.869127993879645,4.348294637966741
2020-02-05,3.004212344312549,3.2570065856692128,3.52052835395479,3.656075989067929,3.8872502298204994,4.367137872556347
2020-02-06,3.0216600173718713,3.2768579995889615,3.54299339056261,3.6799276226484485,3.9135320709247807,4.398726329009538
2020-02-07,3.0143974987507165,3.268348206075023,3.533110040587179,3.669309042965427,3.9016151068129945,4.383936059385213
2020-02-10,3.036846621529394,3.2942315239867064,3.5627514536352276,3.700953250011062,3.936783041261284,4.42685120993318
2020-02-11,3.035414830284639,3.2928951857815782,3.5615395173576903,3.6998150487329946,3.9357856858071716,4.426206660834407
2020-02-12,3.0512992499844493,3.3116450318475428,3.5834526659298525,3.7234243090057406,3.9623944876921544,4.45946995581995
2020-02-13,3.0544235330144778,3.3142522824382064,3.585431013319625,3.72504396452791,3.9633478893448015,4.458822038418955
2020-02-14,3.063167821731008,3.323740761450248,3.595696230141007,3.7357090904185624,3.974695639777609,4.471589175997054
2020-02-18,3.073567308562913,3.3339992560543537,3.6056905907407732,3.7455217267938403,3.9841273331351923,4.479945733996666
2020-02-19,3.094354398034895,3.3575092376719193,3.6321512887574623,3.773544134582022,4.014881266848798,4.5166424573065065
2020-02-20,3.0843917629071704,3.34461362414808,3.6159567085739712,3.7555581208523297,3.993693593317902,4.488222367029759
2020-02-21,3.0688271167644565,3.322909589907776,3.587295869197594,3.7231009180316077,3.954424200193018,4.433460173081307
2020-02-24,3.0046623563768673,3.2475318097672448,3.499558876986849,3.62874430909427,3.8483716088669713,4.301501265328567
2020-02-25,2.9295365926125756,3.1656302238842935,3.410541554693543,3.5360463641250126,3.7493646749854332,4.189270571427788
2020-02-26,2.935434852326095,3.172985488844688,3.419526426349552,3.5459128179479897,3.7608017968285767,4.204237042961902
2020-02-27,2.844584269835277,3.0687739792371165,3.300727904508937,3.4193531722010224,3.620606169567269,4.034135230631729
2020-02-28,2.8042863547779247,3.029760558527286,3.2635925880937715,3.383394926746491,3.5869821737906435,4.006665247075961
2020-03-02,2.8619591629180627,3.1014174006862243,3.350861504855133,3.479098502990754,3.697695877206357,4.151035015259323
2020-03-03,2.860316262240055,3.089645669331266,3.3274028848132757,3.449187791326837,3.65610018450872,4.08246284975736
2020-03-04,2.9019396133102715,3.142949750464723,3.3938066432151492,3.522690260958393,3.7422666712652353,4.19714378364827
2020-03-05,2.8931370931983693,3.1246675059408995,3.3646555555230053,3.4875630929145993,3.6963517091757363,4.126455711705873
2020-03-06,2.8773760443465553,3.1041015316771947,3.3386880222837316,3.458663756698905,3.6622151765996955,4.080500720670104
2020-03-09,2.814102701803459,3.021365652975393,3.2340675240331676,3.3421629935782775,3.5244893604943774,3.8948667168920217
2020-03-10,2.8405809804990914,3.0625749171119536,3.2920446622227173,3.4093164752938345,3.6081451199024057,4.016182438054229
2020-03-11,2.7971367061460306,3.007279623584932,3.223470262510487,3.3335503246585527,3.51955512111697,3.8987416014609777
2020-03-12,2.6776684500909895,2.8648189396558,3.055581067743393,3.1520110552849068,3.313854439915922,3.6393649427755497
2020-03-13,2.717383581496618,2.925472463545636,3.1400484108990474,3.249503613054456,3.4347606160219875,3.8136645697038
2020-03-16,2.603008017027378,2.7804312643841937,2.9606649009178603,3.051527630749245,3.203641724098373,3.5080193979420127
2020-03-17,2.673139412994006,2.867478636141769,3.0665894594993937,3.167647706327018,3.337900568165723,3.6829291050098827
2020-03-18,2.6302975583524155,2.8176801560068423,3.0091609632074836,3.106146848514839,3.26922611927456,3.598451736569685
2020-03-19,2.6181378492903313,2.807404841262818,3.001178456709728,3.0994719952041185,3.2649797225631327,3.6000384054970866
2020-03-20,2.6000151838967582,2.7795720757298183,2.962299316518034,3.054549921397375,3.2091936463331106,3.5194720431889226
2020-03-23,2.6393327187166644,2.8180015427608334,2.999328819943283,3.0906740783309647,3.2434874614709366,3.548822833349317
2020-03-24,2.7438272870776554,2.939046936077694,3.13850271452389,3.239514614997357,3.4093425843469114,3.752107678676147
2020-03-25,2.724446700502096,2.918195357948051,3.1161359161048967,3.2163755458280745,3.3848974205697773,3.7249952095063454
2020-03-26,2.7801497159990585,2.9864869860326984,3.198442257469751,3.3062390060428486,3.4881877534634342,3.8583078596146927
2020-03-27,2.743810948314478,2.9414403495546746,3.1436804307407673,3.2462308544669782,3.4188471154781968,3.768056788321914
2020-03-30,2.778562504834081,2.985148555024908,3.1974063535366684,3.3053755841244135,3.487644569290444,3.858533579975349
2020-03-31,2.7405793920807024,2.945788749130675,3.1568171913259664,3.2642344626970647,3.4456863291527067,3.81537538010409
2020-04-01,2.721743343267908,2.915289544969078,3.1130914207009557,3.2132907259962797,3.381795784326184,3.722086486299454
2020-04-02,2.736897760899741,2.9357529641731928,3.139476243330753,3.2428698542160004,3.4170482833144047,3.769996926787079
2020-04-03,2.7408838280096157,2.935441105321141,3.134235285492655,3.2349211475522024,3.404219506310528,3.7460129257099988
2020-04-06,2.766906233089398,2.9812283826519432,3.202320545435028,3.3151262206047756,3.506082968671472,3.8966984591754246
2020-04-07,2.7613827598694907,2.975769182838534,3.1969805723244384,3.3098676780318725,3.500993935704381,3.8920814453342256
2020-04-08,2.753093948151005,2.97433794017772,3.2034300360957895,3.3206519503843173,3.519598696170396,3.928592697819755
2020-04-09,2.7773638279330286,2.99822861620431,3.226686579906249,3.3434903862307097,3.5415840013816244,3.948257771418085
2020-04-13,2.7943642138486284,3.018063156620192,3.249607975101541,3.3680502677793505,3.569015132046349,3.9819484996095875
2020-04-14,2.802315506974768,3.039656693455488,3.286675560838855,3.4135582722829856,3.6296491850534434,4.076839990535065
2020-04-15,2.797050455184666,3.0307432703571955,3.273650028236712,3.3982990181787303,3.6104001931784095,4.048604782378147
2020-04-16,2.795998532447455,3.035747977219703,3.2855627838279067,3.413993324002621,3.6328908310351102,4.0865603391168355
2020-04-17,2.7772237995138043,3.020835099959653,3.2752054557135004,3.4061828475779743,3.629733707538247,4.094275272950558
2020-04-20,2.7839245201391787,3.023286226094058,3.2727599253964126,3.4010393427667953,3.6197162583286113,4.073073905781849
2020-04-21,2.7772700270195187,3.004489322293416,3.240186674465222,3.360950449120857,3.566156812549244,3.988999689548348
2020-04-22,2.7963177846302227,3.0324629429494143,3.2781693407306456,3.404351787245842,3.6192102318773216,4.063693736034692
2020-04-23,2.8063448689788246,3.041435361459089,3.2858568317579975,3.411307026846158,3.624808085091305,4.066048762455783
2020-04-24,2.8018734116519526,3.0423503155004257,3.2929448540830126,3.4217846309755857,3.6413924182905637,4.09658419701679
2020-04-27,2.795279935596904,3.0386947385166008,3.2926908490995475,3.423410526568249,3.646422494304507,4.109455659918258
2020-04-28,2.7908842848935373,3.028051899214769,3.2749682683816763,3.4018284805464276,3.617927111515825,4.065314924296098
2020-04-29,2.796120566576676,3.0449278324424363,3.3050596547312256,3.4391328842243682,3.66816450403813,4.144867443979974
2020-04-30,2.7786279372464335,3.0278960361507283,3.288698521965124,3.4231899418176006,3.653046306320889,4.131898556359574
2020-05-01,2.7746002849543556,3.0146668110963493,3.2649298139938994,3.393632758550474,3.6130504240929726,4.067983863996285
2020-05-04,2.788557875630561,3.0318133067220154,3.2856493871192876,3.4162878282638,3.6391578127594872,4.101864412615478
2020-05-05,2.803045459134842,3.0494224795389884,3.306747254923531,3.439272201157663,3.665502264677195,4.135755634115598
2020-05-06,2.7968130002422837,3.0452055824425774,3.304952261267147,3.438849049779055,3.667614672769869,4.14391852892417
2020-05-07,2.8231290791291643,3.074926087058832,3.3383633347740864,3.474213825692592,3.706397041747609,4.190136938451376
2020-05-08,2.8305517835047818,3.0864635899296045,3.3546263552829325,3.4930787501141767,3.7299652735105644,4.224535182292545
2020-05-11,2.8334629933486575,3.092137844207795,3.3634962634746106,3.5037162592467954,3.743809683926902,4.245808461792499
2020-05-12,2.816627150938886,3.068983796545252,3.3331453342355335,3.469423796060048,3.702423073635829,4.188203441119474
2020-05-13,2.8136580638253172,3.0621708081455603,3.3218748641167934,3.4556836061967147,3.6841961137838375,4.159559893017633
2020-05-14,2.8328472983535535,3.0844519944444664,3.3475590581891765,3.483188658314204,3.7149157096355805,4.197388984142809
2020-05-15,2.844229108391884,3.0976158695994,3.36268078008435,3.4993566666362588,3.7329288790396937,4.219475427313905
2020-05-18,2.8548973908137434,3.1139040463783942,3.385417194274272,3.5256414662343483,3.765624886647867,4.266922725285343
2020-05-19,2.861623439823331,3.1196862050290166,3.390023815805709,3.529568094594733,3.768274704674378,4.266451428177589
2020-05-20,2.8834178316348105,3.1473842380861417,3.424380653057864,3.567548035112197,3.812740939825801,4.325613813356814
2020-05-21,2.8586280865431246,3.1195792962884528,3.3933231882158164,3.5347748581640523,3.776975713565643,4.283374712347684
2020-05-22,2.8675445166801037,3.1294166635878558,3.404139371692988,3.5461018086268457,3.789184951617904,4.297459668720379
2020-05-26,2.8514071779049135,3.112750681152554,3.3870312123204958,3.5288091512205435,3.771644584441645,4.279675123992566
2020-05-27,2.8583866010928327,3.121338569986725,3.3974220006722837,3.5401767919558327,3.784754980865433,4.296710845048466
2020-05-28,2.860252234295727,3.122742947776291,3.3982673606237275,3.540703875860842,3.784691492582572,4.295229525580584
2020-05-29,2.881728352628127,3.1484992570009585,3.4287897176269397,3.5737970335505653,3.82235401046162,4.3431181088600495
2020-06-01,2.8930246140642537,3.160510871359371,3.4415210457626295,3.5868885265179924,3.836044427837528,4.357991597185378
2020-06-02,2.90125052653869,3.1707197587153955,3.4539684854153663,3.6005551710325028,3.8518962439886058,4.378807606795749
2020-06-03,2.9009148238328923,3.1718222891437695,3.456768650182019,3.604307079763685,3.857394186646218,4.388427873007183
2020-06-04,2.901365085430972,3.1700214911416333,3.452311672191152,3.598361278445071,3.8487174914962266,4.373305321566927
2020-06-05,2.926537517970172,3.201066757685618,3.489977178262473,3.6396289405595303,3.8964360974872276,4.435658920211466
2020-06-08,2.95645820749957,3.2329961558978906,3.5239205672450655,3.674576241392724,3.9330448866116137,4.475508682931788
2020-06-09,2.9651272963309863,3.2438838461598243,3.5373190817364097,3.689344552185963,3.950271683626346,4.498333783600009
2020-06-10,2.9851102958109834,3.267475807467703,3.564926268316292,3.71911700175481,3.983892921292142,4.540574688143552
2020-06-11,2.8697889861176638,3.1376134289486437,3.419294824804048,3.565134006985168,3.815292624437772,4.340126653843558
2020-06-12,2.8901798714776765,3.1601738245309003,3.444170528430684,3.5912216535913837,3.843479707405114,4.372801633972289
2020-06-15,2.909276365140781,3.1828266540574157,3.470787024399847,3.619978209742946,3.876044146555981,4.413909327428343
2020-06-16,2.9443744998314023,3.2228732624280045,3.516248722808211,3.668326421309918,3.9294728172689246,4.478519498429593
2020-06-17,2.9452692880531677,3.2247935438946973,3.519366132731212,3.6721103046320356,3.9344726607477485,4.486364737401756
2020-06-18,2.9464869675212806,3.22688259711419,3.5224670271084326,3.675772612906532,3.9391564891333513,4.493428458760038
2020-06-19,2.9512287852995387,3.2314903335920966,3.526861160930223,3.6800275896005537,3.9431282336323084,4.496625829206284
2020-06-22,2.9758249985801157,3.2596299061413303,3.558884508772493,3.7141235644647415,3.980875778370934,4.542424269129785
2020-06-23,2.997214438153133,3.283501273588685,3.585427362379744,3.742073631038116,4.011277161031412,4.578120287521301
2020-06-24,2.947364795132128,3.2275481153258156,3.522872213199491,3.676028437023226,3.9391333865856026,4.492728239401565
2020-06-25,2.9666991386354047,3.2496969069285813,3.548108215954293,3.702912866765111,3.9689233837713775,4.528929705121005
2020-06-26,2.9239008547829735,3.1997554427186636,3.490257593470684,3.6408113141668843,3.899286974356299,4.442501282960713
2020-06-29,2.9492396519260944,3.228213493594277,3.5220912611963064,3.674430068977185,3.9360259716467505,4.486022292538011
2020-06-30,2.9856264757491497,3.2704301885050135,3.5707458571419024,3.7265384398294508,3.9942466149446147,4.557826985472017
2020-07-01,2.999645907147685,3.28805472695336,3.5924682582085303,3.750503741065894,4.022249296432004,4.595074758514697
2020-07-02,3.014129767777351,3.3045792867584804,3.611229745152761,3.770459227300103,4.044308981763647,4.621777379226336
2020-07-06,3.0605311131517556,3.358514731775502,3.6735108075395995,3.837227948266653,4.1190365548635794,4.7142650590558715
2020-07-07,3.0491725375816623,3.344965235256636,3.6575081174859294,3.8198962413808766,4.099332953675582,4.689210008944086
2020-07-08,3.07674613673799,3.3766137448621167,3.693639965221952,3.858427447728297,4.142102147100331,4.741368261727511
2020-07-09,3.077020342474948,3.3797781290632356,3.7002215917539143,3.8669276382436815,4.15412710590595,4.761739660286655
2020-07-10,3.091922637447227,3.396834237649305,3.7196433508270763,3.887613900759254,4.177044546355107,4.789591023214379
2020-07-13,3.0624906561448744,3.3606446830707277,3.675818319305832,3.839626731927808,4.121590863882716,4.71714144840376
2020-07-14,3.0876851331369037,3.387899590925632,3.705201653184166,3.8700967677094296,4.153900974779072,4.75321451616866
2020-07-15,3.100136640654156,3.4008745392546604,3.7186428247102836,3.8837459799195413,4.167854806516476,4.767594874558005
2020-07-16,3.0799701524002328,3.3786423444839957,3.694214062416445,3.858170479589473,4.140297472988533,4.7358193814372225
2020-07-17,3.0924551424904276,3.3913463951707032,3.7070236804611647,3.8709853829366807,4.153044105368075,4.748108075833779
2020-07-20,3.135306534699092,3.443315167659509,3.7692556353005613,3.93879761288431,4.230845682320571,4.8485658031325904
2020-07-21,3.1386272391728376,3.442914973827212,3.764410760302142,3.9314414210522144,4.2188527377602565,4.825505981314508
2020-07-22,3.163997748689608,3.469154085723572,3.791365564306337,3.958688514658822,4.24647861066098,4.853427678156226
2020-07-23,3.1328630249697675,3.429317052784325,3.741612359487558,3.9034992832101922,4.181491986397218,4.7659618683014235
2020-07-24,3.1253807496713346,3.418703393879574,3.727384720023661,3.887273743715635,4.161640876549565,4.737696418606996
2020-07-27,3.1722912489101955,3.4709734918749993,3.7854205765605755,3.9483457336210908,4.228000513477456,4.815473902283508
2020-07-28,3.1614468761490846,3.455909078298478,3.765495111517396,3.925736331957951,4.200525549712181,4.776725835158555
2020-07-29,3.194285253686757,3.4921926058370993,3.8054518230821444,3.9676144909933404,4.245730369450026,4.829035183137652
2020-07-30,3.1878552659442994,3.487651172242448,3.803224710334819,3.966715347164776,4.247312307617187,4.8366492755774715
2020-07-31,3.224787100853439,3.5302164654460695,3.8520027269575765,4.018823770859071,4.30531160838655,4.907732647901973
2020-08-03,3.247693387325095,3.5575419263527057,3.884276319531616,4.053777986225393,4.3450498810921445,4.958264455514068
2020-08-04,3.278926314295376,3.5896505101518117,3.917037316742313,4.086770572359947,4.3782733986054385,4.991295854829094
2020-08-05,3.298624299581518,3.6099526656234624,3.937812361110915,4.107726177371156,4.399438056721272,5.0124895774889255
2020-08-06,3.3351863379152586,3.650740364435154,3.983150970749757,4.155463139542222,4.4513548901227376,5.073444012730867
2020-08-07,3.305251708059749,3.6170408582882603,3.945364363108351,4.115510081388561,4.407606846776113,5.021413379924911
2020-08-10,3.3000190651355,3.610348579772875,3.9370092246278467,4.106243514419568,4.396697840351528,5.006736945400473
2020-08-11,3.210764571619068,3.5155991404321507,3.836854342897272,4.0034378284997345,4.289576778126902,4.8915044029194785
2020-08-12,3.2479719055848433,3.5610972737768183,3.8917056305975226,4.063382089806746,4.3586491633741336,4.981322548096977
2020-08-13,3.2731292155724105,3.5867145252918577,3.9175580356959214,4.089257945798322,4.384411299444581,5.0062198178024735
2020-08-14,3.2672666162611312,3.5805124912549244,3.9110263854856573,4.082566466915782,4.377462626151992,4.998800557907773
2020-08-17,3.3065977780221463,3.6234607622728214,3.9577714632290775,4.131274361271707,4.429532686155864,5.057905365045526
2020-08-18,3.3294625015286066,3.6495035291100013,3.987293808573972,4.1626524423200735,4.464178779598793,5.0997528760626265
2020-08-19,3.282663078604534,3.6009007174103305,3.937132072926788,4.111817152378684,4.412397332046325,5.046837466697831
2020-08-20,3.3088819298126166,3.6318106349190447,3.9732706802522295,4.150779482851199,4.456385770308691,5.102113225395402
2020-08-21,3.312064708611908,3.637514127931461,3.9819177642383785,4.161066230292954,4.469666112497448,5.122410678869418
2020-08-24,3.3244508898952674,3.652051313197411,3.998847998970147,4.179287148641368,4.4901818877342095,5.148070278846928
2020-08-25,3.3386564607460443,3.669003448315349,4.018875541282273,4.200980796630449,4.5148490160660515,5.179445968312229
2020-08-26,3.3870340448293845,3.7247577381412924,4.082764124710303,4.269229487421213,4.590809311771899,5.272531613062969
2020-08-27,3.3735062621899328,3.7102199729609424,4.0671974763725,4.253143333763926,4.573852717689091,5.25383295086788
2020-08-28,3.405228163312871,3.743445470138429,4.101812403341104,4.288401718335445,4.610095933234427,5.291658618494434
2020-08-31,3.413081454316438,3.7542950411567713,4.116110907818586,4.304603567617933,4.629746866910782,5.319295267510962
2020-09-01,3.444343890504542,3.7916683920008762,4.160348896877104,4.352573617684369,4.684398977157364,5.389116493147324
2020-09-02,3.4570817221932035,3.8078913851183094,4.18056094388031,4.374979870529113,4.71077218953247,5.4246462636916535
2020-09-03,3.348574141075665,3.6809386253398824,4.033041457415119,4.21634723589107,4.532344499256665,5.201683893485254
2020-09-04,3.3276532272405746,3.655354541183178,4.002171446817648,4.182588511834054,4.49339119364247,5.150849544180744
2020-09-08,3.2423576133449026,3.5535714734259356,3.88184935800985,4.052190589503489,4.344957675975993,4.961490695352927
2020-09-09,3.3052390456470864,3.6259146018396518,3.964646635717708,4.140600698773025,4.443311041740071,5.08199875679295
2020-09-10,3.2609647093823835,3.5750336148260002,3.9064708884314965,4.078510244463567,4.374288410402457,4.997541647211448
2020-09-11,3.254179180273944,3.5659121237138294,3.8946524461838483,4.0651998105472575,4.3582679174821015,4.975216475037498
2020-09-14,3.295557600544403,3.6128704355243086,3.9477189387588787,4.12152416012361,4.420330722864071,5.049934294811394
2020-09-15,3.3134814683273905,3.635575950526399,3.9758915034197875,4.152701736983602,4.456937905141109,5.099061528539265
2020-09-16,3.2951076476332037,3.611725710137818,3.945751263581519,4.119093661277047,4.417048388778194,5.044626954000355
2020-09-17,3.262632904822258,3.5741171416732174,3.90244855654361,4.072725494139574,4.365237092596169,4.980637640890749
2020-09-18,3.238155994600816,3.545495409887602,3.8692065187313887,4.036987362185148,4.325053556984208,4.930455698933306
2020-09-21,3.20596192850501,3.5144328613692677,3.839921176161041,4.008856151834086,4.299271224606438,4.911117400404827
2020-09-22,3.2307189622050427,3.545264496445128,3.877671785866015,4.0504001716099705,4.347654997644867,4.975216827305293
2020-09-23,3.149822286476692,3.4545880233384487,3.7764007032871305,3.9435209030321614,4.230962544389654,4.8371441552784535
2020-09-24,3.1613734342222397,3.4675890737809194,3.7909783239784636,3.958935341296275,4.247844748171831,4.857238329919124
2020-09-25,3.1992670569146706,3.5129533675228823,3.844752896708542,4.017284578827022,4.3143881839012,4.942397670994862
2020-09-28,3.24973127306714,3.5700901675538743,3.9091809814671805,4.0855965461798425,4.389533649992041,5.032582439336899
2020-09-29,3.2480697839827064,3.5668558178448473,3.904092127666355,4.0794677458606525,4.381495196096761,5.020021097982702
2020-09-30,3.257072901467319,3.5781730471322697,3.918050811794225,4.094876729557521,4.399522275436031,5.044075934457617
2020-10-01,3.2908338044849454,3.617211355416072,3.96293470199039,4.142905292940546,4.453131367332321,5.110157418830454
2020-10-02,3.2485436709938416,3.565191170183205,3.899879778993294,4.073818598218064,4.373196910795153,5.005411552096135
2020-10-05,3.295892026324296,3.619531629423171,3.9619287381637203,4.1399995658157325,4.446687304946849,5.095144507602661
2020-10-06,3.2477814188835605,3.5655282110708537,3.901535767741566,4.076222199533397,4.3769848148036035,5.012521137516925
2020-10-07,3.2847626383409745,3.608215677753978,3.9505357768837,4.128614152148083,4.435389533947426,5.084336725069399
2020-10-08,3.3042420843640654,3.6293951858158247,3.973485627199389,4.15247353422912,4.4607978639534345,5.112948621030487
2020-10-09,3.3507850846684866,3.6809495855051217,4.030400463276037,4.212199345597976,4.525401291816358,5.188013523933462
2020-10-12,3.400058915692897,3.741006818352904,4.1026556545835735,4.291110571722386,4.616265710547644,5.306150240227919
2020-10-13,3.3751138584038314,3.7163212176126796,4.0786043310105295,4.267531390495831,4.593722803932025,5.286709119032209
2020-10-14,3.3617657645740024,3.6999611869510254,4.058831852169645,4.245894847880026,4.568735706081001,5.254065721223326
2020-10-15,3.3567285696654947,3.6924631750832657,4.048469262514155,4.233939209888828,4.553874453896535,5.2323998699073755
2020-10-16,3.346049641637852,3.679859814312366,4.033713612315983,4.218018218328826,4.535874284598238,5.209709074913238
2020-10-19,3.3111112321215073,3.6392569488054307,3.986821326637073,4.167737674119296,4.479574241071077,5.139930540616302
2020-10-20,3.3232165197166377,3.652013128379468,4.000194697458846,4.18140378378615,4.493700235736817,5.1548481168458355
2020-10-21,3.3285360538996933,3.656992371873585,4.00469935718525,4.185616320293435,4.497338605394367,5.156982468776871
2020-10-22,3.3237387278644652,3.652234468567392,4.000050962194526,4.1810516886292355,4.492960283092958,5.153169696954105
2020-10-23,3.3285539095091314,3.6577159740309084,4.006263109412902,4.187653983985911,4.500250459493198,5.161979372231843
2020-10-26,3.2906175379771363,3.6147126649577093,3.957720986407507,4.136160813774822,4.443564249114363,5.0938619700641645
2020-10-27,3.2982280236555472,3.6250511760558,3.9712086996837774,4.151390363126275,4.461956863010502,5.119608416218759
2020-10-28,3.200027909844014,3.5137776639530736,3.8456484438399015,4.018219807375032,4.315396687602211,4.943584047219019
2020-10-29,3.2248254465070056,3.5444016803663763,3.8828870670121196,4.059076617143571,4.362764356414629,5.005858367128446
2020-10-30,3.191269060062093,3.5022134567813885,3.83085792629287,4.001649212871503,4.295600085279024,4.916312437529079
2020-11-02,3.2158163346803583,3.52723420274964,3.8561279454786743,4.0269503133827325,4.3208006417456595,4.94067402900204
2020-11-03,3.259319943223324,3.576273655044917,3.911187955725623,4.085206073382029,4.38466147093389,5.0167974440044265
2020-11-04,3.3315420882475024,3.6635458536096848,4.015414680053089,4.198657449211465,4.514637062160558,5.18430245881975
2020-11-05,3.4077231983984775,3.748513927717272,4.109848275875673,4.298080559899223,4.622757948982323,5.311238693125449
2020-11-06,3.4099047449599067,3.750954573711547,4.1125688552774236,4.30094901897684,4.62588468695658,5.314926133070454
2020-11-09,3.351376597970016,3.68532038830447,4.039240642566156,4.22354989306558,4.541365645975137,5.214910743906086
2020-11-10,3.332779681766125,3.6602310020793896,4.006677199903642,4.186860687831278,4.497197305361305,5.153409309737324
2020-11-11,3.361767108162583,3.6971040654355676,4.052546577250428,4.237666577723693,4.556908494334877,5.2335903997868485
2020-11-12,3.3515606718440396,3.685255049210506,4.038876734737298,4.22301702299406,4.5405203684477335,5.213317817185548
2020-11-13,3.3847078130846615,3.7212835016232897,4.077904951520571,4.263586189754514,4.583713536786134,5.261937288743283
2020-11-16,3.408143015982083,3.7473814829354897,4.10686688696771,4.294056062939121,4.616809401627074,5.300703095169741
2020-11-17,3.3941988142058714,3.7323998168131585,4.090830701839591,4.277488439550907,4.599353066020951,5.281475801125711
2020-11-18,3.365450129441398,3.7011966900029387,4.057078756156392,4.242429806149622,4.562073486610366,5.239620465686489
2020-11-19,3.377294749145215,3.715846838515272,4.074910073699844,4.261999577846491,4.584768789491719,5.269459078369587
2020-11-20,3.364638390760967,3.700746119987649,4.057067482116504,4.242669553926273,4.562780848557932,5.241460105780683
2020-11-23,3.3506706656141434,3.686963123896169,4.043681844824224,4.229570205610874,4.550299139496909,5.230791163286552
2020-11-24,3.3695373335056362,3.7109018655497996,4.0734042258493535,4.262465187008013,4.588915850488265,5.282554004930269
2020-11-25,3.3743803741385765,3.7180386342740475,4.08320351204694,4.273742187714675,4.6028833887561165,5.302802369387292
2020-11-27,3.3780385112704394,3.7252007093372996,4.094480546570884,4.2873201798458656,4.620675939140954,5.330530069463507
2020-11-30,3.3684379761550964,3.7165114031205677,4.086995809262055,4.280556763387305,4.615303223993906,5.328701568711642
2020-12-01,3.4125477459631646,3.7650105622885848,4.140160758035318,4.336157579784496,4.675114818294428,5.39748448816732
2020-12-02,3.4165288431147762,3.7694477201120096,4.145089358328528,4.341345317549179,4.680754452894371,5.40410252056564
2020-12-03,3.4178346600531904,3.771278739099867,4.147531800432693,4.3441279321475665,4.6841579284320645,5.40896254455132
2020-12-04,3.4324332320293376,3.787312725120128,4.165083874698409,4.362469284507945,4.703858220041749,5.431534203447822
2020-12-07,3.436328484139346,3.7933314030462384,4.173593774370181,4.372372148736153,4.716313674537371,5.450017819893771
2020-12-08,3.443592078128236,3.801835522004337,4.183484108656412,4.383012755887075,4.728292712225132,5.465016824669455
2020-12-09,3.40704321716622,3.7568721211594553,4.128941519606466,4.32321906523644,4.659030666372697,5.37399064212409
2020-12-10,3.411219057426406,3.7625224104388257,4.136301242473088,4.331527293926505,4.669066274485721,5.38806406453957
2020-12-11,3.407488499350406,3.7579856892654533,4.130849953453665,4.325575833321205,4.662214703634023,5.379150390747424
2020-12-14,3.4105055035122467,3.763704842393874,4.13976619601787,4.336289381757004,4.676235962817121,5.401037872855572
2020-12-15,3.438031566173839,3.795071811110368,4.175355302749272,4.374137350003173,4.718073666089079,5.451719349396924
2020-12-16,3.4463094018041653,3.805391103598079,4.1880067814363215,4.388070305221455,4.734321799603268,5.473306972599879
2020-12-17,3.4603308418167362,3.8218224698480907,4.207132340229531,4.408654530967599,4.757508885349576,5.502369829855629
2020-12-18,3.4521822988165485,3.812564408990088,4.196657369457114,4.397529555515603,4.745237439262025,5.487563522434087
2020-12-21,3.445884963287943,3.805591713427075,4.188962492668977,4.3894560508543,4.736507053808839,5.4774246989127775
2020-12-22,3.447115243129075,3.8078597779690306,4.192457435610342,4.3936403540345825,4.741959520395883,5.485891059933813
2020-12-23,3.4421451114653525,3.8009819741324007,4.183361931149471,4.383312144564521,4.729383136943773,5.468046949039394
2020-12-24,3.45185079372136,3.8123114210668057,4.196503093954461,4.397432842044395,4.745249681135385,5.48784650021217
2020-12-28,3.473486408839131,3.837676465422578,4.226038350950698,4.4292262292056455,4.781072996953944,5.532769072475853
2020-12-29,3.472326458323696,3.836873871895258,4.225680191391067,4.429125611415302,4.781457582777816,5.534350775153853
2020-12-30,3.473893088480538,3.8384414718607447,4.22722722574852,4.430653357249282,4.782938551961687,5.535677088284944
2020-12-31,3.4828107016129595,3.8482532050833926,4.2379870156986135,4.4419070278651045,4.795044093836954,5.549588894480709
2021-01-04,3.450779807608501,3.8109820225029956,4.194867758014281,4.395624946304855,4.743120337412904,5.48494264580553
2021-01-05,3.4715196947579496,3.8347325232629452,4.221942943743464,4.424484860504718,4.775141990532384,5.524011941961393
2021-01-06,3.443463900529504,3.801538374563905,4.1829691742106725,4.382368254687702,4.727395912024939,5.463469430513306
2021-01-07,3.48545098303552,3.8524086535527537,4.243924658269771,4.44884294979631,4.803809797341144,5.562687301564982
2021-01-08,3.467844342722927,3.839853364268545,4.237698763272375,4.446302186453247,4.808238374073169,5.584421783587245
2021-01-11,3.440684414253057,3.8071954709205365,4.1988157783171705,4.404018729511011,4.7598406472168335,5.5220329981310305
2021-01-12,3.4462464004869657,3.812115618372136,4.202884042988157,4.407574934068479,4.76240570853178,5.522051378410217
2021-01-13,3.452440311603431,3.8208716309448594,4.214633631719579,4.420994345580646,4.7788796907295215,5.5457212706276255
2021-01-14,3.441503207493458,3.807924235072151,4.19942449742519,4.4045551141918455,4.76023677992013,5.522067874323526
2021-01-15,3.410009649935609,3.773550770234656,4.162037718309725,4.365614676579643,4.718642013986751,5.474950340573901
2021-01-19,3.4452225942660117,3.8141453870626023,4.208602103160442,4.415393907883712,4.774132170720514,5.543233269324393
2021-01-20,3.506602342031638,3.8842066294650266,4.288227952599746,4.500145515331099,4.867951083644275,5.657210392530576
2021-01-21,3.5165457340136945,3.8972672613120842,4.304896284228072,4.5188137486582605,4.8902592691389755,5.68802185551002
2021-01-22,3.500037406795095,3.8796964334363953,4.2862838105199845,4.499692508448239,4.870314038109722,5.66655044204658
2021-01-25,3.5156088640674374,3.898477677432174,4.30870343065854,4.524101124739016,4.898301296357599,5.702735666144233
2021-01-26,3.51277164259806,3.8962431347915647,4.307234607340087,4.52308168300598,4.898136763437828,5.704712945432355
2021-01-27,3.442845451013935,3.815477580866637,4.214430902572948,4.423789734588531,4.787310627757827,5.568016279605839
2021-01-28,3.460827283800133,3.8356769675717417,4.237040408945744,4.447678182028722,4.813442023227422,5.5990558747560275
2021-01-29,3.4119882696207813,3.7788238401559524,4.171245834555333,4.377048800610344,4.734193936614773,5.500381094910008
2021-02-01,3.472816511624213,3.848894054964508,4.251576219568189,4.462908265714595,4.829881838335913,5.618110789281049
2021-02-02,3.50807220169167,3.8903538287117936,4.3000059099576085,4.515125402637638,4.888879841268475,5.692513619329744
2021-02-03,3.504296165912613,3.8850285541570573,4.292865558800964,4.506970565484872,4.878865859885999,5.678104883183523
2021-02-04,3.5317267224536737,3.917006869132178,4.3299294580466245,4.54678907225159,4.923602557151974,5.7339607407696125
2021-02-05,3.5404514745065274,3.927048694060105,4.341432532861425,4.559079238597003,4.937291323102676,5.75078464008088
2021-02-08,3.557091005173323,3.9463010823927775,4.363593728151202,4.582811037362119,4.963819785346009,5.783605604266941
2021-02-09,3.556037781596065,3.9451671580281573,4.362377964106603,4.581554133936876,4.962494296479933,5.7821445424882025
2021-02-10,3.552642365317574,3.9408699328734746,4.357041952762124,4.575643956548741,4.955541419182671,5.772763990303392
2021-02-11,3.5613205655305586,3.951717945858051,4.370381808763479,4.590358343811202,4.972747832795654,5.795756120758308
2021-02-12,3.5738934441421053,3.966496517154898,4.387637769846592,4.608960299553588,4.993759264319303,5.822240102567495
2021-02-16,3.569682808229471,3.961206411476896,4.381106402683115,4.601743652242468,4.985299326870829,5.810890171824703
2021-02-17,3.5641405718530867,3.9537483902122608,4.371416812323093,4.590811479171171,4.972096935943271,5.792348363907767
2021-02-18,3.553599570874907,3.9414877769186694,4.357235728056496,4.5755911222384205,4.955022469309139,5.771087892015176
2021-02-19,3.546360526509456,3.932530445965898,4.346310534379596,4.563582441697803,4.9410524386301145,5.752576090310698
2021-02-22,3.505991947076984,3.8819869598335095,4.28407720576315,4.494899064372613,4.860672438608079,5.645029574908107
2021-02-23,3.5039678723522085,3.8788164299975194,4.279552069248492,4.489612669653391,4.853984843453857,5.635005861264295
2021-02-24,3.5265583793070787,3.904516955514935,4.308673553340886,4.520565543447065,4.8881746361865,5.6763819361255585
2021-02-25,3.4567950959731952,3.8214063934051503,4.21047783982565,4.414138473801957,4.766958668021981,5.521361313280476
2021-02-26,3.4554689150256763,3.821657830397588,4.212654332885791,4.4174187115632275,4.772302720163034,5.531744250831576
2021-03-01,3.5177091485609058,3.8950614227861617,4.298613680060637,4.510206122801934,4.877322571745965,5.66458376425162
2021-03-02,3.489625996425061,3.8608123022832963,4.257339866438075,4.465078496892788,4.825239976479697,5.596482085618372
2021-03-03,3.4406373433305895,3.8008423122416914,4.184844152255215,4.385705462795793,4.733447042268449,5.476049667381888
2021-03-04,3.4079594635427917,3.762174220998534,4.139430634056238,4.336620730226262,4.6777810912467155,5.40540032284153
2021-03-05,3.445556350967262,3.8051609129547117,4.188366614786698,4.388749464384313,4.735564840867049,5.475786148980001
2021-03-08,3.4078197428741186,3.7570026419064364,4.128192752820501,4.3219307377537035,4.656674400126955,5.368776144409031
2021-03-09,3.467368454825305,3.830623569946287,4.217912271764387,4.420506845778037,4.771271220007451,5.52042003639122
2021-03-10,3.47139671278841,3.8335590756155415,4.21947092596597,4.421261091291591,4.7704999475607455,5.515843266632262
2021-03-11,3.509531097952599,3.8802022387282546,4.275816941371799,4.482933555092851,4.841790119512169,5.609305560602025
2021-03-12,3.5016021863124385,3.869184063525904,4.261189305417913,4.4662922813550505,4.821464505682571,5.580294941076815
2021-03-15,3.5209716077681463,3.892552526477539,4.289096821933136,4.496683669922769,4.8563290635161405,5.625424907420462
2021-03-16,3.5258396102728007,3.8995180287185356,4.298520569745593,4.507481556057954,4.869645252329847,5.644693228710241
2021-03-17,3.534849835320591,3.9100890156830452,4.310841826857906,4.520752668572105,4.884614982269373,5.663513683135164
2021-03-18,3.4813559240282634,3.8448816440781926,4.23229179613441,4.434883517433006,4.785538209411534,5.534021042555541
2021-03-19,3.4831791719479,3.848028301206451,4.237007757879005,4.440483316686301,4.79276752518275,5.545139803822103
2021-03-22,3.5139904070171504,3.8858199889802307,4.282766432844861,4.490618101992506,4.850807914447558,5.62142064099797
2021-03-23,3.499693402030582,3.869896780153998,4.265091475237833,4.472019653328241,4.830599313301399,5.597726744710748
2021-03-24,3.474053695774522,3.837879586984791,4.225758707814842,4.428654935242013,4.779930219112897,5.530123387296181
2021-03-25,3.478682240711847,3.8418353695558274,4.228835347424054,4.43120736380917,4.781473559246852,5.529093237350468
2021-03-26,3.514729572806983,3.883394832902721,4.276514322466937,4.48218395417625,4.838311674699614,5.599077346817055
2021-03-29,3.5137956247521034,3.8823556076604073,4.275361815387717,4.4809717752393405,4.836995530582749,5.59753647200742
2021-03-30,3.504943863323538,3.871613515808604,4.262469677258332,4.466901420854671,4.8208008358124195,5.5764567231931395
2021-03-31,3.527208481453312,3.899614946577818,4.2970634782986075,4.505132906160668,4.865628911505408,5.636603663371214
2021-04-01,3.5599805918647682,3.9388454972490106,4.343602586046649,4.555663200650807,4.923334467108056,5.710726382976775
2021-04-05,3.600640921822353,3.9872019112907506,4.400642263151305,4.6174350055660796,4.9935986364576745,5.80036113401974
2021-04-06,3.598957333789473,3.9852461947782905,4.398383094398757,4.615011808380903,4.990883105553355,5.79698689220481
2021-04-07,3.603281261536529,3.990523264598301,4.404745936382885,4.621970256444648,4.998916329777534,5.807495022856437
2021-04-08,3.6218048965264975,4.013169987247819,4.432092109412482,4.651895316709407,5.033496485533055,5.852800367249912
2021-04-09,3.637923513887337,4.031684913040137,4.453260331343084,4.674490599916959,5.058624178760597,5.883590614720478
2021-04-12,3.6367582714104265,4.029990253508184,4.450944571083673,4.671827435734665,5.05532405247801,5.878783955426151
2021-04-13,3.654766255687046,4.0526946836632005,4.479047002771564,4.7029088265005266,5.091807851784635,5.927814088938137
2021-04-14,3.6356084866916305,4.028651085686815,4.449393902152673,4.6701623207058995,5.053454785337747,5.8764539365427835
2021-04-15,3.6675281117975587,4.0666282291124105,4.494206783845458,4.718700940433784,5.108680376856732,5.946934869919845
2021-04-16,3.6731184171648508,4.072680121679371,4.500733552614595,4.725469271358715,5.115856137257678,5.954936314890639
2021-04-19,3.6554458886888233,4.051281724830396,4.475102052110032,4.697519849907937,5.083730279433373,5.913218084442068
2021-04-20,3.637379911925502,4.030293380822214,4.450854754126524,4.67151087592615,5.054581504605419,5.876993975253597
2021-04-21,3.6594995488080766,4.055815846427066,4.480156186868929,4.702849092060422,5.0895406943011565,5.920076197984734
2021-04-22,3.6333764297822766,4.024837108513048,4.443705841517087,4.663419446509471,5.044768228260848,5.8631325187392775
2021-04-23,3.6620937580229276,4.0585567922262955,4.483036189049703,4.705794930681961,5.092589630710137,5.923300479592992
2021-04-26,3.6726373027100037,4.071739519874048,4.499246164945117,4.723673258737412,5.113490151811903,5.95120624734583
2021-04-27,3.66708119533972,4.0644093884349735,4.489858848693498,4.7131439691939745,5.10087987088855,5.933723846131031
2021-04-28,3.6623862008051855,4.058337583911903,4.482196054016138,4.7046000297815675,5.090733268998038,5.919836856808598
2021-04-29,3.6747485003075537,4.072128460209069,4.497528600232164,4.720746416604258,5.108300342833775,5.940486104901419
2021-04-30,3.658521069273956,4.053262203840479,4.475718340407655,4.697344257898726,5.082060250322151,5.9078480211592765
2021-05-03,3.6547596477911135,4.047354870019203,4.467273464842997,4.687472547824392,5.0695609848633625,5.889087337753938
2021-05-04,3.6252898554695006,4.010717736655028,4.422413841553011,4.638080325167364,5.011955479697532,5.812429069038461
2021-05-05,3.6218001279384486,4.00590746326168,4.416059645914413,4.630864328927672,5.003161772084154,5.799911936402186
2021-05-06,3.640422980103817,4.027450007821234,4.44085287653402,4.657412901619752,5.032836222136868,5.836620914328295
2021-05-07,3.6588815131479264,4.049080231657832,4.466040810482737,4.684532058085809,5.0634099152232865,5.875030855129477
2021-05-10,3.616263240759059,3.9964674029849787,4.401984822121974,4.614176517945261,4.981651929897164,5.766871949666213
2021-05-11,3.6037643085772273,3.9834645144658523,4.388559499236377,4.600575962443831,4.967820316741044,5.752845797835234
2021-05-12,3.5476125054697776,3.917380286216024,4.311309311731122,4.517255243721156,4.873626504110198,5.633930589294233
2021-05-13,3.570646296030274,3.9432852335784334,4.34034041186597,4.547947554213942,4.907235884943612,5.673939133345587
2021-05-14,3.6144353219806495,3.9953996561753327,4.401863131693512,4.6146037148697046,4.983114816946615,5.7708995961328595
2021-05-17,3.6043393642552792,3.9829593696753895,4.386740215483928,4.598004539806929,4.963844380280146,5.745447460296821
2021-05-18,3.586004054584334,3.96205114927041,4.362996141926671,4.572740090138343,4.9358892628658335,5.7115046699842855
2021-05-19,3.584054938247684,3.9605509096851934,4.362067531247815,4.572147561153286,4.9359372004152915,5.713162600320917
2021-05-20,3.6194414077716,4.003315701042259,4.413221449304828,4.627898027888868,4.999974954701799,5.796259440587116
2021-05-21,3.612021899116105,3.9937360197943574,4.401141743417701,4.614432114870266,4.983985041171685,5.774366585025734
2021-05-24,3.644052560013378,4.032267727769218,4.447052401955592,4.664381079621689,5.04120764818826,5.848288645874125
2021-05-25,3.6429992801933784,4.03176877907472,4.447239158087218,4.664964246193244,5.042536766329884,5.85145731824153
2021-05-26,3.649601459315095,4.039742382173006,4.4567716948607465,4.675350811453284,5.054462882150921,5.866923259764221
2021-05-27,3.6458704697728685,4.0345239747089705,4.449811283320851,4.667416948993323,5.044745303363338,5.852989807599006
2021-05-28,3.651843017633167,4.041737973133559,4.458436529851479,4.676815339526713,5.0555374676843226,5.866986750270775
2021-06-01,3.638282917215462,4.026879694128318,4.442213245271841,4.659885673464144,5.03739703262927,5.846311541156421
2021-06-02,3.6484959996363813,4.0378401614339055,4.45392522404116,4.67197275675824,5.0501051140270095,5.8602286213698145
2021-06-03,3.607461880097309,3.9927661055356207,4.4045804802875,4.620408506865852,4.994721048926774,5.7967810530098856
2021-06-04,3.6518127160910865,4.043718919747748,4.462846332033046,4.682608897428376,5.0639056019955,5.881591516752481
2021-06-07,3.6591159592786884,4.052203420779836,4.472648615992899,4.693123729115286,5.075690730962883,5.896240689807454
2021-06-08,3.6562037749755882,4.049495798222871,4.4702306327810515,4.690885699978236,5.073809158607726,5.895305541277966
2021-06-09,3.652353638584529,4.045756794127593,4.466682339998027,4.687465882685299,5.070657099136453,5.892912236648096
2021-06-10,3.6759805271386092,4.073537477260211,4.499127112833257,4.722444088477853,5.110169323067005,5.942717179936988
2021-06-11,3.6675862696085226,4.066250597653266,4.493299762571758,4.717491097960459,5.1069051550764195,5.943781531422326
2021-06-14,3.6752009064407156,4.077789358075181,4.509461024852209,4.736244849662889,5.130422728918408,5.978608643583899
2021-06-15,3.6602517634675378,4.060176757187279,4.488854807752354,4.714011450662955,5.105275511786801,5.946839982585236
2021-06-16,3.6287826261574416,4.0273152809023705,4.454776315709046,4.679402647088429,5.069916372600116,5.910570396808466
2021-06-17,3.6082263986017815,4.012070510355616,4.44624222595112,4.674795514713463,5.072765674950541,5.93205595293289
2021-06-18,3.575637930618128,3.9763290784638796,4.407176027554058,4.634004734735791,5.0290121339687035,5.882070021975429
2021-06-21,3.614394182691847,4.017513275151592,4.450719529092268,4.678691260977634,5.075533765940611,5.931917626380997
2021-06-22,3.6278332837729463,4.034786506064975,4.472421015454615,4.702844547287526,5.104145609672912,5.97093268260461
2021-06-23,3.6262238294693785,4.033388881413508,4.471302638029778,4.701893476006861,5.103517713838199,5.971133188014637
2021-06-24,3.640620866922065,4.050333524790692,4.491109241391216,4.723255155144889,5.127663262791736,6.001601585844229
2021-06-25,3.6471842239050414,4.056351704211662,4.49637312207021,4.728055661213768,5.131552916056609,6.003098110239294
2021-06-28,3.665096328036432,4.0793396386999685,4.5252216477147975,4.76014837919659,5.169544172359644,6.054848691707973
2021-06-29,3.658479517723724,4.074296836843128,4.522175227087305,4.758272792390527,5.1698953994407235,6.0607792577504345
2021-06-30,3.6629441358430324,4.078066981493361,4.525041814629912,4.760601868762695,5.171191488420927,6.05944703023513
2021-07-01,3.6748047426629498,4.090045203065124,4.536989233551897,4.772471159850639,5.182821992976306,6.070160141378138
2021-07-02,3.6981080707533986,4.118082293640313,4.570420357071651,4.8088631030834526,5.224561511133699,6.124242804204971
2021-07-06,3.701075124081387,4.122841919371748,4.577316749260843,4.8169677566806754,5.234902144400484,6.139959362072947
2021-07-07,3.7080626790271083,4.130717954154691,4.5861631711695265,4.8263310443486045,5.245174977166162,6.152235694756962
2021-07-08,3.6905735073751122,4.11068466090105,4.563310716900372,4.801961120864064,5.218109870795757,6.119131781422824
2021-07-09,3.711425200543321,4.1341554388834965,4.589637951475582,4.829808216925889,5.248629014693141,6.1555265107215344
2021-07-12,3.720743284030114,4.145115768988521,4.602449758429698,4.843628860819281,5.264260417318447,6.175292204857006
2021-07-13,3.7164947440341476,4.140859888810608,4.5982532331573,4.839490357102583,5.260265342488614,6.17178272899432
2021-07-14,3.720459602396848,4.145581156262345,4.603832536712037,4.845539185410982,5.2671599731829115,6.180620771177598
2021-07-15,3.7075375690050256,4.129696038516874,4.584544279859745,4.824372869789765,5.242586403701152,6.1481215903056645
2021-07-16,3.687730108754307,4.106487070987514,4.557508592738478,4.795255168006568,5.209736437320762,6.106769255131117
2021-07-19,3.659314970396177,4.074643949703481,4.521944865684977,4.757718872657424,5.168743302498447,6.058220488127134
2021-07-20,3.6909083176323825,4.111043112962915,4.563692596912579,4.802354541420386,5.2185221315108,6.119579515162469
2021-07-21,3.7104258586898355,4.13378872151113,4.590058228577778,4.83068532504506,5.25036894060536,6.159408887768505
2021-07-22,3.721408224242113,4.147546240899764,4.607021053366665,4.849423743725687,5.272338855035874,6.188935952628796
2021-07-23,3.748726636709629,4.1798129591478,4.644878704607577,4.890332423615434,5.318730898603607,6.247876011358498
2021-07-26,3.7529406352223673,4.184368620542991,4.649782978794817,4.895412760969317,5.324106002316286,6.253838594352049
2021-07-27,3.7330547794036795,4.159766438267102,4.619753071968232,4.862383419112338,5.285628784742207,6.202664492949342
2021-07-28,3.737376204672133,4.165709800721804,4.627603488383285,4.87130275310628,5.296512301320449,6.218216073967335
2021-07-29,3.7449439053861564,4.174040171401257,4.636741605273127,4.880861216706955,5.306794984290502,6.230030487253858
2021-07-30,3.732112644820425,4.1589841557073965,4.619180734133972,4.86193676409563,5.285424985644837,6.2030846815590905
2021-08-02,3.729670557027808,4.156574029475673,4.616848416892767,4.859662687121151,5.283279653317114,6.201329208672852
2021-08-03,3.7472865583646486,4.176762096120756,4.639889360089098,4.884240391700725,5.310588698629084,6.234766415101567
2021-08-04,3.7429430627693057,4.173008744634205,4.636928330148425,4.881759463029396,5.3090437517667315,6.235658601764063
2021-08-05,3.7587577377450594,4.191526699161847,4.6584890543035415,4.904976400753573,5.335230959232148,6.268618592359631
2021-08-06,3.7554437802183154,4.1863571425665445,4.651106977249439,4.896342785211176,5.324280304159178,6.252091609459455
2021-08-09,3.7567399012686518,4.1884318522190425,4.6541115860853,4.899873960630673,5.328787164565004,6.258949839386255
2021-08-10,3.7517240238166405,4.181247547766656,4.644360541272581,4.888677768584973,5.314925480615984,6.238712309038815
2021-08-11,3.752694756180508,4.181503699309594,4.6437277532912224,4.887528855340825,5.312801411241395,6.234164545881983
2021-08-12,3.760959975006694,4.191298198657538,4.655254779691832,4.900003183404973,5.326981191095467,6.252259556234433
2021-08-13,3.7677856798219005,4.199614460468004,4.665279907556387,4.910970331743819,5.339655983482913,6.268901708710628
2021-08-16,3.7710332882377497,4.203054491492332,4.6689016698893315,4.914677721422379,5.343496534524465,6.272963445425753
2021-08-17,3.7516600834800427,4.179919087046024,4.641488284301522,4.884919269430718,5.309507067030977,6.229224016623073
2021-08-18,3.725897861756083,4.150067279960191,4.607063486414153,4.848016850499279,5.268178926043687,6.17787577634598
2021-08-19,3.734058531744553,4.160246601567087,4.619574910225577,4.861820518831465,5.284335204270757,6.1995382316453895
2021-08-20,3.7568189067058593,4.187372143529972,4.65165942868607,4.896621655880168,5.3240350512325145,6.250515962234635
2021-08-23,3.786332706812859,4.223242421709351,4.694810500905119,4.943783805900804,5.378464486550876,6.321814327096981
2021-08-24,3.7922279810715622,4.23045457825691,4.703534631822638,4.953342250781674,5.389536590478017,6.336408142247115
2021-08-25,3.7963560163165635,4.235085163004047,4.708711362676894,4.958808813565778,5.395511516967638,6.343496073640039
2021-08-26,3.7808764275984803,4.216846567336134,4.687356411528247,4.935753454275119,5.3694002719991625,6.31039113734385
2021-08-27,3.80451370002009,4.2446807443726575,4.719929596445419,4.970911867931452,5.409203862375634,6.3608221867275825
2021-08-30,3.824499648389386,4.269535626298683,4.750404474992103,5.004499004039102,5.448454267949582,6.413316132169068
2021-08-31,3.8214082825155398,4.266081474897131,4.746557895716242,5.0004448914735935,5.444037280794704,6.4081093727875365
2021-09-01,3.820057619929074,4.265438292442021,4.746802688576868,5.001208035363567,5.4457820103305545,6.41230895908105
2021-09-02,3.819995286594398,4.265173844027387,4.746291569727857,5.000555303080414,5.444863971818314,6.410739869888834
2021-09-03,3.8371825991066952,4.2837571181304295,4.76629552743311,5.021275018333536,5.4667788271235,6.435021333476629
2021-09-07,3.8092877805697087,4.256330739686647,4.739914420091275,4.995661091725699,5.442846144394018,6.416161810259053
2021-09-08,3.8001353808109584,4.245642426478941,4.7274981861925625,4.982304576931188,5.42780356914556,6.397274967617939
2021-09-09,3.795865920196306,4.239883474029755,4.719985740204009,4.973808155736386,5.417496866972174,6.38265465380566
2021-09-10,3.769875012573296,4.210536577340768,4.686964530982419,4.938826241064551,5.379058799258499,6.33657859437002
2021-09-13,3.7764189243235826,4.216821087068806,4.692820581068431,4.94439683956241,5.384036983584413,6.339879194554227
2021-09-14,3.774151802917427,4.213343439544308,4.687897537297357,4.93865527957914,5.3767784488882935,6.3289620573663585
2021-09-15,3.7865136194246043,4.228893532693652,4.707146572106108,4.959960069243981,5.401835597180596,6.362842856940918
2021-09-16,3.7568690540886918,4.199394878151079,4.678327431358663,4.931707962333258,5.374904127025737,6.3401553944398135
2021-09-17,3.727651746741885,4.165012058947244,4.638106942158258,4.888300685759193,5.325766906370989,6.277890555217345
2021-09-20,3.689775613699259,4.118290837366572,4.581184403817507,4.825731028477545,5.252923453003091,6.181023294489169
2021-09-21,3.698378431428715,4.127440879208444,4.590859857161779,4.8356578604967115,5.263247847778706,6.19203830309404
2021-09-22,3.717140943444724,4.150133523180692,4.618052597278732,4.865329518640989,5.297410940279174,6.236630158236919
2021-09-23,3.7292716390478753,4.1661506252313805,4.638628210226416,4.888457025265604,5.325224183009972,6.275572607485675
2021-09-24,3.7309321094009023,4.168212042061086,4.64115300452967,4.891238686310772,5.328473700394097,6.27991829580639
2021-09-27,3.719909609525276,4.153791189752967,4.622753110084317,4.870613864096001,5.303767364975209,6.245533132070549
2021-09-28,3.6476530964214438,4.069418899605234,4.524751432422286,4.765195880439293,5.18505145766675,6.096499970187519
2021-09-29,3.642262121775829,4.063339248369694,4.517918751895081,4.757961746038914,5.177110276154359,6.08699870966136
2021-09-30,3.6445907735273466,4.064197998023202,4.516936580385124,4.755906123881177,5.173019388158609,6.077819358398435
2021-10-01,3.6644074057134883,4.086601969183144,4.542177372325053,4.782662330027819,5.202449389786102,6.11316906539858
2021-10-04,3.6226838260245264,4.036145177057536,4.481732299277898,4.716719962672336,5.126554888895905,6.014203468947507
2021-10-05,3.6515567702701954,4.070526394027015,4.522371033423828,4.760786762435656,5.176803573581686,6.078686136796234
2021-10-06,3.664406890319953,4.086022571952224,4.540890087322963,4.780968233110589,5.199992662032493,6.108839605337463
2021-10-07,3.6862167251049303,4.111657607067407,4.570841487252813,4.813273252203064,5.236525172692941,6.1550383511499955
2021-10-08,3.6778179426733146,4.101173819269867,4.557947165786333,4.799042510657702,5.219860240036185,6.132671244774715
2021-10-11,3.659471620885216,4.079616535721074,4.532767265851995,4.771887521122828,5.189158034865698,6.0938597776205565
2021-10-12,3.6522106465860658,4.070910277682277,4.522413917967301,4.760629872797374,5.17626663571636,6.077194500556319
2021-10-13,3.6663167932796608,4.088313937251403,4.543616287026125,4.783933210383545,5.203389087982178,6.113232904350614
2021-10-14,3.7093406075861948,4.139020059442967,4.603004029490931,4.848059756281363,5.276034838437594,6.205388363486644
2021-10-15,3.7268244215190123,4.1591897058393865,4.626168418532149,4.872843423437493,5.303706000937311,6.239577025297171
2021-10-18,3.743004245897316,4.179639570343013,4.651571908066527,4.900999528107357,5.336885271895506,6.2845609890536265
2021-10-19,3.7623107643158127,4.20221735053215,4.677830134795384,4.929260489861176,5.368737141318002,6.324597935088409
2021-10-20,3.7656446066326863,4.205007162313742,4.679899432733302,4.930896311947531,5.369532101357105,6.323218747106003
2021-10-21,3.7767450540240217,4.218747456236374,4.69668399606955,4.949365770722586,5.391066139287192,6.351914400168993
2021-10-22,3.7646632896869736,4.203023437986034,4.676706154837731,4.927013629434299,5.3643653303163195,6.314930882630584
2021-10-25,3.784650021851227,4.227430338588611,4.706187193663253,4.959294382541407,5.401725296446592,6.364108373306532
2021-10-26,3.789578213014053,4.233727199299429,4.714076105389259,4.968069542667532,5.412120126893941,6.378318978877776
2021-10-27,3.7868614576004003,4.231999275028273,4.713602403492707,4.968332440942174,5.413786915791771,6.383522283570948
2021-10-28,3.81380981895176,4.263835953224712,4.7509703614686805,5.00872230648158,5.459613559947626,6.441816287853167
2021-10-29,3.822847175355937,4.275051452391563,4.7646997090012535,5.023843730986796,5.477268104122545,6.465395005088111
2021-11-01,3.8293762930037283,4.283077706221771,4.7744547540279445,5.034556753375454,5.489725733240809,6.481940702238529
2021-11-02,3.8395975415557952,4.295158563323168,4.788644365888999,5.049900365838217,5.50714876862882,6.504146780352057
2021-11-03,3.8610426691853297,4.32131495555242,4.820220227356541,5.08447131406567,5.547161670849303,6.556859579303595
2021-11-04,3.883884743730375,4.34988476589093,4.85543466255932,5.123378901748675,5.592811474392201,6.618371885679097
2021-11-05,3.889628548732416,4.356086430900254,4.862099690666442,5.130276237811576,5.600094755580116,6.6264106088584445
2021-11-08,3.8890944020724754,4.354950918936273,4.860234293469364,5.127993156563122,5.597030996419941,6.621437543853028
2021-11-09,3.875477096438985,4.338212024059216,4.839894327234394,5.105659202873374,5.571068200842656,6.586982627675022
2021-11-10,3.8458822035035123,4.301993157654049,4.79604612945328,5.057591015302767,5.515326960450215,6.513312679825416
2021-11-11,3.850002119539918,4.307335463733812,4.802819567085013,5.065164753366725,5.524369078677326,6.5258388764137525
2021-11-12,3.8732659299396426,4.335300109271222,4.836159394671488,5.10146307080616,5.566024421640425,6.579921857750757
2021-11-15,3.8734122097135684,4.3353477001435525,4.8360831576817045,5.101314531940056,5.565738630955617,6.5792921291409385
2021-11-16,3.887672999147725,4.352811755767791,4.857237538215699,5.124510461383561,5.592647135795316,6.6148773808704675
2021-11-17,3.885206648425564,4.35056194065006,4.85529653827175,5.122762551247047,5.591284159976475,6.614549723458877
2021-11-18,3.9033495780968446,4.373383727023267,4.883555099569296,5.154046254294266,5.628095586744115,6.664386405197234
2021-11-19,3.908413827485898,4.380960697462008,4.894132785005879,5.166323691950282,5.643524361044973,6.687422393444168
2021-11-22,3.8892777243066146,4.356508262646537,4.8634772508252695,5.132207107663368,5.603069172849343,6.631973855266872
2021-11-23,3.8848500486940853,4.350036977785425,4.854570813454486,5.1219232130817565,5.590234343275838,6.6129924504655015
2021-11-24,3.8926782213989704,4.359332901778625,4.865535274530145,5.133802345292264,5.603764065597458,6.63032863195089
2021-11-26,3.838572833891357,4.296507680824723,4.792928840628846,5.055883916256343,5.516336326294309,6.521281025862857
2021-11-29,3.882333635288701,4.349951099069333,4.857515803519039,5.126631429514341,5.598280410626198,6.629367001378143
2021-11-30,3.837768085920164,4.2985984362018606,4.798592332787793,5.0636127292998045,5.527955882693931,6.542535417468148
2021-12-01,3.802162292246126,4.25541377850635,4.746691595262909,5.0068949525269755,5.462484374128075,6.456623073502273
2021-12-02,3.8304757299648355,4.2870013904895075,4.781812977026414,5.043881945641271,5.502728252294904,6.503933543778796
2021-12-03,3.7972578000853057,4.246124914320722,4.732082775888756,4.989241451998523,5.439138576926393,6.419343038006643
2021-12-06,3.8222036270038613,4.27462168447044,4.764514643333278,5.023792007829764,5.477453631734012,6.466102424731325
2021-12-07,3.886381231779608,4.351996495145156,4.85702263886505,5.1246465826460375,5.593449727721882,6.6173475184736645
2021-12-08,3.895751463545663,4.363382807543768,4.870728511867222,5.139634710312883,5.610768457644682,6.640109864742589
2021-12-09,3.8677113150986604,4.3287071201264045,4.82836856343806,5.093008111293389,5.556358218711621,6.567403701509897
2021-12-10,3.893978556098313,4.359853398611715,4.865064361435962,5.132747597736188,5.60159311158227,6.6253260704135855
2021-12-13,3.8637070982463513,4.323069359749734,4.8207874517155975,5.084328641614427,5.545645675809798,6.551794380793659
2021-12-14,3.8415902948919505,4.296347774711558,4.788780663322176,5.049404985732515,5.505427692084188,6.4992398809286165
2021-12-15,3.8904785941082225,4.355279114538302,4.8592274407094465,5.12620267280643,5.593746050721231,6.6143759598310705
2021-12-16,3.845677864915525,4.2989891741579385,4.789565670106093,5.0490912610017435,5.503006320634836,6.491449494262568
2021-12-17,3.8256988273208745,4.276741894846347,4.764876800549706,5.023115989315521,5.4747894790250236,6.458386510196306
2021-12-20,3.7997552631054314,4.2465165951552395,4.729832877862073,4.985448871358405,5.432416331906167,6.40527087324791
2021-12-21,3.8498951585917,4.30636259946062,4.800756483015978,5.062462447008899,5.5204474676116915,6.5188283058026855
2021-12-22,3.8782466535829947,4.340117895918682,4.840671373739216,5.105760655661168,5.569862016878439,6.582395296183954
2021-12-23,3.896036495679282,4.361293988979138,4.865706909296774,5.1329159309790775,5.600849098970951,6.62224770143011
2021-12-27,3.936122099837939,4.4088653393321175,4.92179654023637,5.193678957968968,5.670052230767689,6.710945981709893
2021-12-28,3.928823623674763,4.399467517360469,4.909939563216161,5.180446062895355,5.654293331250594,6.689185573691313
2021-12-29,3.930339483446999,4.400930705222601,4.911310789426636,5.181754640535344,5.655470022440743,6.689981541809084
2021-12-30,3.922888627289905,4.392109487908683,4.900932199376662,5.170522391226696,5.642697248042292,6.673655195582324
2021-12-31,3.911417507146402,4.3778174581569544,4.883365422046028,5.151134330310437,5.619982075692851,6.643101164745254
2022-01-03,3.924799376637808,4.395498947928726,4.906108110049356,5.176717765326193,5.650794018860797,6.686387173913891
2022-01-04,3.9169032292335704,4.381819674433165,4.885446616401512,5.152073214468333,5.618722595456731,6.636216873385228
2022-01-05,3.8479801062225816,4.29899882395304,4.786724317819743,5.044594393952513,5.4953804788484995,6.476038452893009
2022-01-06,3.8298875424759045,4.28047408745138,4.767985426416989,5.0258435681033955,5.476770083225007,6.4584086235252
2022-01-07,3.81708328627873,4.26300354276306,4.744994135811825,4.999743444191932,5.444932972765692,6.41282541753659
2022-01-10,3.8202539319094138,4.266472554072948,4.748774809498168,5.003684504691489,5.449147408907578,6.417605274015047
2022-01-11,3.8662495068940537,4.319085924296534,4.808728521932359,5.067592792554905,5.520085925157672,6.504328080781002
2022-01-12,3.878214901643848,4.332821877403552,4.824434331825755,5.084362187915903,5.538749752426602,6.527260304905564
2022-01-13,3.824241970447855,4.267798739240761,4.7467532494690134,4.999705192770035,5.441446791401535,6.400558036278088
2022-01-14,3.828662408959401,4.274834160117226,4.7569309127649095,5.011670017267901,5.456736084766801,6.423917875160747
2022-01-18,3.772992434129315,4.208353970180532,4.678118118077458,4.926079653825351,5.358888410465945,6.297691869133145
2022-01-19,3.76748288845777,4.198331750436804,4.6626360914044325,4.907478935349284,5.3344664692395485,6.259060152478452
2022-01-20,3.734881760065898,4.160256786043196,4.6183939667891085,4.859876963433262,5.280833226878234,6.191645472868024
2022-01-21,3.673702140844253,4.08759952154915,4.532679101265847,4.766999910563544,5.175024438225314,6.055982526006415
2022-01-24,3.691334365287787,4.107132664267706,4.554243017381741,4.78962759340962,5.199495872897165,6.084398665621746
2022-01-25,3.6540750535107778,4.06059638292558,4.496938491996851,4.726335133202459,5.125266799608108,5.984414611575119
2022-01-26,3.6277513547169766,4.033482293546664,4.46931383075765,4.6985782041560835,5.097497886482259,5.9575372046600545
2022-01-27,3.593602554989361,3.995265391342393,4.426687908633403,4.65361721394279,5.04844867120971,5.8995680945731905
2022-01-28,3.6540962329961735,4.067967691373996,4.513359948000853,4.747982382386984,5.156751230496059,6.040236956121261
2022-01-31,3.7203713528067555,4.147098978801254,4.6071567091897405,4.849838315822656,5.273181564991527,6.190407338669294
2022-02-01,3.732242611855028,4.161822385531714,4.625167199993287,4.869665879873242,5.296316260407936,6.221279574165262
2022-02-02,3.744639378328676,4.177647657812457,4.644978274089052,4.8916947545131695,5.322396636310326,6.256897087705653
2022-02-03,3.7150163438702037,4.130892294804994,4.577770796429973,4.812909638630707,5.222164644825435,6.105002373471562
2022-02-04,3.7202597429287163,4.141237652452467,4.594265956009577,4.832907408232908,5.248682230339783,6.147348369172379
2022-02-07,3.7162916532490193,4.1339729296568,4.58303713572434,4.81942426187203,5.231007861628531,6.119518343803341
2022-02-08,3.726704017381159,4.148969538973748,4.6034651526268116,4.842912121476543,5.260142051513807,6.162168338536122
2022-02-09,3.744619459191834,4.175621438459007,4.640499904033957,4.885807728508004,5.31386985258958,6.241892887229213
2022-02-10,3.7219681539883904,4.143430683267045,4.597023106556035,4.835978717368681,5.252327850424185,6.152347501517255
2022-02-11,3.6975534718449854,4.105971076546104,4.544021586207555,4.7741902161785745,5.174278333621654,6.0351912385214685
2022-02-14,3.6933137986911113,4.102206888239174,4.540908792624162,4.771476296478367,5.172347782261698,6.035321751077039
2022-02-15,3.7133670604379825,4.132178218567276,4.582671982526556,4.819897396453567,5.233076739118208,6.125598877716692
2022-02-16,3.714744693086365,4.1334580343076635,4.5838094279409365,4.820945041474353,5.2339444428035025,6.125979946456498
2022-02-17,3.688184425830677,4.094734434907437,4.5306570739220895,4.759657693528114,5.157636093481459,6.01367805993378
2022-02-18,3.6806574460189636,4.08269024418056,4.513215664190397,4.739159310238378,5.13147235924391,5.973857484374459
2022-02-22,3.6678165226296033,4.065895055983665,4.491799342727335,4.715162769245655,5.102748872436276,5.933953817713347
2022-02-23,3.646546833070877,4.034680447114382,4.448780184239331,4.665485481127932,5.040773601598616,5.842494388788194
2022-02-24,3.6640449305903706,4.064857469289088,4.494166195760156,4.71950741215233,5.1108319319144595,5.951334437081519
2022-02-25,3.690085709036141,4.097006972388693,4.533351962307339,4.762584172526038,5.160980514041716,6.017985948811745
2022-02-28,3.68699939720184,4.095084131207118,4.532902414241644,4.762998978375906,5.163041280111438,6.024186895143864
2022-03-01,3.6983759451865623,4.100177375764522,4.530193468586308,4.7557681612000025,5.147283505407435,5.98732569437717
2022-03-02,3.6854239787516097,4.094006918420768,4.532454099198043,4.762918659479738,5.163659904805067,6.026554325495415
2022-03-03,3.693024681880508,4.095739350733652,4.526946978032506,4.753231982435117,5.146115030226121,5.989649755649085
2022-03-04,3.712760946954276,4.109600872800381,4.53337216885453,4.755298808997825,5.139893764099095,5.962651788902394
2022-03-07,3.7314694242456623,4.113591352165709,4.519210905701597,4.730660045992758,5.095558455660026,5.86980193428626
2022-03-08,3.7664191234896123,4.146737323915319,4.549623940310964,4.7593199421537395,5.12067017753718,5.885209762803259
2022-03-09,3.72742624158277,4.121527184634316,4.541746381366414,4.761562538689944,5.142103558687131,5.954546074643261
2022-03-10,3.731400828377798,4.121101515343669,4.5359190652471355,4.7526260045065145,5.1273345511293735,5.92545890818141
2022-03-11,3.7221554974900943,4.103738518725407,4.508849098674405,4.720058228272666,5.084582745042432,5.8582005660915355
2022-03-14,3.703304023640529,4.07753104741841,4.474008498605505,4.6803861161089735,5.0360459482012665,5.788661998068921
2022-03-15,3.679399273623086,4.0654386037080705,4.476622595008513,4.691536894136867,5.063313473146476,5.855889193296694
2022-03-16,3.687610836662782,4.088034625148144,4.516546519082201,4.741320278740677,5.131426719140848,5.968368254712485
2022-03-17,3.69364141729006,4.098933161757605,4.533258504611184,4.7613221730444835,5.157518820525448,6.009100320944553
2022-03-18,3.6824772843058353,4.096110352589115,4.5407318074641,4.774741588400143,5.182120611140478,6.06126198530433
2022-03-21,3.6918657163185893,4.104338399759808,4.547405554669022,4.780475605692121,5.186026861840439,6.060432574823866
2022-03-22,3.682888441245537,4.103510280830324,4.556606305136594,4.795457763710244,5.21186675001805,6.112975337306382
2022-03-23,3.700214609551453,4.114754566702971,4.560200413057261,4.794584449776053,5.202520994874653,6.082477760642584
2022-03-24,3.709260480492371,4.133052836058161,4.589585771254198,4.8302575612332355,5.249853534153822,6.1579141826687245
2022-03-25,3.7035842119344373,4.127024458139605,4.583218470637281,4.823727564650083,5.243065029854156,6.150669790764829
2022-03-28,3.6808325519801586,4.110866678723306,4.575416648746947,4.820826232594575,5.249487171596752,6.180480932153764
2022-03-29,3.6813807960887175,4.118848741827394,4.592411218646636,4.842969206992002,5.281231288994917,6.23557837999295
2022-03-30,3.69178557858696,4.1243945212912205,4.591898551714394,4.8389367584351355,5.270549349750054,6.208393217999072
2022-03-31,3.6922652268276543,4.11948770912047,4.580447728592906,4.823742864098346,5.248368118324233,6.169189512063875
2022-04-01,3.6807389085553144,4.107173503240718,4.567346743934582,4.810253356671767,5.234242234762307,6.153853558462361
2022-04-04,3.6970566333988,4.1320032735994054,4.602325299985575,4.850972837814281,5.285590840314084,6.230786946952817
2022-04-05,3.6735762043458697,4.09912904331679,4.558343213022386,4.800740562331585,5.223835760299066,6.141488893208249
2022-04-06,3.6643703668753886,4.081001472222175,4.529445287704391,4.765702107293744,5.177357320233326,6.06719546029669
2022-04-07,3.6751103424875344,4.092741232652076,4.5422283643354096,4.779021736017701,5.191591023281093,6.083318298334698
2022-04-08,3.6794516820563357,4.091495303688697,4.534067122162184,4.76685718197427,5.171879137057833,6.044908950341544
2022-04-11,3.6650253209334647,4.067648042585217,4.498926218730384,4.725305650764344,5.118425878908002,5.962679586760036
2022-04-12,3.6701822298921023,4.071196996404504,4.500419161810809,4.7255854802671315,5.116385588007838,5.95476416745545
2022-04-13,3.689788972822317,4.098707501043357,4.537278116325725,4.767705551703392,5.168206378526528,6.029777954809981
2022-04-14,3.6705398642321745,4.070400879446645,4.498204138761037,4.722552199689217,5.111814229779022,5.9463999983825016
2022-04-18,3.6750577120261294,4.075233450028076,4.503345971885713,4.727845183471722,5.117351867276815,5.952388515297537
2022-04-19,3.674994261381758,4.083744264800014,4.52235786100202,4.752897565777287,5.153736374009957,6.0166317097144955
2022-04-20,3.6804527763884343,4.08350725774304,4.515054144679513,4.7414968451723025,5.134602942232391,5.9783078959957585
2022-04-21,3.65800464291752,4.052961326984897,4.474970038850711,4.696059308129553,5.079315972621091,5.8995570331758245
2022-04-22,3.613227317406638,3.9980713130607124,4.408450768250827,4.623115968343425,4.99470698939498,5.7877635274343415
2022-04-25,3.5979016688949024,3.987411260988614,4.403762487747034,4.62195328282501,5.000290036337162,5.810439526466432
2022-04-26,3.5660131138152353,3.9412885073980304,4.340746063530682,4.54940847992685,4.910145141789487,5.678092645066634
2022-04-27,3.560020947357078,3.934838950139475,4.33383738187211,4.542271172729649,4.902630535727405,5.669850213763287
2022-04-28,3.5953206695748463,3.983040370019021,4.397243205046309,4.61421353868094,4.990283005170195,5.794945055874381
2022-04-29,3.5521097674555016,3.9229163737475785,4.317135806271562,4.522867576531308,4.878226231267418,5.6334167797137695
2022-05-02,3.5276369221434285,3.904875232599086,4.307230587352851,4.517725812711295,4.882131175399223,5.659929675330631
2022-05-03,3.5304952968368335,3.9081413175817987,4.3109453571348055,4.521680780454778,4.886510548555398,5.665250021313483
2022-05-04,3.5425928270631073,3.933603884939647,4.3522987257927035,4.5719940585738605,4.9533499627777395,5.771516607024035
2022-05-05,3.5380547016693313,3.9084067934330022,4.302333243629217,4.5079903455757115,4.863347409909708,5.619080365575272
2022-05-06,3.540018924792352,3.9056875003575895,4.293955426548653,4.4963901395637285,4.845757233944687,5.587021330425758
2022-05-09,3.5225569171477584,3.873245480086267,4.243758984660424,4.436203050815434,4.767172066936741,5.46465518680312
2022-05-10,3.512667795280882,3.86790954537048,4.244039754229229,4.439722739783686,4.776770637583795,5.489159132288348
2022-05-11,3.5221505332845795,3.8662249610263544,4.228793498341359,4.416729182894386,4.739340938171644,5.416725352174357
2022-05-12,3.5044588898226605,3.8477719292702117,4.209681591345021,4.397333128757122,4.719548023365929,5.396474330723684
2022-05-13,3.495368252821532,3.852176335778238,4.230440142274553,4.4274223062147,4.767006546556154,5.485984104340693
2022-05-16,3.5060167290825026,3.8584046338175932,4.231200621471097,4.425024531127011,4.758673891277503,5.46307125963288
2022-05-17,3.498769309032222,3.8608292418173944,4.245357012081238,4.445878015111441,4.7919996023915665,5.526612494108878
2022-05-18,3.4993788848269904,3.8427076136944827,4.204709756290013,4.392439611009994,4.714837080017412,5.392345386536823
2022-05-19,3.516759379126382,3.8580477248097553,4.21734524037612,4.403451325568336,4.722709941931223,5.392177088774902
2022-05-20,3.51757214685274,3.8577344601559806,4.215666592632649,4.400993404337002,4.718800977424777,5.384753645325199
2022-05-23,3.5229908395187146,3.869104097180585,4.2341113355430515,4.423427227753668,4.748592233852781,5.432096948605839
2022-05-24,3.5315379669389584,3.869828587327838,4.225308361482526,4.409171971788261,4.724163548552138,5.38294784703214
2022-05-25,3.524684174517271,3.8680218477429755,4.229668013988013,4.417067182958867,4.738665409544784,5.413539808261948
2022-05-26,3.5230305651998277,3.876432936502651,4.250201847863712,4.444491637902411,4.778879843769522,5.484577275006556
2022-05-27,3.5231263352574294,3.888701790739715,4.277102587364916,4.4796985755531225,4.829488917010503,5.5722458952128635
2022-05-31,3.5112856431491517,3.875905187823489,4.263328480618227,4.465429699849279,4.814389596109165,5.555480809908199
2022-06-01,3.515972167753337,3.87770270591686,4.261590585023062,4.461663031900946,4.806829825014138,5.5386772261382955
2022-06-02,3.51674071129072,3.888950245627248,4.285413635110853,4.492617399042658,4.850996170843451,5.614585395551478
2022-06-03,3.515972167753337,3.8779529399056623,4.262141380965946,4.462384363121037,4.807867235985947,5.540474532143365
2022-06-06,3.516355395305266,3.8796098511339916,4.265322629055127,4.466428568113356,4.813508097516256,5.549943275499212
2022-06-07,3.515972167753337,3.88254420835967,4.272247330398566,4.4756192769373,4.82690154979562,5.573451324795576
2022-06-08,3.516355395305266,3.880135326831655,4.2664792660241595,4.467943318479357,4.815686595556368,5.553717505496698
2022-06-09,3.51674071129072,3.870209938419172,4.244163902298726,4.438596085918909,4.773303286652201,5.479983110533716
2022-06-10,3.515972167753337,3.856235146128444,4.214337832142953,4.399780067205838,4.717830396243228,5.384486445315291
2022-06-13,3.516355395305266,3.8398148467007913,4.177728904902113,4.351714419013364,4.64852741515655,5.2641155956470715
2022-06-14,3.515972167753337,3.8400593845321116,4.178732981247348,4.353151382173717,4.650769511997556,5.268304013053425
2022-06-15,3.516355395305266,3.849059746120741,4.198078071365275,4.378364014498515,4.686854583010255,5.330517099788284
2022-06-16,3.517124634987157,3.8355502957458985,4.16740707968229,4.337951886987691,4.628382068308087,5.228603732424108
2022-06-17,3.51674071129072,3.8392969862827475,4.17612067323618,4.349485579436839,4.645145493736732,5.257950784808859
2022-06-21,3.517510299044866,3.8487319946823493,4.195952848586868,4.3752131004263815,4.681794166296109,5.320833818557691
2022-06-22,3.5178949188858115,3.848600434802247,4.19519575833201,4.374099150955139,4.680015986845654,5.317448029766341
2022-06-23,3.5178949188858115,3.853839787336903,4.206728220941266,4.389202249356771,4.70173710407135,5.355079687313259
2022-06-24,3.517124634987158,3.8653076011574075,4.232906587444076,4.423731095167447,4.751748823052841,5.44233562379003
2022-06-27,3.517124634987158,3.8626001430890264,4.226947137543882,4.415926503788155,4.740524341841093,5.42288930209703
2022-06-28,3.517894918885811,3.852197822770654,4.203114053953889,4.384469078177315,4.694929907077444,5.343286274319473
2022-06-29,3.518279538726756,3.8529059421681398,4.204205201588827,4.385775610754443,4.696632839443733,5.345931483216183
2022-06-30,3.5186645066399556,3.8488765421170203,4.19486806018612,4.373424977571196,4.678694020322023,5.3145472425467535
2022-07-01,3.51839370642615,3.8512556055157527,4.2003531212977405,4.380641684513472,4.689070408735222,5.332300677013254
2022-07-05,3.51839370642615,3.8579164707015363,4.214865875973762,4.399550524381622,4.716031746391402,5.37820349224616
2022-07-06,3.51839370642615,3.8604538466342535,4.220394334125258,4.406753617952626,4.7263023414829615,5.39568961384858
2022-07-07,3.51839370642615,3.868976440307475,4.238963440049643,4.430947525881014,4.76079944048154,5.4544223808053385
2022-07-08,3.518009086585205,3.8691082263185432,4.239708701636815,4.432037915324337,4.762524400012455,5.457649000597373
2022-07-11,3.5183937064261506,3.8607848780882628,4.2211155885191065,4.407693348840521,4.727642265135133,5.397970890416389
2022-07-12,3.518009086585206,3.8565450306323035,4.212335894673181,4.396373561094444,4.711672063042728,5.371070750740109
2022-07-13,3.518009086585206,3.855731381538662,4.2105631085021615,4.394063777006131,4.7083786368382565,5.365463553631608
2022-07-14,3.5183937064261515,3.8575164815488625,4.213994375908241,4.39841503662951,4.71441270107172,5.375446999259394
2022-07-15,3.5180090865852063,3.8643091327457144,4.229252392171432,4.418414265940983,4.743098998258816,5.424576434284335
2022-07-18,3.5180090865852063,3.8609028639344958,4.22183078217949,4.40874456242609,4.72931136542052,5.401102407485431
2022-07-19,3.5180090865852063,3.8731763855357206,4.248572444567371,4.443586590916798,4.7789911819145265,5.485684391747858
2022-07-20,3.5180090865852063,3.879699335324172,4.262784707900045,4.462103917056511,4.805394276235683,5.530636774142847
2022-07-21,3.519162946108043,3.8868336922297386,4.276954735692727,4.480208076114025,4.8306975984857115,5.5728473380001216
2022-07-22,3.5195493063102594,3.879780722959999,4.261127463040698,4.459466615736904,4.800952214308816,5.521913451349901
2022-07-25,3.519162946108043,3.8770285888625646,4.255591285784669,4.452373384330102,4.7910092554157515,5.505276258921155
2022-07-26,3.519162946108043,3.868892141051667,4.237863518036745,4.429275665871517,4.758075167931184,5.4492045850321595
2022-07-27,3.519162946108043,3.8860476003402544,4.275241991413014,4.4779765213166645,4.82751571621216,5.567430049141599
2022-07-28,3.5195493063102594,3.8905649480223037,4.28462423235443,4.490080834628532,4.84460377084919,5.5962320686252625
2022-07-29,3.5199346222957133,3.8987357243208836,4.301967841135991,4.512558432452019,4.87648312768253,5.650217691145134
2022-08-01,3.5202033340759935,3.8984352656442853,4.301066386359446,4.511348244253881,4.874752100498794,5.64745452742529
2022-08-02,3.520588650061448,3.8976514466154204,4.298867403207519,4.508342560534037,4.870245958058545,5.639322182381374
2022-08-03,3.5202033340759935,3.907900539969666,4.32194153846253,4.5387110246196105,4.914158110631456,5.715875430876659
2022-08-04,3.5209732699023935,3.910543162012341,4.326829923475405,4.5448722650867,4.922676306280759,5.73004958148957
2022-08-05,3.5217449460900645,3.9080202479183694,4.320323872827791,4.536097323819832,4.909683629653827,5.706872876650541
2022-08-08,3.52212956593101,3.907111510221348,4.317850237996079,4.53273185428921,4.904659669024475,5.697841997628977
2022-08-09,3.5217449460900645,3.9022193053652057,4.3075302068466765,4.51932761260599,4.88553303526313,5.6649400475837
2022-08-10,3.52212956593101,3.913595535833615,4.3321504068283145,4.551476262809785,4.931654087801362,5.744712576879232
2022-08-11,3.52212956593101,3.9112975644028243,4.327082354757422,4.544833149743441,4.922087129425575,5.728101406828031
2022-08-12,3.5228995017574096,3.919902606182438,4.34512053497246,4.56823090931201,4.955428184348907,5.785375644256572
2022-08-15,3.522513837699701,3.9228350029954617,4.352058515417039,4.577448498289624,4.968880449486582,5.809041476957092
2022-08-16,3.5228995017574096,3.9222503764464265,4.350298415684531,4.575017983819766,4.965202466174401,5.802346791318585
2022-08-17,3.5228995017574096,3.917542599855691,4.339915668283812,4.5614084620631905,4.945602961114164,5.768316047305006
2022-08-18,3.524440417626972,3.9200588338021167,4.343584261209214,4.565724118294672,4.951107988346747,5.776641533008293
2022-08-19,3.524440417626972,3.9120841838332927,4.325996600741554,4.54267052385152,4.917907773891972,5.71899579165748
2022-08-22,3.524825385540171,3.901909325446077,4.303086611556409,4.512517330910734,4.874305800539267,5.642981387796652
2022-08-23,3.524056493930534,3.9008204805917064,4.301623723784056,4.510845837539774,4.872252951258557,5.640032223276845
2022-08-24,3.5252120938146416,3.9031019881650777,4.305244952903225,4.515222705607118,4.878023693337969,5.649127372900402
2022-08-25,3.5255960175110785,3.910403304683494,4.320878999617249,4.535592687712408,4.907182232187609,5.699448339904336
2022-08-26,3.5255960175110785,3.8940814069236724,4.284881934277724,4.4884083707870825,4.839230596936728,5.581463487867522
2022-08-29,3.5255960175110785,3.890317516329705,4.2765808765431625,4.4775274910467875,4.82356069601411,5.5542557402546695
2022-08-30,3.52598272578555,3.886491839531753,4.2676715407028105,4.465725550130052,4.806386142270197,5.524126038910015
2022-08-31,3.5267523135396956,3.8850847549452254,4.263628940981497,4.4601803250590075,4.7980456450350815,5.509028613445294
2022-09-01,3.527485701779399,3.8861153007324587,4.264972596404673,4.46168462188994,4.799820636690057,5.511338305187548
2022-09-02,3.5278713658371075,3.880962289908168,4.253206584906627,4.446184014453161,4.777429128105523,5.472529988991692
2022-09-06,3.5278713658371075,3.8781882373244905,4.247123084782975,4.43823248948845,4.7660321613564305,5.452929753436779
2022-09-07,3.5282570298948155,3.886316617547868,4.264483177294696,4.460801568654948,4.798206154897782,5.507961905357103
2022-09-08,3.5290283580102324,3.8891089542266615,4.269675867367519,4.467345396672672,4.807236664985974,5.522892512375995
2022-09-09,3.5290283580102324,3.897705804276224,4.288528768227169,4.49198734765413,4.842556115935931,5.5836340740151424
2022-09-12,3.5286430420247785,3.9021002267789817,4.298630774683892,4.50531288392778,4.8618299250356145,5.617080373220164
2022-09-13,3.5294154143569574,3.880568373384387,4.250479231053731,4.442132046608424,4.77092319658724,5.460140454130837
2022-09-14,3.5294154143569574,3.8836171182665944,4.257165131666078,4.45087094766046,4.783448714039011,5.481681544660158
2022-09-15,3.530571710385574,3.878311640679466,4.244134693481744,4.433474521994704,4.757991436533504,5.437001480521838
2022-09-16,3.530571710385574,3.8759825871642395,4.239027076765592,4.426798539253987,4.7484227118358975,5.420545412678337
2022-09-19,3.530571710385574,3.878930506510386,4.2454918668753105,4.4352484346931575,4.76053399587021,5.441374114311942
2022-09-20,3.5301853501833573,3.8755066829243674,4.238449711999699,4.42616578162265,4.7476904896993375,5.419586621634217
2022-09-21,3.5309570263710284,3.86949398881549,4.224332540559069,4.4074702719514125,4.72054515361337,5.372302587943697
2022-09-22,3.532501074890878,3.8664486143939234,4.2157905368527615,4.395818183693972,4.703145925524039,5.341179017662493
2022-09-23,3.532501074890878,3.860471059550854,4.202681753031966,4.378684162211372,4.678587633374786,5.298944244011862
2022-09-26,3.531730094847716,3.8582130256371263,4.19866036937928,4.37367119701758,4.671751160432432,5.287786619819125
2022-09-27,3.532886390876332,3.8595025365430775,4.200092747635125,4.375178600339513,4.673388850415478,5.289703843961089
2022-09-28,3.533272403006295,3.8670422669397517,4.21616151039668,4.396059718858396,4.70314332279288,5.340574689557751
2022-09-29,3.53404442726622,3.8572283366258637,4.193707804026765,4.3664677133666,4.660379818787823,5.266430627058707
2022-09-30,3.53404442726622,3.8511852697360274,4.180455352221104,4.34914590861038,4.63555237578575,5.223732974097182
2022-10-03,3.5330771344716614,3.8589329141113597,4.198494554172908,4.372951863816908,4.6699256442958985,5.28296238041961
2022-10-04,3.5342369112228202,3.8723881680014998,4.226350112346754,4.408830250443225,4.720432528190138,5.367568677408148
2022-10-05,3.5342369112228202,3.872173346649373,4.225883451559676,4.408223197402769,4.719569367438828,5.366108064508193
2022-10-06,3.535010327771762,3.869752802313474,4.21970927031897,4.399953238305361,4.7074715706774395,5.345063169534724
2022-10-07,3.535010327771762,3.854485285634069,4.186543333693964,4.356809517587197,4.6461260804030236,5.241256301216309
2022-10-10,3.535397732190741,3.8510128521063183,4.178541279530773,4.346280721064451,4.630985592582972,5.215348841984053
2022-10-11,3.535397732190741,3.8457708981592806,4.167154076487257,4.331467742512835,4.609923212784776,5.179707759381186
2022-10-12,3.535397732190741,3.8456418712243714,4.166873788655518,4.331103131675216,4.609404777419889,5.178830479708081
2022-10-13,3.5365561166528834,3.8556011228302753,4.187136558985374,4.357104912262169,4.64586885479836,5.239675022752811
2022-10-14,3.5365561166528834,3.844028846362595,4.161997867736924,4.324403388204331,4.599370986912708,5.1609928241575895
2022-10-17,3.5365561166528834,3.8563603073007156,4.188785750832485,4.359250254131054,4.648919288246433,5.2448368682583535
2022-10-18,3.5365561166528834,3.859411038748182,4.195412916727976,4.367871165332229,4.661177248743235,5.2655793953039725
2022-10-19,3.5365561166528834,3.8579930389926345,4.192332567053939,4.363864109914088,4.655479669232456,5.255938134253429
2022-10-20,3.538103297823021,3.857534781607742,4.189504705775485,4.3597087745091745,4.64889339894641,5.243646017450836
2022-10-21,3.538487917663967,3.866949656602431,4.209501311577465,4.38560273414621,4.68554317008425,5.305378435419812
2022-10-24,3.538103297823021,3.870911959804187,4.2185642217138675,4.3975106811468825,4.702643433885367,5.3346001002050745
2022-10-25,3.538103297823021,3.8791614126809995,4.236484675776473,4.420822402264893,4.735790064201901,5.3906897634073045
2022-10-26,3.5388756701552007,3.870925047622025,4.2176779057387535,4.396119733366863,4.700327270530442,5.330108145267238
2022-10-27,3.540033358472834,3.864814084771518,4.2030318472244135,4.37671077626954,4.672222720958443,5.281692247736871
2022-10-28,3.53964804248738,3.8763950448626607,4.228645744953725,4.41014919619226,4.7199371866391235,5.362718797765355
2022-10-31,3.53964804248738,3.8717117158469083,4.2184720541962735,4.3969148082213945,4.7011193840704,5.330875916657792
2022-11-01,3.53995852293817,3.868264008064683,4.210538877187435,4.386449903950301,4.685986322601517,5.30464145143441
2022-11-02,3.5411193439060917,3.8564178403626634,4.183304972402571,4.350583543439191,4.634286383456687,5.215640839727737
2022-11-03,3.542281905235285,3.850414241209248,4.168816788333077,4.331333183236701,4.606297891777326,5.1670543506164535
2022-11-04,3.5430560179287354,3.8569492800586587,4.182150563824342,4.348475209045081,4.6304166346822,5.2075774141432625
2022-11-07,3.542669657726518,3.8605771380997003,4.190527750148564,4.3595168753581826,4.646345650125292,5.235020709495216
2022-11-08,3.543056017928735,3.863644186295658,4.196758064915478,4.367518946777859,4.657593410867014,5.253899402993156
2022-11-09,3.5449930400236322,3.856985040341522,4.179914224957765,4.344956258248896,4.624533680637024,5.1960822776158455
2022-11-10,3.545380444442612,3.884132849485502,4.238684691381751,4.421454379090508,4.733529740058239,5.38156918344766
2022-11-11,3.5449930400236322,3.8909280300565845,4.2539738520454575,4.441507482585351,4.76231918529902,5.430933481718425
2022-11-14,3.5449930400236322,3.887456689566585,4.2463997937688625,4.431633214666947,4.748227898547814,5.406915311817363
2022-11-15,3.545768196933845,3.893662033014694,4.25901296488341,4.447835466272894,4.771005052194916,5.445150885960048
2022-11-16,3.5461569936418424,3.8886039810498794,4.247512351817611,4.432721042603464,4.749262837408842,5.407797322730923
2022-11-17,3.5473174665375096,3.8888798990112967,4.246727833708869,4.431336744690631,4.746771423276757,5.40267140975911
2022-11-18,3.5473174665375096,3.888893745499885,4.246758045124833,4.431376131186552,4.746827630624251,5.402767213474247
2022-11-21,3.547704870956489,3.885239395756411,4.238321809374073,4.420257157077041,4.730787827187945,5.375134292078016
2022-11-22,3.548479679794448,3.8915958904606036,4.251265190700262,4.436890010782827,4.754179635583592,5.414417790313716
2022-11-23,3.5492551847769156,3.8963138965038575,4.2606327499626975,4.44886086343255,4.7709181254488735,5.4423603818526765
2022-11-25,3.5492551847769156,3.8936965661485283,4.254922041751424,4.441415837156981,4.7602935403164635,5.424251099475274
2022-11-28,3.549640848834624,3.8882771807366034,4.242636784340883,4.425279451877749,4.737094305910112,5.384416464429081
2022-11-29,3.550804454380579,3.8864762461111018,4.23731707428767,4.417981667379917,4.726162530643733,5.364901838652402
2022-11-30,3.550804454380579,3.904095214815447,4.275759599912762,4.468099026346541,4.797683587419557,5.486807305731071
2022-12-01,3.545190360262426,3.8990304290231474,4.271423120277824,4.464198813257579,4.7946237571441035,5.485880702809369
2022-12-02,3.5440883438186734,3.8963848995563404,4.266954870440275,4.458708603339595,4.787259060416499,5.474095683931125
2022-12-05,3.523161671898198,3.8691484533662965,4.232493971348536,4.42027699345118,4.741659882346738,5.412032877367993
2022-12-06,3.5072676317217386,3.84549747655256,4.199825861704492,4.382603548204301,4.694878474448117,5.3440500970288785
2022-12-07,3.5053284695684575,3.8420500937666473,4.194609339657985,4.3763993027774255,4.686868606664615,5.331805330555111
2022-12-08,3.5157950919478997,3.8568210260906914,4.214361124980698,4.39890777906072,4.714381407256196,5.3709216225390115
2022-12-09,3.506969678508648,3.8456811904606227,4.2005872326011495,4.383691921249316,4.696571153160296,5.347184961396579
2022-12-12,3.5236384122101208,3.8668826387229274,4.226955885851105,4.412892371716626,4.73087119915832,5.3931518773240485
2022-12-13,3.532379164504901,3.879613306852307,4.2443168687319535,4.432820809981177,4.755467427939066,5.428598098307019
2022-12-14,3.525716490511077,3.8701752949518573,4.231666109393998,4.41839150418887,4.7378088346011005,5.40344937943776
2022-12-15,3.49795865708552,3.829918755892205,4.1769099693378955,4.355597370015072,4.660403864393418,5.29209286456459
2022-12-16,3.4846453721256236,3.8132341520702555,4.1563947671549935,4.33298748806892,4.634028639151993,5.257129668162136
2022-12-19,3.4754799582718823,3.799041077133629,4.136341547739675,4.309675735775603,4.604779291757124,5.2140274919231295
2022-12-20,3.4772525351839008,3.8005156797936497,4.137436867986933,4.310548742817122,4.605230562014295,5.213431221134132
2022-12-21,3.4940556373922327,3.8223543085871574,4.165039568787773,4.341318984016713,4.641717801784258,5.263047259185766
2022-12-22,3.4795924198999106,3.7991281666423773,4.1315786643960175,4.30215959104167,4.592163939481507,5.189200852655128
2022-12-23,3.4859601878149373,3.806229649998772,4.139465910268898,4.31045896891856,4.601178136529018,5.199744626641549
2022-12-27,3.4815694429020474,3.796848625184621,4.124203338201259,4.2919027670409635,4.576586558837955,5.160942833563575
2022-12-28,3.4685669775915766,3.7793442954636642,4.1015179253818195,4.266360048192536,4.545871815983893,5.118293096288986
2022-12-29,3.4893190206998934,3.8083283870172284,4.140017823053961,4.3101228949045645,4.599183348713113,5.193724609648486
2022-12-30,3.48612230053447,3.804951432149637,4.136470384956475,4.306494795202436,4.595428884883079,5.189754098671762
2023-01-03,3.4879296731828893,3.803961376510907,4.132217184790656,4.300430525992734,4.586075823491727,5.172803892958784
2023-01-04,3.4986063596555246,3.81624445991869,4.146256460302929,4.315404423001519,4.6026910114038095,5.193009141457141
2023-01-05,3.484770567524711,3.796741344388015,4.120261337166655,4.285843042411916,4.566699373867114,5.142298366751286
2023-01-06,3.506176087950533,3.828027117801776,4.162898846194261,4.334728508661067,4.626868074280063,5.22836198194102
2023-01-09,3.5093325994827986,3.833598909435291,4.171271435569459,4.344651874211552,4.6396054280196815,5.247608385988526
2023-01-10,3.513423608460646,3.8408694319001286,4.182229772018237,4.357652402639884,4.656312061293243,5.272889175896178
2023-01-11,3.5126087598300995,3.846765126638176,4.196026255558729,4.375865683060457,4.682600979654991,5.3180885572125955
2023-01-12,3.528104606221015,3.8641260766122554,4.215387700647236,4.396277287782789,4.704834979782478,5.344223692380456
2023-01-13,3.5427536852810864,3.8812507095967206,4.2352411578938085,4.417591414912842,4.728726877832585,5.37380356569972
2023-01-17,3.5348096104629816,3.87425022694773,4.229448948703286,4.412508623376898,4.724989837628374,5.37340024555494
2023-01-18,3.5316008565881125,3.8659030551049396,4.215099599126868,4.39482048303435,4.701220896402776,5.3354813845327955
2023-01-19,3.5516974294408525,3.881785227278157,4.225776434724677,4.4025024346639645,4.703305312317965,5.324001928828667
2023-01-20,3.547877285986168,3.8887133824017157,4.245390568518577,4.429219348108489,4.743024524040504,5.394226802595009
2023-01-23,3.550185902900912,3.899892916726508,4.266972366251835,4.456601665107034,4.780991425014579,5.456900400467688
2023-01-24,3.5548539409731177,3.90364465723015,4.269588647485975,4.458563426772451,4.781728149370803,5.454662327166851
2023-01-25,3.560743745777329,3.908526464838553,4.273211983915365,4.46145822592514,4.783255054161956,5.452851704342692
2023-01-26,3.5508805734397564,3.9067902448477048,4.281154517916809,4.474849990335561,4.806665313324179,5.499928759241042
2023-01-27,3.549437362195471,3.9095144132340165,4.288796880419003,4.485245846849734,4.822101461617898,5.5271894324684885
2023-01-30,3.546314000254584,3.8979454433243426,4.267335878417715,4.458272870704494,4.785076217601956,5.466721778406905
2023-01-31,3.5509821419311924,3.908706105559925,4.285202470130345,4.4800884549138225,4.814078501354041,5.51242692832343
2023-02-01,3.6043333286789183,3.9699300002440054,4.355059143692497,4.554550859184236,4.896648858212808,5.612808357384571
2023-02-02,3.6403787813612,4.019969451497863,4.4212790228721115,4.629720732256767,4.988057483924473,5.741830486344512
2023-02-03,3.575959686926086,3.9488015073089375,4.342971787648148,4.547703630617657,4.8996600263865275,5.640001035544318
2023-02-06,3.5605636110171206,3.9301125995252333,4.320573186056508,4.5232882147888525,4.871636895111102,5.603819395731873
2023-02-07,3.6025425558760693,3.9800456187199367,4.37939963892022,4.586924689814272,4.943840338148535,5.695251017927771
2023-02-08,3.5699753874739892,3.9404714061761474,4.331928557266157,4.535159373249526,4.884391892847048,5.61842198150485
2023-02-09,3.539689078150444,3.9068988428826588,4.294864350917534,4.496274756222417,4.842367085857732,5.569748401307823
2023-02-10,3.5366784236598887,3.9012890341095634,4.2861972848107035,4.485897876554339,4.828860467027268,5.548886945142717
2023-02-13,3.56415977199027,3.9348826651157536,4.326692486531941,4.530150916616174,4.879844145588028,5.615124607912167
2023-02-14,3.573502520483694,3.9471237800451435,4.342258309683029,4.547546214899307,4.900544820195686,5.643427713677006
2023-02-15,3.575537075876202,3.952257494198114,4.351059367566382,4.558406058436246,4.91518445758607,5.666992719082139
2023-02-16,3.534667043681264,3.904073521890823,4.294729732941673,4.497682766817764,4.846653672162664,5.581008368738
2023-02-17,3.526446176958208,3.893089831224084,4.280567144775286,4.4817674279642565,4.827566401842855,5.55460563782653
2023-02-21,3.469728743722728,3.827441690615834,4.205068898874838,4.400992133499443,4.737467927566628,5.443877346103304
2023-02-22,3.4626885194599746,3.820759176306635,4.198912377563245,4.395167037082916,4.732303539533879,5.440471296852359
2023-02-23,3.478613178160501,3.839945152486085,4.221763001370888,4.420006458269094,4.760695295351314,5.476875825441293
2023-02-24,3.4381158414719732,3.7932316875605485,4.16820786636084,4.362791434591021,4.697022426457833,5.398945847237719
2023-02-27,3.454799302182016,3.8125322930584624,4.190394165256554,4.386523368501829,4.723484593856057,5.431447338272041
2023-02-28,3.454048862887701,3.8112847739704465,4.188564421359084,4.384368880218568,4.720736941524031,5.427310579059058
2023-03-01,3.44667543309242,3.8008706886454955,4.174619360970121,4.368466473823584,4.701276630087354,5.39958250039065
2023-03-02,3.4644237427062485,3.82162726498014,4.198718795936977,4.3943664750440306,4.730372824216541,5.435812494723807
2023-03-03,3.5192196524586246,3.883928015197432,4.269205305140086,4.469204217859127,4.812846957170347,5.534985745638056
2023-03-06,3.515506145465086,3.880683338389123,4.266576347085769,4.466942551866085,4.811291176071606,5.535218038440241
2023-03-07,3.462739975127069,3.8235068395786405,4.204890061853467,4.402974299460363,4.743494692919546,5.459754467994322
2023-03-08,3.469912387325564,3.832553209722295,4.216075605823703,4.415333433946447,4.757969381037613,5.479078407431249
2023-03-09,3.439368425297523,3.795515078534672,4.1717073752904685,4.366974236923284,4.702461158379082,5.407358872445324
2023-03-10,3.4314892292311994,3.7823457231242097,4.152318309038775,4.344106683305246,4.673224828760867,5.363142233606267
2023-03-13,3.4652007328923897,3.8186003610431443,4.191125400655582,4.384185686343626,4.715405980514829,5.409401616564528
2023-03-14,3.50308105013299,3.864899689384852,4.246952538149419,4.44520965977664,4.785752965273793,5.500944053624467
2023-03-15,3.5113758115748563,3.875164586271329,4.259455369662841,4.45893622453813,4.8016794758989505,5.521889972249785
2023-03-16,3.5646858545380256,3.9383445135839708,4.333674901766511,4.5391290980320855,4.892516589105532,5.636646113123499
2023-03-17,3.5805469722826575,3.9522061710496743,4.344910302590803,4.548797758456299,4.899174038366035,5.6356753256180845
2023-03-20,3.596251859611262,3.9692086248445086,4.363236945085661,4.567793365733184,4.919290164644,5.658028351925985
2023-03-21,3.6051867209361004,3.983773232870111,4.384412480996164,4.592663325085403,4.9509200941905025,5.7055428178027725
2023-03-22,3.589375711921287,3.962577102600139,4.356998902300625,4.56181303210464,4.91383650066341,5.6540231161039
2023-03-23,3.6222760231593516,3.9999718755143787,4.399294687788627,4.606713533665109,4.963307539156183,5.713486029652625
2023-03-24,3.6202207289756343,3.9994164433225565,4.400565379716971,4.60902782163469,4.96756503129775,5.722438405736685
2023-03-27,3.6025388275751076,3.9790857660870733,4.377321360052347,4.58422588930285,4.9400147331209965,5.68882124207178
2023-03-28,3.603524927130559,3.9779280455530945,4.373582014856084,4.579020992912671,4.932094906815862,5.6743945049548685
2023-03-29,3.6362598953319436,4.01772523916785,4.421357513499169,4.63114298565144,4.992006677447774,5.751985794666364
2023-03-30,3.6659148315795935,4.051025033943601,4.458588382116388,4.670446409611178,5.034921296610925,5.802693097337723
2023-03-31,3.696759155854936,4.088488987207614,4.5035282799056,4.719458250305329,5.091229563476764,5.875556098499784
2023-04-03,3.7071185082050566,4.09775379538172,4.511331965871648,4.726382861289803,5.0964545768418015,5.876434697470319
2023-04-04,3.719109471828098,4.108300710519899,4.519962454218435,4.733863237337227,5.101714322737151,5.876027631502419
2023-04-05,3.7027284528598043,4.087972579467141,4.495137476842617,4.706573998624819,5.069986386561388,5.83413528169603
2023-04-06,3.7067667403567715,4.094716145393178,4.505071532711504,4.718296375869925,5.08498950687029,5.856883672115066
2023-04-10,3.698101132085988,4.0858648802683,4.496127838130387,4.709345893650564,5.076092217536111,5.8483635504772575
2023-04-11,3.698387944536094,4.083539242640113,4.49065804140085,4.702091275794812,5.065530515714677,5.829868829047089
2023-04-12,3.6886846513588516,4.070315233657448,4.473348937694263,4.682516281197014,5.041833465328178,5.796573712089904
2023-04-13,3.7455827440682334,4.134765481316266,4.546017701463925,4.759546790924409,5.126508720934411,5.8979285151921355
2023-04-14,3.7177435852402985,4.106302006355422,4.517223785903913,4.7307120679538,5.097809701136271,5.870356873069884
2023-04-17,3.717685092026503,4.106589312466783,4.517927581134392,4.731652396392592,5.099188455930035,5.872787913073237
2023-04-18,3.7233926503210673,4.112293073608928,4.523540689425339,4.737184029640066,5.104525910538571,5.87749559323926
2023-04-19,3.7166471296116943,4.105390239883336,4.516550530562783,4.730179866239178,5.097547005555524,5.870771588853966
2023-04-20,3.7053533427376264,4.091044719966301,4.4987075635933405,4.710412687798804,5.074302520231965,5.839519877247691
2023-04-21,3.695276719172862,4.081442347370048,4.489827169734688,4.701994855015769,5.066817669167642,5.834561087900298
2023-04-24,3.697771017342797,4.083079103598401,4.490395647127777,4.701944287802804,5.065601904291113,5.830481289633254
2023-04-25,3.661349055352037,4.039217020806525,4.438140850182892,4.6451211070875615,5.000595962952396,5.746916532717546
2023-04-26,3.6566702942478218,4.036968449173649,4.438883628906044,4.647585166382575,5.006282779326466,5.760460851583975
2023-04-27,3.7136891793634064,4.1045465913038095,4.518292619733721,4.733404117282091,5.103538184874074,5.883478383907946
2023-04-28,3.7331455928887487,4.126731267499416,4.543462852863714,4.7601652392071045,5.133097464285218,5.919182237806442
2023-05-01,3.724879460752529,4.118037014145039,4.534378023300178,4.7509021327646055,5.123566520496954,5.909245029182942
2023-05-02,3.723778488273373,4.113337836253658,4.525372714944016,4.7394609968552075,5.107624569141555,5.882554712537349
2023-05-03,3.7178838858707888,4.104794221394225,4.5137353113398255,4.726100322977295,5.091118385449932,5.858683838530423
2023-05-04,3.7137910990896246,4.099287034747624,4.5065904511184485,4.718048365434477,5.081418174231557,5.84515332665994
2023-05-05,3.742324671386458,4.136285948811983,4.553330347268252,4.770161750256463,5.14326310974451,5.929487581175442
2023-05-08,3.747290088404368,4.142250719752662,4.56042106619097,4.777864836152192,5.152062255527843,5.940769418927356
2023-05-09,3.742838188209629,4.135193390324629,4.550300626148038,4.7660309508595695,5.137090141746723,5.918408652483713
2023-05-10,3.760329180459869,4.15707928296407,4.577203451148623,4.795686636380876,5.171709620865464,5.964415029223959
2023-05-11,3.751420426981875,4.14957814546181,4.5715272182792,4.791091879515401,5.169184211449664,5.967101599186606
2023-05-12,3.7431310555523414,4.1398328470454855,4.560157422247453,4.778844475968793,5.155374870175795,5.949789125163293
2023-05-15,3.756878240384773,4.155763338302073,4.578504225231253,4.798489213802641,5.177318384601975,5.976843958913909
2023-05-16,3.734359343994786,4.1338405242151826,4.557635912893527,4.778336964686828,5.158661930144296,5.962416337266028
2023-05-17,3.760329369186463,4.1647496260019725,4.5940882699945575,4.817796122456965,5.203490869163941,6.019361233086565
2023-05-18,3.78011180510115,4.192313555921231,4.630703154774534,4.859439162057484,5.2542923432737485,6.0915304840356
2023-05-19,3.7873982576601355,4.198585959152367,4.635647840673034,4.86359279242091,5.256926508979337,6.090316257622055
2023-05-22,3.7893996866097215,4.202025953066916,4.640785966621085,4.869683269124234,5.264764821481526,6.102283397923974
2023-05-23,3.76021790608468,4.1675118870113534,4.600304531534684,4.825971409785479,5.215293495050489,6.039854942501398
2023-05-24,3.7346922324488387,4.1399306241044425,4.570637390289512,4.795255491836661,5.182829078032102,6.003935196012646
2023-05-25,3.764869742871527,4.180296209406194,4.622788845042727,4.853931274274553,5.253354385638508,6.10197543338041
2023-05-26,3.8193792247508718,4.2456449578137025,4.700340117745732,4.938115453901331,5.3494051453221,6.224883704531788
2023-05-30,3.833473081144187,4.261689298104446,4.7185158606682585,4.957425767406071,5.370709199117382,6.250558532710915
2023-05-31,3.820661497328624,4.246394438422983,4.700430263608181,4.937825024715042,5.348400512142857,6.222131674252164
2023-06-01,3.8571964067274105,4.28778611069918,4.747132548797862,4.987356702510253,5.4029097767127165,6.287584689067954
2023-06-02,3.866574908496893,4.300391642432343,4.763500457145735,5.005819241107605,5.4251960176003635,6.318834661243502
2023-06-05,3.8725904794709924,4.306713332239967,4.77009510103897,5.012535340704167,5.432088645449309,6.32596508434157
2023-06-06,3.8765998702871545,4.310649927625613,4.773877697263519,5.016207080473478,5.435520810197659,6.328690670322709
2023-06-07,3.834755317105735,4.261444459544585,4.7164251254854435,4.954284810927181,5.365619494579038,6.240786793745613
2023-06-08,3.875083758465774,4.307068677567816,4.767815251232554,5.008736580886575,5.4254403967927,6.312337910210075
2023-06-09,3.8789623357919725,4.312597162004329,4.775282362042199,5.017288438402037,5.435980514669192,6.327570488251326
2023-06-12,3.9116905915227935,4.35264862852101,4.823684478103331,5.070271501625036,5.4972251042811795,6.407789149180963
2023-06-13,3.9212195740788864,4.365563428916967,4.8405518782399675,5.089341285885864,5.520318034707893,6.440324038102835
2023-06-14,3.9331780770597824,4.380749164182188,4.8594579824368775,5.110303282348309,5.54501027980389,6.473672354322505
2023-06-15,3.9745347521834855,4.427438290528146,4.911940681145358,5.165857541954296,5.605943649746196,6.546327678840049
2023-06-16,3.959447283443722,4.409502026189696,4.890794520899499,5.142964852468503,5.57992272521508,6.5132071794215545
2023-06-20,3.9374332954149462,4.386841675388874,4.86771034250868,5.119764549965354,5.556687941204647,6.490583046201116
2023-06-21,3.910415699827708,4.3537029586491816,4.827586175953973,5.075806289927716,5.505811975574106,6.423807128329605
2023-06-22,3.918482138504487,4.366995112365723,4.847087579567024,5.098806950967736,5.535263226670503,6.468624740217992
2023-06-23,3.8984779499459385,4.34254687858699,4.817574151719212,5.066515762260364,5.497963785017152,6.419828117857546
2023-06-26,3.877386211160075,4.315506089981692,4.783659671282489,5.028797116668795,5.453334237489507,6.359128238068941
2023-06-27,3.9087132981792134,4.354361753842482,4.831138141667361,5.0810199432205225,5.514134503102788,6.439711769445996
2023-06-28,3.9091342768889077,4.355651589923726,4.833475433466045,5.083952908085332,5.518173404768618,6.446415527260269
2023-06-29,3.910393082962041,4.356017353563739,4.832736882873814,5.0825766142385085,5.51559894848711,6.4408999143078915
2023-06-30,3.955028569406325,4.407522515913937,4.891847327393033,5.145774328486806,5.5860404065546705,6.527475324921369
2023-07-03,3.9608766300948273,4.414428059284355,4.899942253513826,5.154515696210564,5.595938688367867,6.539996256911785
2023-07-05,3.9542202239303013,4.407739349524296,4.893328080491346,5.14798402626703,5.589618711569307,6.5344123386937305
2023-07-06,3.929912104386436,4.379994967097478,4.861807685518027,5.1144448919260315,5.552517757607846,6.489440447648807
2023-07-07,3.9320812210276523,4.380716353065791,4.860725757308986,5.112316519799242,5.548415391895746,6.4804580093921365
2023-07-10,3.9368501037060475,4.385642883851193,4.865762978544222,5.117388673548016,5.5535115928056,6.4854548695995735
2023-07-11,3.9565951118010014,4.407606080246641,4.890094289984928,5.142959132918799,5.581226677098467,6.517739994877941
2023-07-12,4.001732472217732,4.458424822947084,4.947071455143282,5.203195897176434,5.647163712053458,6.5960670668694785
2023-07-13,4.035809075870109,4.500151988909062,4.997548717734553,5.258484158023588,5.711146588950369,6.680099855791034
2023-07-14,4.030404996901628,4.494636072122853,4.991988870959567,5.252931435777332,5.7056538923772235,6.674932317790258
2023-07-17,4.048634969282295,4.517142004198588,5.01939926468329,5.283043612515278,5.740656672089099,6.721243948640797
2023-07-18,4.085141565069124,4.55749165456188,5.063812383179204,5.329567299419754,5.790808312297202,6.779023679121459
2023-07-19,4.088051298067135,4.560302969642855,5.066453822171853,5.332093990668344,5.793095449242873,6.78063095907645
2023-07-20,4.040485929399962,4.501993976540572,4.995852204831042,5.254731777347754,5.7035124646914905,6.662855729376874
2023-07-21,4.032319465889818,4.492455353099951,4.984779388038806,5.24282852664483,5.690128169895844,6.64613433420454
2023-07-24,4.034714560864452,4.4955731229771985,4.988737797134219,5.247254390091594,5.695406751643475,6.653410653527762
2023-07-25,4.054962625000283,4.518923065419074,5.015525315244463,5.27589095689923,5.727323172849948,6.6926456449863485
2023-07-26,4.057253169605615,4.519718387539613,5.0144573061411775,5.273741382336573,5.72313293170257,6.683408908567426
2023-07-27,4.023770780812451,4.485060823907059,4.978939228721571,5.237930272738704,5.687063729113377,6.647819765195787
2023-07-28,4.072066469534354,4.541682345675637,5.044891248811419,5.308940930050129,5.767108795008447,6.748271563846711
2023-07-31,4.078990890441481,4.548866211414698,5.052273094532225,5.316394849994706,5.77463752725833,6.755753231379449
2023-08-01,4.057867092138398,4.526610540740506,5.028999765974019,5.292665194630175,5.750238873065832,6.7304291047881515
2023-08-02,4.00288275497399,4.4614701779940855,4.952404164880156,5.209830665324571,5.656218205145816,6.610963307458335
2023-08-03,3.996485933963416,4.454338542661393,4.9444855876654135,5.201499328241192,5.64717093895217,6.600384018544383
2023-08-04,3.989136731552953,4.444889167012196,4.932597754934301,5.188257095989357,5.631460203098604,6.578897730050729
2023-08-07,4.008779758851308,4.4683369957783885,4.960353667698124,5.21836560371587,5.665796354768672,6.622888656966635
2023-08-08,3.983152747031453,4.438834956317129,4.926561355411984,5.182267090104216,5.625609292972774,6.573586816374988
2023-08-09,3.9534265997069795,4.404152494964833,4.88633862736088,5.139045878853461,5.577040790681031,6.5129702485441445
2023-08-10,3.9548862546159973,4.406422907576664,4.889574238428446,5.142826354929298,5.581827419812535,6.520162475276902
2023-08-11,3.9457997896248305,4.394519229251594,4.874386201968111,5.125809167576175,5.561469119185847,6.491958117513636
2023-08-14,3.963597659012856,4.417251530332434,4.90283855713167,5.157435254022623,5.598874546095919,6.542865613630374
2023-08-15,3.9306983870692234,4.379573299185066,4.859891664434115,5.111664868472131,5.548111861673352,6.481027287392507
2023-08-16,3.8997026516159767,4.343865034727071,4.818962936671218,5.0679287891066345,5.49939701930983,6.421205991099195
2023-08-17,3.87373761500845,4.31311199355294,4.782810127755518,5.028835356886053,5.455031600560111,6.3648500894087645
2023-08-18,3.8729923176305894,4.311831020125371,4.780887644075198,5.02654937437849,5.45207237911437,6.360273470742708
2023-08-21,3.90542047644942,4.351214925129463,4.828207660626807,5.078225923606526,5.5116121943184595,6.437908551412674
2023-08-22,3.9022219490467185,4.347388513988694,4.823669566777809,5.073298907274026,5.505985852487946,6.430683440106641
2023-08-23,3.9503561192178465,4.402491039857256,4.886451682813435,5.140195450886796,5.580155546100806,6.520982103761479
2023-08-24,3.903933637885194,4.346549300240814,4.819684382298418,5.067498678029994,5.496776445012012,6.413099822417353
2023-08-25,3.9212529350002865,4.367250034037886,4.844216224193791,5.094123544169434,5.527163871393089,6.45208536015033
2023-08-28,3.9430359272523843,4.392360533129628,4.8730146653035735,5.124905896534062,5.561465697430423,6.494242593363529
2023-08-29,4.003370965416181,4.46241021470968,4.9538877270113275,5.211623071169827,5.658583891214279,6.6147111591189045
2023-08-30,4.019617631922151,4.481193488357612,4.975488585361854,5.2347420272343355,5.684399653166481,6.646561056850742
2023-08-31,4.0194151887790355,4.482328240021728,4.978260439309073,5.238454234310719,5.6898721293365835,6.656334560178772
2023-09-01,4.021147165155085,4.483592215472925,4.9789229697794894,5.238761384834419,5.6894997389887925,6.654247136017817
2023-09-05,4.006094438923489,4.469052192432563,4.9652694235009225,5.225707175545285,5.677697651874002,6.646003011682974
2023-09-06,3.97928412649863,4.438195794377096,4.929934471845606,5.1879652509329235,5.635689216532827,6.5944859320582765
2023-09-07,3.967134027517198,4.422824441438525,4.9108385972816,5.166806403007066,5.610779050784389,6.5608328803817795
2023-09-08,3.971415274181687,4.427737942367939,4.916450344536489,5.172792807341723,5.617428614341889,6.568956589483294
2023-09-11,3.998135347653603,4.4597598958870455,4.954486293222879,5.214116976132015,5.664667871889736,6.629728486011899
2023-09-12,3.969159930733608,4.425723092047559,4.9147682343881955,5.171315166058831,5.616352993244375,6.568937027155885
2023-09-13,3.9726801823516924,4.430939206880976,4.921994889858508,5.179673781579244,5.626797448266334,6.584351102243541
2023-09-14,3.995635728222169,4.457606459946389,4.952798915386829,5.212712010624419,5.663812801580352,6.630298328242583
2023-09-15,3.9653409887642943,4.419543397887811,4.905771039422282,5.16072495593652,5.602817453502636,6.548345523347221
2023-09-18,3.975310784191338,4.430008445456345,4.916668646571574,5.1718104865935475,5.614167302407078,6.560006269149333
2023-09-19,3.9684967354085128,4.422231436560347,4.907833241295615,5.162409138348487,5.6037672407053005,6.547398425001475
2023-09-20,3.9384157160689326,4.385712872205776,4.863971637285255,5.114517286753949,5.548602180579767,6.4755007211365765
2023-09-21,3.883400789954816,4.3225652936547725,4.791841611449416,5.037567197413415,5.463119807609743,6.371049540585212
2023-09-22,3.8849319076493645,4.324161503968411,4.793490857976815,5.039237621620198,5.464816459076513,6.372758899784371
2023-09-25,3.889505855522402,4.330769905968084,4.8025051533369005,5.049604283536375,5.477671882934177,6.391531416061089
2023-09-26,3.8408230044651717,4.275497250426953,4.7400250795130425,4.983284046652303,5.404596318734526,6.303609140872181
2023-09-27,3.8280281738467377,4.263639740558797,4.729533656995291,4.97365342702388,5.3966870016268285,6.300326548869941
2023-09-28,3.839449443421331,4.278628309111373,4.748682021852009,4.995118830932377,5.422385150223216,6.335966211590206
2023-09-29,3.824003403924348,4.263433281317722,4.7340606293422365,4.980919709349299,5.409110500741442,6.325463536318001
2023-10-02,3.8223133273580983,4.265283127189207,4.740264060886839,4.989630704825247,5.422525356766415,6.350409556646926
2023-10-03,3.7830983477579814,4.218401342208159,4.684694834759232,4.929314908829285,5.353676164231521,6.262057415753889
2023-10-04,3.809489724398327,4.250620078569725,4.723575838246841,4.971858252060583,5.4028374969359305,6.326478968438434
2023-10-05,3.8060913670232983,4.245952120149761,4.71741565166805,4.9648625706001965,5.394309099969927,6.314325288728252
2023-10-06,3.842390482511747,4.289515661571005,4.769225543825949,5.021183626144431,5.458748833244859,6.397354020321809
2023-10-09,3.857307483189618,4.306694995885501,4.788910442694729,5.0422156808529,5.482169673310409,6.426102238466414
2023-10-10,3.8711990123376654,4.323046563109895,4.808026872734876,5.062834220011237,5.50547574638555,6.455498932389561
2023-10-11,3.8860944150760295,4.341116998866404,4.829718302067233,5.086512824093511,5.532740216595913,6.491011961382751
2023-10-12,3.8741592255854673,4.32760656992503,4.814490095970612,5.070371359521028,5.514995303929805,6.469755587074159
2023-10-13,3.8515309682594765,4.299378797723339,4.779813242238664,5.032131706507896,5.470290885836186,6.410038521877923
2023-10-16,3.8798202067124885,4.332672908794391,4.81873190898547,5.074105931491486,5.517731760206977,6.469867083988405
2023-10-17,3.875612863250821,4.327014986940012,4.811374668094976,5.065799286275276,5.507686456925483,6.455721209458319
2023-10-18,3.8413401218121406,4.286884503737602,4.7646813002199,5.015548254537277,5.451082146084824,6.384766873751147
2023-10-19,3.818595687969821,4.260021959981632,4.733181535915577,4.981525804035735,5.41254105016697,6.3359648757675355
2023-10-20,3.784246288102767,4.219174403303785,4.684990020076722,4.929329008839916,5.353154566137403,6.260190392875859
2023-10-23,3.786002429232891,4.2222057761527605,4.689548942345967,4.9347536201672355,5.36018272715596,6.271071738311065
2023-10-24,3.807838224220889,4.248227348027363,4.720306141342685,4.968095453332426,5.398167003954748,6.3196494232583005
2023-10-25,3.7587319690088377,4.188511724646565,4.648479426204995,4.889617940508787,5.30768156341359,6.201516221050609
2023-10-26,3.7207340015648596,4.142448556523568,4.593221015056959,4.829314288759218,5.238275326385192,6.111177588365409
2023-10-27,3.721428526770185,4.145101730711809,4.5982550636713455,4.835709973686871,5.247211314612526,6.12628772429076
2023-10-30,3.749968894115753,4.178363512040001,4.636790746713803,4.877098536547121,5.293685303115282,6.184210924061968
2023-10-31,3.76365665445391,4.194083632981817,4.654756761313252,4.896270175475101,5.3149918061136106,6.210266563613673
2023-11-01,3.7834799173746125,4.221231889088003,4.690503520153935,4.936826881487575,5.36436540030789,6.280464401974905
2023-11-02,3.811194430818208,4.256767429537386,4.735106081116815,4.9864601135667455,5.423158714532207,6.360652127475946
2023-11-03,3.8311533268134372,4.281885220619195,4.766175919650272,5.020821781388797,5.463498531049853,6.414892603136448
2023-11-06,3.8268134496984736,4.279322843765185,4.765856372826623,5.021813556691194,5.466978003855102,6.424575393632577
2023-11-07,3.8343596836225777,4.291058676632074,4.782574251108693,5.041341557175178,5.491691411339408,6.4616695880760275
2023-11-08,3.8229257018782086,4.279876060134287,4.7718940649621375,5.03101767160938,5.482132121087535,6.454351404031062
2023-11-09,3.8182812681497253,4.271791086391742,4.759691203153576,5.016482592868105,5.463279502256638,6.425135858724181
2023-11-10,3.8346054910335607,4.298098166158591,4.797897724549468,5.061411154278603,5.520626908483317,6.512192677085308
2023-11-13,3.837358203015422,4.299450547628382,4.797494592409254,5.059985471992169,5.51726681492027,6.504029537678219
2023-11-14,3.877482397485223,4.349391716789353,4.858725334983455,5.12744645383788,5.596021953628733,6.608966303820314
2023-11-15,3.8755145150707433,4.347764005758064,4.857546321410532,5.12653635554502,5.59563133136365,6.6099062070981915
2023-11-16,3.891241112611082,4.363932818733153,4.873985365701397,5.143036253241981,5.61210896356708,6.625808744488859
2023-11-17,3.8917002406455774,4.3645007734580545,4.874678226370813,5.1437979533590354,5.612995319122311,6.626983532021712
2023-11-20,3.9064331685304565,4.384889865217396,4.901715503316755,5.17455726180059,5.650581781974348,6.680711761223387
2023-11-21,3.9122607964479235,4.388025424024118,4.901466998787311,5.172334494408178,5.64461976446654,6.6654485958127205
2023-11-22,3.913092416664548,4.390757672805201,4.906503747844648,5.178686992618524,5.653423520348275,6.680195630124627
2023-11-24,3.9178220478198877,4.394845300441686,4.90972716159631,5.1813868460962995,5.6551042218849865,6.679237217472759
2023-11-27,3.9252802191410145,4.401920392466366,4.916207206427014,5.187481279552647,5.660413667454235,6.682387561827972
2023-11-28,3.946200369907615,4.424122462780038,4.939615012646217,5.211455033239928,5.685264010211963,6.708680248431192
2023-11-29,3.9468927670447043,4.424363247577225,4.939292982042939,5.210806310955422,5.683998885560502,6.705890746843016
2023-11-30,3.9385484390407752,4.414823348590481,4.928437372512773,5.199246545523557,5.671195563905339,6.690334708172229
2023-12-01,3.972033976476011,4.449802950790834,4.96465009028693,5.2359592734600975,5.708542408266087,6.728069918825487
2023-12-04,3.9240491387208776,4.397286254729535,4.907441709438748,5.1763551358963324,5.6448868553024045,6.656180074653528
2023-12-05,3.922140062735495,4.39646322426843,4.907992610526071,5.177711362217844,5.647774943010322,6.6629098772846245
2023-12-06,3.9140651723340643,4.385771898434982,4.894227206242074,5.1622243445883,5.629127686923163,6.636773456154886
2023-12-07,3.944387558392426,4.4224733766077575,4.938225588289817,5.210236795315393,5.6844001411297,6.708823191775036
2023-12-08,3.9385094743792326,4.41852226106873,4.936758600571361,5.210241641315887,5.6872271705754835,6.718813648652772
2023-12-11,3.9407502195143893,4.424590527467786,4.947502032107016,5.223668617822636,5.705677627889168,6.749553603623649
2023-12-12,3.9567749844630127,4.444335245785446,4.971532779303017,5.250068741792498,5.73638075625194,6.790271352291875
2023-12-13,4.0210697733196135,4.514951939564064,5.048743543477494,5.330667148954902,5.822741453749231,6.888487196772446
2023-12-14,4.031866837678198,4.52544490099271,5.058660766092454,5.340181926448935,5.83139795745292,6.894637965510681
2023-12-15,4.024212560381337,4.519940777424851,5.055948876201655,5.3391312275549145,5.8335421387931135,6.904927891398555
2023-12-18,4.046370320906458,4.545193212955943,5.0846026153221375,5.369603892479269,5.867225261409262,6.945712371378168
2023-12-19,4.07059267165566,4.571995221225558,5.114132811531181,5.4005511300079085,5.900608028011279,6.984213163318184
2023-12-20,4.023841380124581,4.517912571501757,5.0518855315621085,5.333895785878321,5.826106856891026,6.892088739470709
2023-12-21,4.061786328948432,4.561529109342202,5.101785191095872,5.387174900709319,5.885381180765768,6.964748802791191
2023-12-22,4.072428549823515,4.57295857128109,5.113986722294346,5.399752833813947,5.898566395882275,6.979043000732421
2023-12-26,4.096741508885851,4.600330330350197,5.144675457513442,5.432197820083181,5.934083712521965,7.021243245841862
2023-12-27,4.108099364470492,4.6127395716714386,5.158168967990863,5.446243256391161,5.949059641367965,7.038098108088655
2023-12-28,4.1001648978384875,4.604508249634922,5.149719505257565,5.437719472834912,5.940470918797975,7.029637639206897
2023-12-29,4.088063338555999,4.5902730030527295,5.133080050406589,5.419771168998319,5.920176247220127,7.004004294919051
2024-01-02,4.053760996788396,4.547797304568649,5.081164854442358,5.362629044347667,5.853528038361957,6.915172104088445
2024-01-03,4.01717683233701,4.506049434358276,5.033732221296054,5.312152549176544,5.797672915883176,6.847393753121007
2024-01-04,4.007335889168422,4.493802294785219,5.018699119769783,5.295574047789903,5.778279537628874,6.821414512817262
2024-01-05,4.0109573253888335,4.497989305446995,5.023516103635387,5.300731217893572,5.784042329865966,6.828538342624002
2024-01-08,4.047059309176115,4.5436830225442195,5.080374820844588,5.363805411423041,5.858471221351211,6.9296670172383665
2024-01-09,4.048089379123451,4.545623586446938,5.083420774001475,5.367483612118315,5.863329881599606,6.93740267458425
2024-01-10,4.061929689842396,4.562698212453334,5.104228540786552,5.390357850075182,5.8899615448396565,6.97279926887634
2024-01-11,4.066787646272355,4.568561718070879,5.111242132729201,5.398004126633725,5.898752244833717,6.9842356763656035
2024-01-12,4.081471257374658,4.583630356920747,5.126507432847128,5.4132856758119186,5.913922997589366,6.998586969981388
2024-01-16,4.063560786161808,4.565493403237954,5.108431035805331,5.395363156757166,5.896462657159788,6.982933821702401
2024-01-17,4.033596153061788,4.532626119314647,5.072546843465113,5.357933597761772,5.856412056486718,6.937524116495021
2024-01-18,4.075811061817375,4.581771988197729,5.129454003732656,5.419047800944933,5.925040672891351,7.023141231791216
2024-01-19,4.124204847841725,4.639870788440719,5.198624163379563,5.494297720881261,6.011271409614738,7.134691483570503
2024-01-22,4.123943331710393,4.64022551960438,5.1997452723252024,5.495863648861249,6.013677348732422,7.13918165331035
2024-01-23,4.139011302506837,4.657415019124686,5.219269671515587,5.516637974630936,6.036659910966235,7.167057601290949
2024-01-24,4.137406364725803,4.658437859048138,5.22356977818616,5.522843493624431,6.046468341669311,7.185823519355892
2024-01-25,4.151968371210328,4.673732534544966,5.239492956086138,5.539033397781566,6.063020211884657,7.202727995067367
2024-01-26,4.140779159183928,4.65957207251598,5.2218740009138,5.519489165091273,6.039958861769944,7.171396633968762
2024-01-29,4.175718240762283,4.699748209450812,5.267856793054823,5.568597209582563,6.094614613661792,7.238454330798708
2024-01-30,4.166945580343638,4.687680156463799,5.2518838242951436,5.550424824828788,6.0723857019664935,7.206533440476084
2024-01-31,4.115113436412285,4.625950526938533,5.17891037226805,5.471294721958182,5.982163123132066,7.0908434048158835
2024-02-01,4.163331208989543,4.680173470529463,5.239638582824509,5.535464733798068,6.0523502393135935,7.174103789962459
2024-02-02,4.188367459930245,4.713415586483029,5.282561040601001,5.5838247119031434,6.110718204438363,7.256308459013605
2024-02-05,4.173848791593247,4.698105933078912,5.266553442513184,5.567511329498309,6.09397116696675,7.239040339131191
2024-02-06,4.182205661083248,4.705605797461086,5.272829166284872,5.573021266419174,6.097954582874006,7.238924084654643
2024-02-07,4.208041923092731,4.736627229248163,5.309772885320524,5.613220208195269,6.144038035800577,7.298599618760449
2024-02-08,4.21006545387663,4.739562303024972,5.313798011228353,5.617863022820082,6.149825815732072,7.307146470061111
2024-02-09,4.226973427143022,4.761395731306508,5.341405399847255,5.6487002899562775,6.186587750023019,7.357940092486826
2024-02-12,4.217159459127927,4.749569263564842,5.327276185170964,5.6333037826419705,6.168897933074021,7.334943462386965
2024-02-13,4.156441814199755,4.68060671532034,5.249278105806173,5.550483776134232,6.077582384533285,7.224896985106602
2024-02-14,4.1837833100947215,4.713450655453748,5.2884081807753205,5.593069621779705,6.126416126598926,7.288165595358933
2024-02-15,4.206822274759337,4.738190266741099,5.314807246092131,5.620273623243585,6.154911200013812,7.3189810396861965
2024-02-16,4.1916848766656765,4.718503188250021,5.289777379307681,5.592251623636505,6.121395455893726,7.272433580738798
2024-02-20,4.181376927413298,4.704467720130012,5.271323925014044,5.5713089664222135,6.095859954696916,7.235913974150177
2024-02-21,4.177101195806063,4.698244134060995,5.262770094191186,5.561434340050269,6.083536560322211,7.217687697005101
2024-02-22,4.24795832578842,4.783757767483299,5.36506598011029,5.6729706836761835,6.211801468446481,7.3846910399675245
2024-02-23,4.252409596504435,4.786829238016898,5.366341462706701,5.6731756322084586,6.209943647303307,7.377554012229401
2024-02-26,4.243310698841355,4.777368812726422,5.356609883093208,5.6633487175588195,6.20002657365638,7.367760245570597
2024-02-27,4.247987007336745,4.783265089858375,5.363926803460354,5.671456824995863,6.209580714394881,7.380718162787545
2024-02-28,4.240883117129257,4.773492224633651,5.350985198041728,5.656727909715869,6.191551092008167,7.354783086753405
2024-02-29,4.26538343347766,4.802418433530157,5.384918935237009,5.69339605530522,6.233134705404859,7.40760928659061
2024-03-01,4.326778986305727,4.871852412260406,5.463123100540441,5.776265308957965,6.3241994494126335,7.516646733601876
2024-03-04,4.343466208394824,4.887019612168019,5.476070456532119,5.787808606068735,6.332922230079645,7.517710156255731
2024-03-05,4.3121309886083905,4.846544558892074,5.4248624322181636,5.730588887821748,6.264661934190669,7.423242133966962
2024-03-06,4.340353473735782,4.87814004959626,5.460088056696444,5.767725563487702,6.3051242428035215,7.47086529745053
2024-03-07,4.384585948244441,4.930248769207795,5.521103757327811,5.833603764718392,6.379742155513896,7.565470671857838
2024-03-08,4.367751673222589,4.906152355938732,5.4883192366750535,5.795893738603383,6.332897269271593,7.496586778099158
2024-03-11,4.364008558407962,4.900575331748925,5.4805381137367615,5.786859397571997,6.321533262089996,7.4795806760217545
2024-03-12,4.383178499513269,4.926863048120201,5.515288199517772,5.826387778623668,6.369894876249091,7.549140684356873
2024-03-13,4.380347665629047,4.920261513980911,5.504058199771574,5.81249121759052,6.350989579888392,7.51790130728885
2024-03-14,4.367597087120169,4.906127132097167,5.488457801106891,5.796128432077735,6.333315113216225,7.497465710148131
2024-03-15,4.335974066739873,4.868371079075757,5.443710112751981,5.747542383201657,6.2777969210611655,7.425958768747096
2024-03-18,4.360301937387597,4.897551448232931,5.47843606460973,5.785318056878449,6.321088483949803,7.482005122468508
2024-03-19,4.370125769012675,4.908700160619261,5.491035709656264,5.798691634125188,6.3358250489503485,7.499744568622914
2024-03-20,4.418244643045124,4.963155849310626,5.552408627790706,5.86374531660851,6.407346916367425,7.585458359893922
2024-03-21,4.428320749973514,4.975667295297928,5.567745619328017,5.880652266681003,6.427118044600599,7.611952349039106
2024-03-22,4.415053592349292,4.962783781653089,5.555602206955475,5.869030402313998,6.416615121494846,7.60474754482876
2024-03-25,4.410544753830471,4.956439405003444,5.547066914121784,5.859254853061648,6.404542108584864,7.587142344536533
2024-03-26,4.408044485744025,4.9523274941666635,5.541002365394425,5.852074404851908,6.395278869963434,7.572801866770607
2024-03-27,4.436139497275814,4.9824493858253165,5.573084508963571,5.885099344123151,6.429801644632439,7.609949161593385
2024-03-28,4.452831957894126,4.998463696121436,5.587924804805638,5.899142506715792,6.442170750380084,7.617507177077136
2024-04-01,4.469143238435732,5.016047152406391,5.606758404848436,5.91858590873683,6.4625974145604,7.639714950689316
2024-04-02,4.4687608191792485,5.011322634005337,5.596678687831524,5.905413654558547,6.44360812771846,7.606382857840402
2024-04-03,4.4869472030649,5.030807342715426,5.617422104420539,5.926764188333127,6.4659267768355955,7.6304172164727095
2024-04-04,4.4374546117814475,4.973187831805629,5.550704028829339,5.855115094254373,6.385471753291379,7.530061729713171
2024-04-05,4.495857890951612,5.037964631700043,5.6222450684453396,5.930179043397626,6.466605779444049,7.624013799793323
2024-04-08,4.506710270168973,5.049071274438152,5.633460024996959,5.941384777806038,6.477689974689548,7.634396014505949
2024-04-09,4.522407651908775,5.066765487167654,5.653322770655364,5.96239695191444,6.5007148842985805,7.6618070538400085
2024-04-10,4.479886403458501,5.019462674820016,5.600920736264857,5.907329204854356,6.441037991397474,7.592329502786742
2024-04-11,4.544425534803635,5.092548670664637,5.683338728066595,5.994713547751689,6.537150321139644,7.707592548870393
2024-04-12,4.4793884864492455,5.018846807451405,5.600168639090169,5.906501668166313,6.440073244094964,7.591044551670369
2024-04-15,4.465999930007141,4.997180205780277,5.568532508394837,5.869192197957279,6.392214070375903,7.51764369810631
2024-04-16,4.465443563690034,4.99666352465805,5.568075383593949,5.868773176196537,6.391872106345204,7.517512529433264
2024-04-17,4.427629535949294,4.9525327448622525,5.516860218458309,5.813713808639147,6.329940277343414,7.44001959881008
2024-04-18,4.421905063803006,4.944006248123103,5.504981753829518,5.79993594019503,6.3126423479895495,7.414245889836399
2024-04-19,4.385013682468669,4.89685315420251,5.4458548014197605,5.734132779806029,6.2346275317499185,7.307458170511673
2024-04-22,4.3729353422604555,4.88936649938278,5.4442677662809995,5.73603540038883,6.2432142543093985,7.332989296780338
2024-04-23,4.407023885468032,4.930853324302614,5.494245268230069,5.790694535028614,6.306357806972352,7.415810413495544
2024-04-24,4.4083101965143445,4.93377930270549,5.499171837600766,5.796768844534689,6.314580018706855,7.429286196150446
2024-04-25,4.4050828843437655,4.928192710409283,5.49073273035134,5.786702468594267,6.301481816046199,7.408824717121439
2024-04-26,4.445673419068081,4.976584746808504,5.54799017568784,5.848815093904574,6.37234308788279,7.4997748364129935
2024-04-29,4.453529548523937,4.986495740519765,5.560289998056506,5.8624435605474545,6.3883968810360034,7.521523539737156
2024-04-30,4.372264832200909,4.895208153974521,5.458164585237405,5.754592185807106,6.270548360528469,7.382011476919292
2024-05-01,4.370460830803543,4.889873978164054,5.448515783253356,5.742466034569597,6.253783906680275,7.353898365808604
2024-05-02,4.398084903619316,4.923922425576189,5.489956551833226,5.787989151055219,6.306713596299342,7.424031262037073
2024-05-03,4.444681610227008,4.980783191353867,5.55858286734282,5.863096122388733,6.393553030148196,7.53802077523757
2024-05-06,4.491800456799919,5.033762834592989,5.617906036659695,5.925773170850804,6.46208942143404,7.6192689936586016
2024-05-07,4.486921815505343,5.02892962345771,5.6132177699771,5.921199506586666,6.457775899522721,7.615767503555907
2024-05-08,4.481859164453346,5.02352938508739,5.607495031905907,5.915323265078879,6.4516583219503305,7.6092372639829335
2024-05-09,4.516899790322551,5.059935640682134,5.644939949451637,5.953143112874912,6.489858208046101,7.647125289756907
2024-05-10,4.534478501884819,5.0788453150418125,5.665164591246122,5.974013187190717,6.511777269927466,7.670995288569851
2024-05-13,4.521424877556605,5.066876530712369,5.654767698201394,5.9646050344311545,6.5043453331601455,7.668879135584117
2024-05-14,4.550719496794283,5.099681175002411,5.691351836794109,6.003179640517224,6.546385067319961,7.718385676773961
2024-05-15,4.612740461570374,5.170216298194518,5.771219829780518,6.088028562858953,6.640009328810387,7.831351682604363
2024-05-16,4.600514574293194,5.156837124163829,5.756646325560332,6.072844993244147,6.623793710904666,7.813036540737444
2024-05-17,4.626815005720335,5.183074635607165,5.78232615428847,6.0980358759265325,6.647824041334351,7.8332830718542175
2024-05-20,4.645601774893571,5.205641928625062,5.809197350103762,6.127266628405551,6.681309671899643,7.8765478314521085
2024-05-21,4.6501887318685275,5.21129181502698,5.816070014170481,6.134814449011861,6.690082254309423,7.888164486327172
2024-05-22,4.617227045070445,5.177985904773151,5.782942984918511,6.1020006208660185,6.658160664067337,7.85960459181766
2024-05-23,4.56886106204301,5.126896389712334,5.729389044725366,6.047335374057081,6.601856426162833,7.800994655858533
2024-05-24,4.595128131636829,5.158317162017521,5.766665012935475,6.087816855222582,6.648111379977545,7.860491434884416
2024-05-28,4.617702657454261,5.183057150190331,5.793654493137039,6.115958264718702,6.678206224093843,7.894580324665611
2024-05-29,4.58185757010088,5.143203309699123,5.749527757462973,6.069598593493458,6.627986862087018,7.836158150614477
2024-05-30,4.55767005302787,5.113183190736718,5.712779959965497,6.0291294161915,6.580756833139415,7.773188197684286
2024-05-31,4.559922088441742,5.114479944266386,5.712861351252888,6.028496319379367,6.578761994318425,7.767769994861493
2024-06-03,4.582999078038389,5.140555739251769,5.7421940458740774,6.0595549658825,6.61283758793375,7.808409784183381
2024-06-04,4.575074524077681,5.133955705133478,5.737379727836712,6.055825024551817,6.611224443683087,7.812313158327042
2024-06-05,4.642022849012661,5.211922360039453,5.827683436449598,6.1528152849976,6.720156099224232,7.94823188927619
2024-06-06,4.652845402817091,5.222670378051937,5.838134332719979,6.1630228770088245,6.729801950132629,7.956091033702927
2024-06-07,4.594202764465832,5.162987531362688,5.778278266851417,6.10345467975473,6.671338239157539,7.902523390710503
2024-06-10,4.618972912847892,5.190116206349276,5.8078499224723075,6.134274236329727,6.704268603792702,7.939745245195056
2024-06-11,4.637731326195662,5.2126669828695285,5.83472813545396,6.1635291328681445,6.7378163203791885,7.983191080926915
2024-06-12,4.675092958308823,5.257329166090878,5.887697226072982,6.2210515312252195,6.803549344275575,8.067800742928103
2024-06-13,4.6744966482076915,5.259633768789202,5.893595245352028,6.229030098419547,6.815449142041366,8.089398214621642
2024-06-14,4.703272508002338,5.291486156327565,5.9287013118981475,6.265826059998368,6.855149288546221,8.13519922281419
2024-06-17,4.727546045586484,5.32263748007776,5.967885517017754,6.309491804461939,6.907016185354319,8.206403861056849
2024-06-18,4.738146927973114,5.333512243597077,5.978897592961023,6.320513098249944,6.917953101733992,8.216740167043401
2024-06-20,4.740307088263203,5.331463535238249,5.971610738402799,6.3101848752750165,6.901880415660643,8.186413108891571
2024-06-21,4.709945212773531,5.2993441885283445,5.937896569710137,6.275749942794425,6.866380383967476,8.149408851748154
2024-06-24,4.6924629254987344,5.275507039625948,5.906543567672392,6.240169257499518,6.823011125217632,8.08746849636923
2024-06-25,4.709188306040837,5.2985367679248725,5.937041116453109,6.274871739477972,6.865466629146523,8.148435392121579
2024-06-26,4.700483330009247,5.2908677022222586,5.930816173571189,6.26953893280732,6.861896319441934,8.14953625719508
2024-06-27,4.724195160501746,5.3162173113640065,5.957738821186007,6.297213751361831,6.8907591573979,8.18045278790442
2024-06-28,4.709695595910735,5.298743163830906,5.9368663483276,6.2744733439693015,6.8646425078921105,8.146542018285
2024-07-01,4.726169415978012,5.318523912929768,5.9604259427811375,6.300108432350814,6.894033044289795,8.184623189290887
2024-07-02,4.7532544056412345,5.351545187481237,6.000279646014006,6.343737509340036,6.944517495514921,8.251066308270666
2024-07-03,4.791375133646165,5.394634927608654,6.04878408535658,6.395119322700246,7.000949432414135,8.31855196967227
2024-07-05,4.838800119732861,5.448318197396385,6.10929852513497,6.4592684464853605,7.0714851299624195,8.403096928077105
2024-07-08,4.824489635154531,5.435132710604073,6.097791015942667,6.448832374068358,7.063214393910632,8.40075101117302
2024-07-09,4.830158727554754,5.441348592151938,6.104573677680225,6.455904671039679,7.070776729036855,8.409309769123679
2024-07-10,4.86886345624729,5.486279338289356,6.156467395931725,6.511569502290309,7.133172781529222,8.486907217492305
2024-07-11,4.84719626388136,5.45214188975064,6.107282942321431,6.4538092181419415,7.059442117829853,8.374397061034513
2024-07-12,4.865760650270664,5.474135710276119,6.13316641974916,6.481820349774093,7.0912836936881884,8.415022902604774
2024-07-15,4.879818616223824,5.48984113473233,6.150639102647767,6.500221034600911,7.111295508312921,8.438487836632046
2024-07-16,4.9226293494989335,5.533400130178522,6.194282971415336,6.543619535220625,7.153803087926633,8.477130012838145
2024-07-17,4.844315711876671,5.437989402660999,6.079200204409803,6.417668922252796,7.008121956023647,8.285532007167173
2024-07-18,4.813912419280342,5.40468252031307,6.042889466187918,6.379825620407611,6.967689744959065,8.239853135096542
2024-07-19,4.759814919928331,5.345205008906982,5.977802094166088,6.3118576475758426,6.894825206682414,8.156933557684285
2024-07-22,4.799839354645941,5.393562178592261,6.035710394163671,6.3750287089071636,6.967529789980125,8.251740098616809
2024-07-23,4.797461084206762,5.389274026452522,6.029099191588967,6.36708686327425,6.957100119024047,8.235230906758083
2024-07-24,4.699098581942167,5.270609732617735,5.887181318259336,6.212362364383658,6.779185991729748,8.00359419865503
2024-07-25,4.648871456940162,5.214100151034574,5.823865789888715,6.145446059113091,6.705975112909177,7.9167106288935
2024-07-26,4.698459045231415,5.269508657481505,5.885520136222748,6.210380808114349,6.776606119328584,7.999554828388635
2024-07-29,4.70016370797024,5.272263289157195,5.889544051764563,6.215128981088645,6.782704295116117,8.008936006123967
2024-07-30,4.687411674694633,5.252306478086659,5.860898332686468,6.181532793608509,6.739891518134331,7.943752961999519
2024-07-31,4.786618362046397,5.367733875010655,5.994498578375805,6.32498782231281,6.90095613347228,8.144665262325997
2024-08-01,4.719735324280088,5.2872229237122665,5.898427468310466,6.220371983009098,6.780909953509482,7.989060701254266
2024-08-02,4.650494000019119,5.2049071415650365,5.801287199152618,6.115126165103621,6.661079688160247,7.835831674946785
2024-08-05,4.54010374156711,5.078247269548889,5.656635655674773,5.960810369120436,6.489639709304219,7.626243790579902
2024-08-06,4.555448635750569,5.098475453072416,5.682598546553762,5.989983911463297,6.524705201637362,7.6752651224799795
2024-08-07,4.528167819693667,5.065517289891758,5.643150722194003,5.946967856106339,6.475238312046218,7.610902969616769
2024-08-08,4.632305434466913,5.185775599088341,5.781334611084046,6.094818879043489,6.6402784370089,7.814480284501128
2024-08-09,4.650879804211143,5.20718859030283,5.80589957626129,6.121081953245473,6.669558232458014,7.850512503081033
2024-08-12,4.682117258773445,5.239819960846481,5.839662794750216,6.155293677758324,6.704316164931431,7.885470743696917
2024-08-13,4.742965811391326,5.31399598605619,5.9291332299040995,6.253196101799869,6.817496807399417,8.03406750138015
2024-08-14,4.735308724726057,5.306439231747575,5.921844236443613,6.246111985082538,6.810870847983191,8.028851329223485
2024-08-15,4.806881888502302,5.39199750971854,6.0233063965078415,6.356287659872162,6.936752125194987,8.190808534426031
2024-08-16,4.848347007182434,5.434540570014319,6.0663992155934725,6.399425731961688,6.979580718642243,8.231353804170055
2024-08-19,4.882141106578278,5.475758976316522,6.116139577415698,6.453865072966923,7.042535405871364,8.314052135212695
2024-08-20,4.882079158410706,5.474545248329073,6.11350635082508,6.450412594609255,7.037542826847664,8.305266799118279
2024-08-21,4.893037090051365,5.488157518867575,6.130186533211564,6.468792343456332,7.059014515768489,8.333955592309623
2024-08-22,4.834792281935918,5.420655544311398,6.052361702502499,6.385389146858193,6.965674865373703,8.218267209407419
2024-08-23,4.888018328878557,5.48024285410325,6.118794301248407,6.45542501148338,7.041980556451529,8.308070599090719
2024-08-26,4.87356969807867,5.460349366182193,6.092456583876416,6.425461061211421,7.005334582221409,8.255489059423006
2024-08-27,4.885049740057809,5.473553912128837,6.107572316840736,6.441605007849185,7.023302950147685,8.277532035197149
2024-08-28,4.845728174323243,5.427702997083958,6.0544072867102035,6.384474724015985,6.959089768292658,8.197307686005985
2024-08-29,4.851994166599759,5.433240355038116,6.058928066431593,6.388367370459953,6.961741516106508,8.196671877697035
2024-08-30,4.874717977394812,5.462568274134105,6.095974463956399,6.42972146658111,7.010980458429878,8.264506821671253
2024-09-03,4.784862412155112,5.355353803286495,5.969050425852419,6.2920111805373615,6.853848372286257,8.062847124636022
2024-09-04,4.778487569553879,5.347547562704192,5.959599701125567,6.281653205841552,6.841845659532628,8.047028828970403
2024-09-05,4.789561206153509,5.359208099463203,5.971777228014098,6.294057102007211,6.8545707712396915,8.06014328535952
2024-09-06,4.708640709833366,5.263427411817622,5.859198201414225,6.172313088186646,6.716367059840096,7.884375137651061
2024-09-09,4.752598603884612,5.314379881532843,5.917948400626846,6.235276146830682,6.786832555676837,7.971706648847037
2024-09-10,4.780962251500303,5.347804354639498,5.957078790990284,6.277513929922636,6.834642284957605,8.03219758043866
2024-09-11,4.828619463293086,5.407297736057059,6.030264341961756,6.358288523956893,6.929228216789696,8.159036725362844
2024-09-12,4.886419945334636,5.470866187670622,6.099862405048956,6.430989691644886,7.0072164899540414,8.24793971036726
2024-09-13,4.918567081707985,5.505718019452855,6.137447854310047,6.469943422222352,7.0484388867139565,8.29357961881662
2024-09-16,4.913647440425803,5.498345936973903,6.127146651779471,6.457984489320603,7.033411417073747,8.271181059631116
2024-09-17,4.905904666263833,5.490825007507861,6.120042908705316,6.451171640199701,7.027217945868373,8.266791697254169
2024-09-18,4.8812491158378855,5.463608258819978,6.090130004329234,6.419863452732569,6.993519916627796,8.228106816466003
2024-09-19,4.975262992680917,5.572098999072712,6.2147035293307775,6.553104239466821,7.14216208694067,8.411235733246238
2024-09-20,4.990601310079757,5.586510256390036,6.227687800978257,6.565165831823095,7.152345789585262,8.41624415442577
2024-09-23,5.002373195835299,5.599849416153399,6.242738460323166,6.581127378374543,7.169908162010412,8.43731868348171
2024-09-24,5.038839115577959,5.6393011872566,6.285189846609499,6.625072462085931,7.216316954735329,8.488468474761438
2024-09-25,5.034348544613889,5.6352901893010685,6.281853006905963,6.6221536467533175,7.214225809905993,8.488576136921568
2024-09-26,5.062138708987438,5.667510797225679,6.3190137753806095,6.661983805015163,7.25881032050206,8.543851171615277
2024-09-27,5.03668478848813,5.638715343278301,6.286575898019117,6.6276099736986795,7.221038260079373,8.498640333992762
2024-09-30,5.034073181240842,5.637599330226598,6.287350507166936,6.6294921280901935,7.225025993775478,8.50790275411714
2024-10-01,5.0133138468298375,5.60881629347665,6.249078603178608,6.585884388193872,7.171592728574479,8.431070981790889
2024-10-02,5.016706444852147,5.613022311998564,6.25422264179409,6.591547199113609,7.178197883359704,8.439869402858829
2024-10-03,5.011247256995743,5.607104715032525,6.2478415662844204,6.584934044502846,7.1711997534201934,8.43212072448638
2024-10-04,5.042788621780084,5.645523034104588,6.2941377394937446,6.635567523583182,7.229682403688347,8.508754749732535
2024-10-07,5.003891786836316,5.600284428570616,6.241814530212684,6.579411253294036,7.166691823096874,8.430368007829578
2024-10-08,5.032131907748257,5.637079364646191,6.2886113529451695,6.6317904806759564,7.2292881762661665,8.517049401544886
2024-10-09,5.048003110061767,5.657530965772191,6.3144043485181225,6.66055963325627,7.263496831412223,8.564050836790091
2024-10-10,5.0552515220142356,5.664185447762016,6.3201953013255965,6.665806530450007,7.26765512876003,8.565276638673206
2024-10-11,5.086209652616295,5.69627003707174,6.353096606481562,6.698980016983646,7.301052131652775,8.598117003769353
2024-10-14,5.111651959696035,5.726701091917839,6.389195451212299,6.73818174913569,7.345842404518002,8.655724288255223
2024-10-15,5.081226438417137,5.688341356830595,6.3416371705963375,6.685517983895737,7.283877079731545,8.572000628352669
2024-10-16,5.09726487731892,5.7045706969376235,6.35780671301425,6.701550264643904,7.299502787021874,8.586055001592008
2024-10-17,5.108738171203133,5.716524785752675,6.370141354062274,6.71403065027607,7.3121502438433925,8.598703047182056
2024-10-18,5.1445289713193665,5.756316912164638,6.414196896255232,6.760313500322804,7.362281914521931,8.657009350282319
2024-10-21,5.144646178330814,5.757535569453306,6.416767943497481,6.76366308839569,7.367091894714246,8.665401912435893
2024-10-22,5.164191537697812,5.777854409354697,6.437679022060793,6.784790151449165,7.38844294036209,8.686605047130037
2024-10-23,5.1013458283366155,5.705728402840723,6.35529451633768,6.696897189580129,7.290792956888922,8.567235914734603
2024-10-24,5.13191413801024,5.741115827299657,6.396046974340914,6.740545219730903,7.339592763394623,8.62759696243948
2024-10-25,5.145242477020286,5.758020512056114,6.417104990792938,6.763911091296723,7.3671672068833045,8.66503179539885
2024-10-28,5.150838561065932,5.76375161656726,6.4228993623900505,6.7697060493438155,7.372911310245879,8.670451146397577
2024-10-29,5.188950596783536,5.8076665725519625,6.473250667986067,6.823521900792883,7.4328769800034395,8.7441598715367
2024-10-30,5.18042225124848,5.794694694979211,6.454970852120016,6.802238139738006,7.406033379199656,8.703965705021137
2024-10-31,5.07647070952906,5.6754402358214495,6.318806345754355,6.656995816735132,7.244715253005024,8.506877312329028
2024-11-01,5.0890559289817965,5.692301116626448,6.3406860103567295,6.6816835182938625,7.274551985395192,8.548886707731302
2024-11-04,5.082835251773839,5.684376053634887,6.330782222414607,6.670680616677815,7.261545577185866,8.531190721992163
2024-11-05,5.128816390051871,5.737914905520398,6.3927642195866685,6.737230423255075,7.336238801845068,8.624222685560982
2024-11-06,5.166800010788004,5.791819923514534,6.465515539990533,6.8205837592999,7.439118058675172,8.773596319665344
2024-11-07,5.234614306419251,5.869391493789216,6.553835427510559,6.91466029977952,7.543367792401435,8.900393735485144
2024-11-08,5.233097243091355,5.868569023152423,6.553892273151099,6.915232462490833,7.544919594459738,8.904397691485268
2024-11-11,5.194874226100955,5.829758781319153,6.515049561691825,6.876611111785045,7.507060566861336,8.869739851001674
2024-11-12,5.172132755885679,5.805786106493052,6.489975886203876,6.851046946215834,7.480783794174818,8.842511669480938
2024-11-13,5.15452409823958,5.787294680734733,6.470718498465075,6.831459551769438,7.460737928817999,8.82195762565785
2024-11-14,5.126512827870488,5.75493392480715,6.433526563573807,6.791664591163194,7.416318772128138,8.767191275501684
2024-11-15,5.058711491300063,5.672494348823186,6.334351245591198,6.683288522351319,7.291314178983277,8.603829028846762
2024-11-18,5.107969092278662,5.726103104101681,6.3924108872451315,6.743599016970571,7.35539567854213,8.67542657973152
2024-11-19,5.140821412109695,5.763193970351121,6.434109732582309,6.787742100187389,7.403821341522263,8.73319381472519
2024-11-20,5.149550521709895,5.771636548788648,6.442043754963787,6.795328778773683,7.410677655840087,8.737956722719137
2024-11-21,5.178931352394652,5.8033219663814775,6.476027348978063,6.830449793653894,7.447663460185597,8.778483951335982
2024-11-22,5.208472609083964,5.83399547215572,6.5075581065689585,6.862288132837813,7.479809777181974,8.810353361391549
2024-11-25,5.168123924512121,5.7943370902014735,6.469472575131398,6.825360704669711,7.445419713864634,8.78358587439996
2024-11-26,5.190054147949426,5.819593716913057,6.49841485794319,6.856285287421729,7.479860351125663,8.825872059923793
2024-11-27,5.174220958615639,5.798957995417997,6.472173080601985,6.826918291346841,7.444779728173997,8.777351070805809
2024-11-29,5.2148382977049526,5.845034999267803,6.524216201534238,6.882138098710018,7.505584350380212,8.850415477068855
2024-12-02,5.221978095605103,5.858620516829283,6.545607072044195,6.907984741752875,7.539735334828602,8.904734756796085
2024-12-03,5.231640493391872,5.870177524530128,6.559318848353792,6.922877137633669,7.556755761425252,8.926643161493079
2024-12-04,5.26943477784511,5.915622449259087,6.613487929910966,6.981834963770883,7.6243584248248,9.014155910938838
2024-12-05,5.248757469899377,5.893099484294531,6.589077325160739,6.956470113195749,7.597395760619868,8.984014190735797
2024-12-06,5.268590773415839,5.91845357171241,6.62086650802142,6.991844263082489,7.639321975711486,9.041352950903844
2024-12-09,5.26275920175948,5.907879896283725,6.604555053159662,6.9722586619457925,7.61363575462118,9.000853885530573
2024-12-10,5.274247696827686,5.917436768123088,6.611514481039195,6.977643350361571,7.615950554696066,8.995187078722479
2024-12-11,5.336213460897604,5.99062313555193,6.697373208138106,7.070411714432469,7.721121899487124,9.128640754881879
2024-12-12,5.2894070949662755,5.939481281908629,6.641764115149627,7.01253038648088,7.659412807842097,9.059216007381153
2024-12-13,5.281512437675202,5.9361243693010675,6.644150660446638,7.018284282667991,7.671572904292165,9.087443766766595
2024-12-16,5.319118635917041,5.982808926582619,6.701323352746721,7.081265275293856,7.745117471541543,9.18563126363431
2024-12-17,5.297174501103795,5.957955508859335,6.6732945725281,7.051547161866251,7.712431474949492,9.146437994638367
2024-12-18,5.146281926940765,5.783588298416999,6.4728144752154915,6.836980970232101,7.47281366165018,8.85063677823459
2024-12-19,5.140359123313195,5.774981290899876,6.4610088926847045,6.823367691467729,7.455857823659512,8.825664698933613
2024-12-20,5.193682512886466,5.833922943288056,6.525877174296033,6.891308000504555,7.529067769621102,8.909903302180414
2024-12-23,5.212997468651208,5.8591921896829895,6.55812578148533,6.927459168519426,7.572373059316328,8.970123000455326
2024-12-24,5.259668664778331,5.9144081518803535,6.623001767786036,6.997606007871703,7.651986896607832,9.07134720337949
2024-12-26,5.270143945001382,5.924565831365447,6.632571192152229,7.006767211472517,7.66028110155222,9.07712271512394
2024-12-27,5.215994443484284,5.861861158442325,6.560334044596202,6.929381837282892,7.57373030041517,8.969977919578357
2024-12-30,5.167218238668351,5.804681544426921,6.4937082208392525,6.8576223837764205,7.492781842177546,8.86818081832188
2024-12-31,5.1567750036633475,5.789126219097749,6.47204547274942,6.8325023117540375,7.461260533127677,8.821274939270547
2025-01-02,5.172465863346018,5.803836422142011,6.48524630074633,6.8447267387911594,7.471493227525539,8.826013580393733
2025-01-03,5.208349193303589,5.849550575805879,6.542423507367422,6.908292255567764,7.546738884926931,8.92875891691405
2025-01-06,5.236290425735687,5.8845328457865715,6.5855730418863425,6.955977536301218,7.602693323201051,9.004087578136145
2025-01-07,5.194743012431205,5.8319517670040275,6.520150689319044,6.883407797119472,7.517069119141357,8.887781786523524
2025-01-08,5.206783076415572,5.844217786705047,6.53246592451195,6.8956712058734855,7.529118521088101,8.89885361362882
2025-01-10,5.169821288915466,5.797719859123204,6.474889705719379,6.831936324984587,7.454146282980856,8.797515169043931
2025-01-13,5.149477382524921,5.775319702105559,6.450337158936721,6.806274984534504,7.426594174288012,8.766053718624393
2025-01-14,5.159351391305166,5.7847513083304545,6.4590334285841875,6.81448026747276,7.433779598526735,8.77035272076547
2025-01-15,5.242654165065277,5.882078249941085,6.572099504921565,6.93609076369134,7.5706709304787445,8.941864772747282
2025-01-16,5.239313945889739,5.874601590613256,6.559574998710895,6.920670024143555,7.549829808197994,8.907765275525435
2025-01-17,5.276469784048081,5.921952617140957,6.618815036558498,6.986536162911247,7.627811465966035,9.014274092365227
2025-01-21,5.330178065366512,5.9796807395614175,6.680484690875864,7.050126567806672,7.694498643122281,9.086603495466093
2025-01-22,5.3719220618822305,6.029457666831494,6.739390940647624,7.114032760586349,7.767414447662251,9.180206761474423
2025-01-23,5.382891874388058,6.04182076572488,6.7532662446042755,7.128709228669753,7.78349316830502,9.199338400310774
2025-01-24,5.378733315630663,6.034208682623412,6.741465869916936,7.114515044891081,7.764832420355786,9.16980479767957
2025-01-27,5.2827479337997065,5.9197627921191245,6.606040867796575,6.967600599660282,7.5972152469516505,8.954653346656716
2025-01-28,5.338960252340666,5.985165225619854,6.681726227449849,7.048856406935435,7.688414827642225,9.068307062807257
2025-01-29,5.320761761067648,5.965669174696454,6.6609743629158835,7.027499815411881,7.666095717452866,9.0442904295709
2025-01-30,5.364996100804319,6.012874051524169,6.711005070174027,7.078869380723942,7.71955815511876,9.101269904783408
2025-01-31,5.356598222689858,6.003528587335052,6.7006490467360855,7.067985079642051,7.707760487731243,9.087530431910773
2025-02-03,5.340855226401616,5.982915419296456,6.6743112148692605,7.038439576255457,7.672323562194058,9.038114005910641
2025-02-04,5.392183177746254,6.042012331625041,6.7420196397688645,7.110781242964926,7.752886161594883,9.137034035887583
2025-02-05,5.418773005524576,6.071567805093537,6.774733163143003,7.145143829443647,7.790097051538745,9.180288921201546
2025-02-06,5.429751074365152,6.0858164876200265,6.792803499773655,7.165346384346221,7.814200921621695,9.213585045209546
2025-02-07,5.393363288339809,6.0414072714301446,6.739196169723746,7.106671373974272,7.746349715720817,9.124492466676552
2025-02-10,5.457808102662211,6.113690043919543,6.8199330870032195,7.191866276180697,7.839313993931894,9.234233459846372
2025-02-11,5.448163592923508,6.1025105469652825,6.807042955347499,7.178052218935,7.823855064196026,9.215079050900544
2025-02-12,5.445317512757724,6.100000844324176,6.80499972468505,7.176296228027952,7.822665015204829,9.215381893384004
2025-02-13,5.508508935748041,6.1724906870031635,6.887763927896456,7.26457575017141,7.9207110435911865,9.335157128871943
2025-02-14,5.48878888581202,6.155219854977102,6.8738710321017376,7.252757153852553,7.9129716157821,9.338149580640087
2025-02-18,5.528378979764315,6.196535332266203,6.916578330042933,7.2960115883270324,7.956883814899431,9.382256111345038
2025-02-19,5.5342166125723065,6.2025927353278165,6.922798334998753,7.30228769878963,7.9632107757341695,9.388498352942984
2025-02-20,5.519665368384237,6.185275142003448,6.902345570216477,7.280121466073599,7.937962904610892,9.356200727869712
2025-02-21,5.448369493387457,6.100506685877074,6.802316228406305,7.171754580715487,7.814605696586565,9.198569113256813
2025-02-24,5.428832790053362,6.073625911865592,6.766759578455137,7.131322680917219,7.765201611797632,9.127819718074138
2025-02-25,5.37293863412632,6.009706657049738,6.693997976414307,7.053824204268993,7.679330236234025,9.023381496697295
2025-02-26,5.3809003949957654,6.0191669333202915,6.705155089844574,7.065908135679372,7.693080182269932,9.040939313506932
2025-02-27,5.275393543801612,5.896281815697677,6.562835100545603,6.913065028839016,7.521462160748625,8.826975914072891
2025-02-28,5.318567409425238,5.9489431981916,6.626373245992968,6.982594765846438,7.601839626410285,8.93245841083169
2025-03-03,5.271989396498112,5.889033771745633,6.550939878757273,6.898521125625196,7.501991514624299,8.795588700793477
2025-03-04,5.261702358393418,5.876922742878596,6.5367759887929076,6.883240784265877,7.484711774305136,8.77376983538272
2025-03-05,5.306522967155864,5.929602416261474,6.598291839726781,6.949558766817409,7.559624397925292,8.86817321575621
2025-03-06,5.2182279892613685,5.824557435094835,6.474282932958177,6.815193598555547,7.406647266319108,8.67267910568252
2025-03-07,5.241280599342857,5.8519649740114605,6.506619261099424,6.850220892270073,7.446509672274497,8.723582740860644
2025-03-10,5.113175622466873,5.700700030960593,6.329242609103993,6.658625959274592,7.229425257189402,8.448523745450935
2025-03-11,5.116286128183127,5.702509943466549,6.329398912499212,6.657810678418488,7.226759280638632,8.441210719691817
2025-03-12,5.151517778200605,5.744202405483229,6.378384797383153,6.710771447690761,7.286851267190768,8.517543768147888
2025-03-13,5.131619873863426,5.714134543553288,6.336190159792146,6.661722490986101,7.225130144065154,8.425456057930191
2025-03-14,5.205872481036388,5.802129776840529,6.439711541686085,6.77371030132951,7.352314565377512,8.587279282602628
2025-03-17,5.239710804773979,5.839834684638156,6.481549567980041,6.817712892892139,7.400066030461764,8.643028459708114
2025-03-18,5.214419790750586,5.804746528341342,6.434890445149149,6.764553586544858,7.33494822280238,8.549483959338405
2025-03-19,5.262556813713027,5.860636512582821,6.499426049171868,6.833760603012756,7.412474281448928,8.645708127073062
2025-03-20,5.249550447427941,5.8456356021828775,6.482212260033249,6.815355495173762,7.3919543285894145,8.620461914409756
2025-03-21,5.240415222587353,5.838286485841476,6.47722243139589,6.811781660166755,7.391119954896897,8.626666053451627
2025-03-24,5.299143671805806,5.909753913277437,6.5632656694793,6.905842724707999,7.499678814163036,8.768697929354685
2025-03-25,5.321261155767008,5.935300909953748,6.592622068969158,6.937251671152152,7.534734145026643,8.811913066180825
2025-03-26,5.267416198430949,5.8704555874642095,6.515247150187414,6.85300581473035,7.438096579180998,8.68679374193319
2025-03-27,5.278340214877577,5.878220594075259,6.518934486470196,6.854276668683351,7.43473520068544,8.671690258917396
2025-03-28,5.213885671152951,5.7984769413262605,6.421587604308002,6.747205607126455,7.31001875589869,8.505985803378197
2025-03-31,5.252444080389867,5.837272937109574,6.459974658205276,6.785112767504869,7.346671952801818,8.53820479495384
2025-04-01,5.230801776373504,5.820397250434921,6.449225473885997,6.777979332068712,7.346439519536044,8.555303142927855
2025-04-02,5.234752587955685,5.828645206876353,6.462621694778642,6.794291278780309,7.368146247421848,8.589930806597433
2025-04-03,5.2246081781168385,5.78675487079817,6.382382685804151,6.692222235190435,7.225524791849167,8.3495631014848
2025-04-04,5.185221263861797,5.712503669871012,6.266483030072072,6.552777751182445,7.042579077425345,8.062667149428332
2025-04-07,5.149244564109273,5.677790896696223,6.233898758044736,6.521615861488081,7.014364276883789,8.042719940176632
2025-04-08,5.159022655707929,5.678068621356212,6.222488232891581,6.503477560951335,6.9836208111487155,7.981183393184947
2025-04-09,5.220607715869155,5.801857497956119,6.420728723574353,6.743858147454094,7.301933209377846,8.486005692631252
2025-04-10,5.263155421324349,5.819729683462784,6.4079590953036405,6.713353499003866,7.238060678981096,8.340090646654115
2025-04-11,5.298439360066807,5.86525664764922,6.46533008091893,6.777281291494406,7.313900479578385,8.443618568273765
2025-04-14,5.288155121369167,5.858806336619324,6.46370145751956,6.778464087018135,7.320402317826319,8.463309508551498
2025-04-15,5.298295684881892,5.869583772199752,6.475083878762581,6.790133338016789,7.332521139703667,8.476194019323124
2025-04-16,5.3572986626097645,5.911398697724529,6.495069175335587,6.797318506496431,7.31538787191094,8.398380789358486
2025-04-17,5.350659103266421,5.904658421334351,6.488316512596855,6.790597065230736,7.30877978811924,8.392257346167248
2025-04-21,5.408330240585454,5.948653184807085,6.51476429601469,6.806696838791003,7.3051368463226325,8.339042132238804
2025-04-22,5.381227888461728,5.935705748571081,6.519438868260788,6.8215859507113805,7.3392658978510426,8.420558405394631
2025-04-23,5.336862136801363,5.903885454541669,6.503573388955783,6.815082975861182,7.350560415664244,8.476299214832764
2025-04-24,5.3636015266545645,5.946557611987733,6.56513409108152,6.8872706140952005,7.442307731989251,8.614499915326196
2025-04-25,5.344922982156147,5.934364076883407,6.5611175597662,6.888029050054641,7.452110211096835,8.646765806096623
2025-04-28,5.371559858744449,5.960818822671292,6.586910787330491,6.913291079473039,7.476161802392475,8.66704566906761
2025-04-29,5.353350451487909,5.946491693376272,6.577595081109688,6.906940794407865,7.475483170775981,8.680660126551505
2025-04-30,5.339878335606243,5.932942513689669,6.564175215697391,6.893672434277903,7.462608921606115,8.6691660912897
2025-05-01,5.302479229741937,5.903296967596297,6.544548884112402,6.87997793238073,7.460263497437813,8.695433247865886
2025-05-02,5.306729808219437,5.916291586698302,6.568121646789851,6.90957970682651,7.50107863609681,8.763344125188555
2025-05-05,5.35961907262691,5.96576224956196,6.612524774879375,6.950767397237125,7.535811460814852,8.780661109170682
2025-05-06,5.411498746830317,6.0122420576518465,6.651540998123571,6.985202833082546,7.561253020065116,8.782553164082042
2025-05-07,5.383390098148547,5.986376287680306,6.628887350197471,6.964555068659202,7.544589964450605,8.776492010213836
2025-05-08,5.3477944273466465,5.956792831579318,6.607235184861369,6.947654373811589,7.536861555083185,8.79221131072763
2025-05-09,5.362087554980363,5.970728495032651,6.620491274476336,6.9604363681202575,7.54863595003955,8.801068715608459
2025-05-12,5.310683945086326,5.943488964402418,6.62356310745116,6.981162932707534,7.602747827016019,8.937957244097376
2025-05-13,5.319004127397362,5.961283553460808,6.652755950047501,7.01682992873978,7.650423798372844,9.014527628659277
2025-05-14,5.281565706200489,5.92753186411955,6.624134455781021,6.991367693187314,7.631178687687644,9.011613184030542
2025-05-15,5.309763367993501,5.956491880924396,6.653541380743333,7.020862426942442,7.660594704858364,9.03991138791941
2025-05-16,5.289916152069819,5.939359112316414,6.640054006929269,7.009579703355347,7.653596514631225,9.043971839151226
2025-05-19,5.312438725272721,5.962545171920887,6.663663491301371,7.033297363011177,7.677322279696295,9.066977160461505
2025-05-20,5.346193305599616,5.994253212579322,6.6923021160728435,7.059978147869556,7.700059435430684,9.079026655240181
2025-05-21,5.359892071713398,5.999152178881337,6.68624840220754,7.0475741326056465,7.675688134867361,9.025138619208825
2025-05-22,5.344560877391623,5.984957827133513,6.673700685562684,7.036060186467369,7.666235052552324,9.021194846035185
2025-05-23,5.385566502167873,6.0202448622578775,6.701321667212752,7.059049276871217,7.68022845018357,9.011991668083054
2025-05-27,5.35436775738571,6.003607300631629,6.702953430620811,7.071323225702439,7.712628732639042,9.094300753710051
2025-05-28,5.3506542062640925,5.997063140974897,6.693024860430654,7.059479731757937,7.697244001797805,9.070436973735598
2025-05-29,5.361737099045629,6.009418133424495,6.706740021943147,7.073907355463392,7.71290571711399,9.088731891981764
2025-05-30,5.350952552592676,5.997606614177263,6.693861816044619,7.060482882876501,7.698554701557107,9.072484854458
2025-06-02,5.428169890378749,6.079966523103863,6.781178136206603,7.15018057841959,7.792039210658537,9.172653339672353
2025-06-03,5.436652736457467,6.093278143889569,6.800272741172949,7.1725529250043225,7.820484780718804,9.215703934453483
2025-06-04,5.452796763660652,6.111260441965847,6.820217201652937,7.193523774233618,7.843231192490139,9.242228950305016
2025-06-05,5.421115880145568,6.074696815080019,6.778234164333868,7.148622458677564,7.793148453503626,9.180564715382122
2025-06-06,5.433410356429068,6.093060865176817,6.803836944663937,7.178317249105376,7.8304092530950475,9.235958343221084
2025-06-09,5.446109808265193,6.10676830333073,6.818548998316225,7.193526148755578,7.8464319491641366,9.253522318859952
2025-06-10,5.469167161963009,6.134093416278286,6.850696820140457,7.2283041265657095,7.885931208697176,9.303783477301023
2025-06-11,5.467306505317417,6.130122295481064,6.84416395784898,7.220307030892872,7.87520303420222,9.286417283608332
2025-06-12,5.501133715673069,6.165670295829503,6.881201850056143,7.2579848560929525,7.913765555829626,9.325935468033633
2025-06-13,5.481037350131123,6.137615222367731,6.843728696111411,7.215214222632433,7.86123914634187,9.250180782120106
2025-06-16,5.497618532828669,6.1628611617167035,6.879326427503574,7.2566702266813605,7.913536472551031,9.328497843076397
2025-06-17,5.464781382426345,6.123700041387472,6.83299437515935,7.206418016867528,7.85623304709798,9.255064072651807
2025-06-18,5.4544546532556275,6.113187486885557,6.822444624968974,7.195913581082218,7.845910294414979,9.245558672857355
2025-06-20,5.441934954837288,6.098054479684717,6.804328852480142,7.176159848166094,7.823199116019107,9.21603699635211
2025-06-23,5.484174390982409,6.146932860599227,6.8605913709496065,7.2364046146259335,7.890523672784854,9.29922397723513
2025-06-24,5.504314919427988,6.176708306844882,6.901846100798456,7.284144352402123,7.950247863453704,9.387646358729832
2025-06-25,5.51553533532735,6.189625418731481,6.91664247077278,7.299951160600468,7.96784636251206,9.409240093271174
2025-06-26,5.545652006645954,6.225876714698506,6.959882194792954,7.347023454603714,8.021830917846538,9.479111673285459
2025-06-27,5.529204996536729,6.211480459689802,6.948313552738458,7.337190596147616,8.015410160135785,9.481659153311323
2025-06-30,5.571445582672734,6.258190499309739,6.999738867381204,7.391060160307872,8.073472552158897,9.548496304941777
2025-07-01,5.570272973043332,6.25162043367926,6.986542803166891,7.374050112975912,8.049309087834375,9.506789688222467
2025-07-02,5.60187112482208,6.287889679941379,7.027977099400864,7.418258432093868,8.098431762512295,9.566854301394464
2025-07-03,5.6222537060793,6.314662142768001,7.062254214655033,7.456737254220659,8.144621150136976,9.631304626502526
2025-07-07,5.595392051158438,6.282745419759076,7.024606897603947,7.415957227112957,8.098205613262845,9.571990505390522
2025-07-08,5.5760594047262,6.263565495707563,7.005987298389868,7.397791148836178,8.081081006280984,9.558159397999624
2025-07-09,5.608722723083613,6.301024919485096,7.048745783302551,7.443393986119566,8.131720226568783,9.620001748715818
2025-07-10,5.6154282965625075,6.306888160623227,7.053439206234267,7.447366197793457,8.134269796367,9.618790173740333
2025-07-11,5.622284375917127,6.312390550828711,7.057136965588124,7.449974759352278,8.134761616159016,9.613802672371415
2025-07-14,5.625865646264444,6.318300191507802,7.065855102068246,7.460292445077854,8.148055235337404,9.63430466361723
2025-07-15,5.61181369659917,6.3046836271852555,7.053046668312829,7.448045384579113,8.137001341926082,9.626720814837464
2025-07-16,5.629247335601713,6.322948014650217,7.072002576418158,7.467284179308305,8.156603209224109,9.64656569644206
2025-07-17,5.652002837674665,6.351080732801465,7.106342914485872,7.505060517544579,8.200625816602082,9.705147555799263
2025-07-18,5.65361082894499,6.352089944745216,7.10658126510644,7.504842462704156,8.199533075512257,9.701836506325712
2025-07-21,5.695633377727272,6.397865848165939,7.1561877339793805,7.556381621012607,8.254301716739976,9.762999695456887
2025-07-22,5.7039314939333625,6.402921776328996,7.157077562159961,7.554807447214723,8.24800908408155,9.74475457355067
2025-07-23,5.705108335828247,6.407028893384982,7.164783207154512,7.564585468558194,8.261676372794136,9.767973719386596
2025-07-24,5.698286306818035,6.401503861642741,7.160992093613389,7.561842446408807,8.260972389617065,9.772556067604079
2025-07-25,5.693673883747485,6.398393910127754,7.159827508314075,7.561833375108851,8.263183083267421,9.780416257871515
2025-07-28,5.687181901499245,6.393852012913087,7.157820252151291,7.561334886000716,8.265587526751402,9.790226144403546
2025-07-29,5.684197500008317,6.389833574765118,7.1525813453332265,7.555410447999636,8.258401753900438,9.780040050090244
2025-07-30,5.6524563835613275,6.358629190154047,7.122650337801569,7.526428353322358,8.231514136941716,9.759508622579943
2025-07-31,5.647144286959403,6.34983082166337,7.109645841115011,7.511027956159712,8.211655702123164,9.728849854667605
2025-08-01,5.615440081733326,6.3051209980449086,7.04947081643056,7.442124170924503,8.126628634197102,9.605221433083344
2025-08-04,5.689190848031862,6.391270769778214,7.149529452682783,7.549730586582429,8.247727895152623,9.75686199889449
2025-08-05,5.6682129791886,6.365719155952875,7.1187264897481155,7.516031525116667,8.208779887267106,9.705741543796497
2025-08-06,5.702365427710069,6.408241770803685,7.170941425169609,7.573622591960532,8.27616168123623,9.79601631832856
2025-08-07,5.723204403649396,6.4314864195284445,7.196758185055664,7.600786475836921,8.305658564895209,9.830488480124664
2025-08-08,5.7554562115582915,6.470113934238582,7.242647675064445,7.65065900955414,8.36271673192098,9.904076823295803
2025-08-11,5.718523250409412,6.430848545566411,7.201212583641173,7.608218336991755,8.31874397705524,9.857715061850703
2025-08-12,5.761383094385583,6.482343926099267,7.262559854406694,7.674975209321015,8.395269312652616,9.956749438556441
2025-08-13,5.774695469730285,6.496130945981254,7.276676102133985,7.689191955106458,8.4095449215279,9.970667525633534
2025-08-14,5.761415402568636,6.482195241894055,7.262186654716814,7.674471911287481,8.394520673530332,9.955393584054816
2025-08-15,5.749394345236759,6.467150273495848,7.2436339702374175,7.653971278265566,8.370469076362031,9.9230252022364
2025-08-18,5.745274291410905,6.46272420612482,7.238909182290799,7.649101524223941,8.365366657673006,9.91750374680682
2025-08-19,5.698198932028959,6.4062527130954745,7.171726603135065,7.576040792960994,8.281696301273634,9.809405924928495
2025-08-20,5.700549787263206,6.40479564080469,7.165513537925765,7.567060546433549,8.26748137164629,9.782172467350904
2025-08-21,5.6775217006126395,6.378543813580995,7.135720052413365,7.535373856044307,8.232454649123508,9.739765787230441
2025-08-22,5.75613461046769,6.467873458254774,7.236783375917731,7.642693779738633,8.350788005983231,9.882332595400472
2025-08-25,5.737480518727445,6.447143743663371,7.2138474957935985,7.618607707474222,8.32471842746672,9.85206845068261
2025-08-26,5.766980603772701,6.479564089762404,7.249308704885266,7.6556286823509625,8.36438803997068,9.897165770916871
2025-08-27,5.778197246661769,6.4919016200723405,7.262815475010002,7.66973605099158,8.379516681340887,9.91439322399782
2025-08-28,5.811298047433125,6.529436506429004,7.305194081840943,7.714693027649499,8.429005439918038,9.973825047126256
2025-08-29,5.795720200899895,6.506111574456372,7.272587724681117,7.676822722030416,8.3813737266722,9.902671062452175
2025-09-02,5.810763956599741,6.5158802957847115,7.275542330937478,7.675733625241598,8.372525312113638,9.874106256789247
2025-09-03,5.8516912367035925,6.562310306050826,7.327984469585137,7.731376393379562,8.433793911455373,9.947719035454169
2025-09-04,5.876863038296368,6.593654655978215,7.366465583425795,7.773811510334811,8.48342202753183,10.014130204259441
2025-09-05,5.900129148373232,6.618093099789524,7.391909339062912,7.799681965630313,8.509872085587702,10.041150410168212
2025-09-08,5.9370871102288145,6.658629689396522,7.436159946967893,7.8458326491424035,8.55924142965444,10.09708334157766
2025-09-09,5.9426653456882095,6.66614719652083,7.445963798353631,7.856919632780075,8.572687434362253,10.116132129340714
2025-09-10,5.956156554431772,6.679982973668936,7.459969032544937,7.870933574589634,8.586588652406407,10.129258911267335
2025-09-11,5.981045856282903,6.708993977616743,7.493592520765343,7.9070555809164995,8.627169924995993,10.17990281423259
2025-09-12,5.99315602962109,6.724185981582826,7.512356437101822,7.927801679786877,8.65152681625149,10.21270394427312
2025-09-15,6.041748004686527,6.7790082219906855,7.573943003056069,7.992972509368191,8.722971399938078,10.297805684414753
2025-09-16,6.041366552209498,6.778047853873552,7.572275792897111,7.990899735554173,8.720139781883278,10.293119736519296
2025-09-17,6.019184186042445,6.754300536880841,7.547018359244609,7.964917002061873,8.693005681662159,10.263967811377366
2025-09-18,6.038575655993105,6.779994679571903,7.580119260967949,8.002165970155756,8.737867815265153,10.32686040064747
2025-09-19,6.083537645301277,6.830013684611837,7.635524198465324,8.060383359151512,8.800942620336631,10.400238838719815
2025-09-22,6.140279331349035,6.891368232979882,7.701493701644759,8.128642383564749,8.872963189599032,10.479430996998193
2025-09-23,6.1240593281817395,6.870388753641484,7.674950855420144,8.09899477170978,8.837633559508035,10.430708853721288
2025-09-24,6.091707935819364,6.835315920934981,7.637134049689351,8.059807498111041,8.796179253713541,10.384864336223337
2025-09-25,6.0822552132323136,6.82281430516443,7.6210508104850465,8.04171891420118,8.774410901914058,10.354384041878667
2025-09-26,6.113901667066056,6.857567204698655,7.659035923718632,8.081361029976069,8.816865504950966,10.402597805763593
2025-09-29,6.163195507074684,6.910500980857067,7.715525670671877,8.139578113145276,8.87785844418515,10.468609743960899
2025-09-30,6.194371195940018,6.943857151865481,7.750980836403408,8.176039146081537,8.915912279035519,10.509437044961178
2025-10-01,6.214925874145005,6.967937595912444,7.779016831522863,8.206221430258724,8.949930466851171,10.552130972596064
2025-10-02,6.21869967473272,6.974619448927439,7.789210235402357,8.218415667166786,8.965847747335513,10.577064336044444
2025-10-03,6.226354155328837,6.97938325339846,7.79026962492555,8.217288253087734,8.960539729126658,10.56119917237987
2025-10-06,6.288401867004239,7.047218072246551,7.864070000174474,8.294123938354858,9.042490129890657,10.653465477331572
2025-10-07,6.280504234568761,7.035542138330403,7.847887810491944,8.27539412071363,9.019049099712754,10.618728997201355
2025-10-08,6.351718874475755,7.1154055835899905,7.937070145270047,8.369486073405382,9.12169006227991,10.739795663947817
2025-10-09,6.303387340080887,7.06579952030533,7.886800213597434,8.319149230631707,9.071685092005751,10.692366383182485
2025-10-10,6.195278042815774,6.932177709651689,7.723777568594021,8.139874677868512,8.862903161339737,10.414973769589945
2025-10-13,6.321404731804022,7.073896361391844,7.8823385420746765,8.307325838957297,9.045861371600234,10.631465398753942
2025-10-14,6.3206722771905195,7.06850816440517,7.871228867095223,8.292920730396833,9.025272385106405,10.595699379044412
2025-10-15,6.3825185903463275,7.1357803812253895,7.944025465120237,8.368499479710666,9.105492171808839,10.685077816342893
2025-10-16,6.413147204470617,7.164087356078978,7.968898254533931,8.391191120531953,9.123796327685499,10.691479702844969
2025-10-17,6.395244990394073,7.150599177504846,7.961183187549839,8.38692311324858,9.1261734647317,10.710846430703045
2025-10-20,6.5248244221326015,7.290118803822701,8.110518227440156,8.541072553095933,9.288140477340148,10.887315777175104
2025-10-21,6.374424100164309,7.138236947947729,7.9596311934797805,8.391742741135982,9.143159961355005,10.758504515936952
2025-10-22,6.343504683664033,7.1002217462668815,7.91345470527425,8.341060884241552,9.084307029221117,10.680687925526145
2025-10-23,6.382087726554155,7.145039077520575,7.965228396225838,8.396594817662908,9.146539687030065,10.757985283222906
2025-10-24,6.41427851380632,7.185066977711003,8.014306956072096,8.450683435275549,9.20973545391845,10.842399852478305
2025-10-27,6.416221431252087,7.199769316468245,8.0446906548796,8.490099642242445,9.266101766070102,10.940369005334263
2025-10-28,6.423322958699245,7.2125321720358215,8.064294312757744,8.513602730170422,9.296863103391168,10.98871693157814
2025-10-29,6.4261973084478825,7.21873589707524,8.074545462191683,8.526169692517945,9.313753346983555,11.01613175328515
2025-10-30,6.410425975918342,7.191558573272516,8.03361328057717,8.477406651630597,9.250428541003288,10.917579578419325
2025-10-31,6.416143752926604,7.200827188274103,8.047148818938776,8.493366020945814,9.27088719486561,10.948892003745474
2025-11-03,6.4343452046625,7.2226825922254,8.073162337489837,8.521658271716639,9.303286790631827,10.990721978551926
2025-11-04,6.327821554810127,7.10040931679508,7.933474009893037,8.372616824005833,9.137675815439005,10.788219288996425
2025-11-05,6.3732395490788285,7.15089960663396,7.989359081045404,8.431315898624868,9.201229968187182,10.862050534063789
2025-11-06,6.308549599827735,7.0722892269985955,7.894789161898598,8.327953494213425,9.081946337521602,10.705906299003232
2025-11-07,6.3171434588401505,7.078771404363789,7.898496014512869,8.32999813812556,9.080778494382919,10.696489288524681
2025-11-10,6.454385197510696,7.232837188479074,8.070713473664405,8.511788360651469,9.279252824646974,10.930986257956064
2025-11-11,6.462344090844807,7.238985842511054,8.074471588622956,8.514110988041256,9.278795913470063,10.923372304683337
2025-11-12,6.4975586892416555,7.2740099757776715,8.108582475587918,8.547457482947133,9.310360932262148,10.949221057132688
2025-11-13,6.400852777370025,7.1618282275009015,7.979135079817739,8.408677432233208,9.154954356574954,10.756413997485877
2025-11-14,6.361777544503402,7.122868753347533,7.941070832784776,8.371393077945676,9.119518217764293,10.727003565339384
2025-11-17,6.2994006631509,7.053907546191169,7.865172513252855,8.291902931201786,9.033873848092217,10.628512305906447
2025-11-18,6.272716021736491,7.0185596620262825,7.8196310718936255,8.240647377354875,8.972121904886407,10.54186069794285
2025-11-19,6.29632793262438,7.046479459759631,7.852420635149098,8.276093808014455,9.012339786334065,10.592966959591516
2025-11-20,6.215913406515835,6.949025646006821,7.735455257278654,8.148387959165149,8.865198891907324,10.40088458949677
2025-11-21,6.247822846245985,6.986288015946002,7.778719280173739,8.19490752880451,8.917536112429076,10.466380603668938
2025-11-24,6.3639294692328825,7.120822640884586,7.933794795335398,8.361078987572647,9.103464482817394,10.696706354414648
2025-11-25,6.395593176044082,7.157072464800989,7.975103270856998,8.405099476861496,9.152281889359765,10.756173070263413
2025-11-26,6.446155964998924,7.214301256985731,8.039597532199364,8.473454713619873,9.227412926267643,10.846127743456238
2025-11-28,6.502412254800333,7.276826900549886,8.10878881795033,8.546121970339929,9.30607587225185,10.937475889324212
2025-12-01,6.49705739619681,7.269124045890414,8.098266987896796,8.53399828513519,9.290975776865844,10.915156464853684
2025-12-02,6.504194259375765,7.2820164150280196,8.118092861583202,8.557767682067077,9.322070800316329,10.963934079272724
2025-12-03,6.515071442175778,7.294761458742033,8.132932067117196,8.573742560136305,9.340074283871468,10.986520476394112
2025-12-04,6.516003863672195,7.295014505911605,8.132334348538489,8.572649469733024,9.338044168416861,10.982163528424866
2025-12-05,6.5252723052092305,7.307345728815493,8.148255536768463,8.590577091181924,9.359647212531641,11.012437826551299
2025-12-08,6.50884141903928,7.289388834320671,8.12872522603421,8.570245978052757,9.337966158918245,10.988031079318946
2025-12-09,6.520631374069696,7.302166161800393,8.142499486504008,8.584518873150387,9.353065295370463,11.004737402622963
2025-12-10,6.55320542922705,7.337979601882868,8.181694953160122,8.62545308035504,9.396959055824968,11.054728405303909
2025-12-11,6.574336158547112,7.356849763673907,8.19740574294069,8.639212026885936,9.40686557412587,11.054458840999432
2025-12-12,6.520784339257872,7.288810971197368,8.112563368566208,8.545042728308434,9.295707216874831,10.903596484289963
2025-12-15,6.508646971889852,7.272953709643259,8.092361965585193,8.522419239253775,9.26865562302006,10.86613208883325
2025-12-16,6.5074848873343285,7.2732141367762,8.094389372823994,8.525470578159105,9.273636757863345,10.875878591753935
2025-12-17,6.462566248970328,7.214597873258162,8.01978095445281,8.44194720368451,9.17381713601705,10.737746770431407
2025-12-18,6.5053729886608656,7.267968113797121,8.085335419817913,8.514239329364713,9.258344087245767,10.850717437596009
2025-12-19,6.555356174195458,7.327663539367628,8.156039573859571,8.590959283995744,9.345879971304925,10.962970431827852
2025-12-22,6.6302836006091255,7.406578512617106,8.23848299929583,8.674956610190613,9.432101249933288,11.051995250047806
2025-12-23,6.6804464059343305,7.460502360038981,8.296108581767426,8.734393117805007,9.494470990245546,11.11977783693322
2025-12-24,6.68513184883027,7.467372405832975,8.305574343905489,8.745322435513838,9.508100345336972,11.13985210708267
2025-12-26,6.711385007059933,7.4937505560390125,8.331627503414007,8.771021835731453,9.532895481181239,11.16150812066513
2025-12-29,6.592492748272497,7.370504138171775,8.205203836115773,8.6435256324065,9.40448149908309,11.035037942851657
2025-12-30,6.586335811827025,7.362602625746473,8.19527345251698,8.632467149563503,9.391365233304196,11.017100956233945
2025-12-31,6.537743402176094,7.307632263306989,8.133361085814602,8.56686974452291,9.319307583319663,10.930940493101609
2026-01-02,6.548403433500912,7.316938069231198,8.140814581465195,8.573191451117548,9.323412649498263,10.929254680184673
2026-01-05,6.637680726848409,7.412542502551316,8.242562726526579,8.677909070731587,9.432879088897835,11.047215964493459
2026-01-06,6.694276286653299,7.475936138008243,8.313267967131466,8.752461069354737,9.514120791041751,11.142839644119583
2026-01-07,6.667615565818039,7.449829935016102,8.28832333088905,8.728352148910622,9.491820053454921,11.125891313821615
2026-01-08,6.6671749962540465,7.445163404070906,8.278483848898857,8.715541617872102,9.473448586938408,11.093937245965744
2026-01-09,6.720051751248296,7.505708246561589,8.347474103583895,8.789053860592965,9.554949151059299,11.19312510761489
2026-01-12,6.767897716077753,7.554458722760637,8.396468937905912,8.837887755998878,9.603045794974538,11.237748333941807
2026-01-13,6.756852714735242,7.542241353401161,8.383013854289409,8.823790715835193,9.587846935759856,11.220240889127048
2026-01-14,6.745786044711857,7.523149748648459,8.35428386939579,8.789589538680035,9.543498696376588,11.151466765431078
2026-01-15,6.745432875139015,7.525447449766393,8.359837846287702,8.797017707251724,9.554440552261314,11.171012864614218
2026-01-16,6.730553439213892,7.509860443584958,8.343652240987211,8.780581715522775,9.537671101013109,11.153947560810188
2026-01-20,6.7258625318019,7.489438103621788,8.304028361319233,8.729948811943009,9.46646037964803,11.03258232622887
2026-01-21,6.815003274236027,7.588890500880274,8.414511842811121,8.846212279413663,9.592738162723704,11.180235277365634
2026-01-22,6.887241887277314,7.666890441624744,8.498269703800222,8.932825169909,9.68404070704469,11.280482930064547
2026-01-23,6.929011694324037,7.711241593526431,8.545030757858237,8.980708490337408,9.733645638926482,11.332839187797378
2026-01-26,6.986659505103546,7.772493611075628,8.609659772023221,9.046915707107159,9.802283838036328,11.405408902809189
2026-01-27,7.078071599706397,7.871197302693684,8.715650998489428,9.156520520185033,9.917824485634107,11.532272425060086
2026-01-28,7.186373881929876,7.982633129025573,8.828971506173989,9.2702422205343,10.031311175264818,11.641402855769178
2026-01-29,7.175840465796675,7.967527983347642,8.808451878907555,9.24667627516563,10.002135241467077,11.598876785220451
2026-01-30,6.86330656552094,7.644132564210642,8.477387837486791,8.913172569733925,9.666908608285418,11.27034988643533
2026-02-02,6.7947038783796785,7.5803964964518435,8.42080904229654,8.861121051804092,9.623929944298755,11.25181029003622
2026-02-03,6.881776199360143,7.655975659526607,8.480865382288881,8.911761430043871,9.656232765862764,11.236643062047161
2026-02-04,6.82978994312856,7.59067088056349,8.400220128846282,8.822644068999438,9.551751791294626,11.09654994822183
2026-02-05,6.706818020181625,7.456671401997385,8.254903142285995,8.671587540709377,9.391051720900295,10.916504158985395
2026-02-06,6.866336344676681,7.632093705183391,8.446956413268518,8.872202910655004,9.60626160105322,11.161876913936528
2026-02-09,6.954611863764547,7.7263427719821,8.546960940746288,8.974970882210751,9.713419378387297,11.276765756339389
2026-02-10,6.914068530683798,7.682194119485967,8.49911804725816,8.925256930652292,9.660565653548119,11.217630232118758
2026-02-11,6.9467894543101485,7.71701805710787,8.535939764493587,8.96302531449199,9.699816225398742,11.259394091468556
2026-02-12,6.781534898025011,7.536025520220857,8.33861802023947,8.757348924309131,9.47998261054402,11.01065143538733
2026-02-13,6.846301062534751,7.602551413302269,8.406168125727376,8.825094668204674,9.54752917634628,11.075557729852884
2026-02-17,6.7725067988221905,7.5277766355910565,8.331475668620591,8.750894812656174,9.474892057713332,11.00917570823829
2026-02-18,6.852721485784708,7.613720645992845,8.423016927330783,8.845157561475627,9.573536535733155,11.11579997582095
2026-02-19,6.844974846975532,7.6031153381235335,8.40905987898035,8.82932763958819,9.554277638107472,11.08846449875195
2026-02-20,6.927933871381201,7.692850669771118,8.505621637635228,8.929298307394221,9.659889468165593,11.205025936242912
2026-02-23,6.943764069476641,7.699685522165329,8.501213304259679,8.918355128788116,9.63660836985375,11.151229259109622
2026-02-24,6.948887672537317,7.7127190767605915,8.52380362262474,8.946387945038776,9.674757186259347,11.213795473513933
2026-02-25,6.993909562934327,7.768643169300617,8.592242307028373,9.021722314889956,9.76257282451731,11.330449270148359
2026-02-26,6.97524427448478,7.740829464481022,8.553596154218704,8.976984787622875,9.706625914925894,11.2478782058415
2026-02-27,6.989932015573936,7.753178609557359,8.562839223036462,8.984360258015952,9.710386748988197,11.242364324189314
2026-03-02,7.029443420175636,7.794024242163964,8.604569018970796,9.026334556825965,9.752435040511124,11.283108124374834
2026-03-03,6.879895301193305,7.63649566026014,8.439793552164064,8.858269300901556,9.579462721754119,11.102883506475937
2026-03-04,6.949230883160993,7.717462230417755,8.533689181404709,8.959130002857068,9.69268771513751,11.243699499650536
2026-03-05,6.90215200359544,7.6681410554687774,8.482412419879562,8.907002792542205,9.639359217461731,11.188912799951913
2026-03-06,6.871040350833306,7.625305846729875,8.425927638260589,8.842931232188866,9.56146497933557,11.078767057314293
2026-03-09,6.917618532832861,7.682082328168722,8.49426703784371,8.917585374935335,9.647459021410958,11.190581695870174
2026-03-10,6.939186244340916,7.703603489784035,8.51538850680697,8.938359945228207,9.667417929705882,11.207928287010619
2026-03-11,6.928289735100297,7.6926337875249065,8.504504051297674,8.927584417340707,9.656931464370146,11.198466179187122
2026-03-12,6.808335110477531,7.559563370977741,8.35751933168034,8.773355435647343,9.49022469397515,11.005429740749964
2026-03-13,6.753080126778288,7.4998968852679555,8.293410220180057,8.707027429791665,9.42022265410349,10.928279114556336
2026-03-16,6.8000327224955885,7.555306309169483,8.35827541775274,8.777007436484842,9.499314054955883,11.027828154905848
2026-03-17,6.811921758148195,7.5709399982939125,8.378237870288771,8.799364702606525,9.52601801318764,11.064610145008864
2026-03-18,6.678414997238439,7.426959092286305,8.22374581004226,8.6396381848231,9.35764953232956,10.879534148522207
2026-03-19,6.578678650728504,7.325074020774499,8.120856770910141,8.536731874955152,9.25550782451483,10.782250852842102
2026-03-20,6.442052223451223,7.174694417312577,7.956059371467524,8.364496506359803,9.07056856354965,10.570944149283987
2026-03-23,6.447071112949006,7.188313397083539,7.979974893006516,8.39423749080599,9.111073931165654,10.637147402708
2026-03-24,6.424337425492905,7.160453117883637,7.946291198028929,8.35736949090646,9.068481592174887,10.58149732261415
2026-03-25,6.509366841337142,7.250204946011629,8.040386539091234,8.453462158516372,9.167599532274629,10.68530364769293
2026-03-26,6.340466658124939,7.063659817889363,7.8352420340496565,8.238681659322383,8.936296252788354,10.419440091252735
2026-03-27,6.325820012911542,7.0345831465285755,7.788988032220424,8.182744073259773,8.86251553660337,10.303254081444
2026-03-30,6.301278261094385,7.004558388048377,7.7527386223665475,8.143092299915626,8.816749433235458,10.243548487963002
2026-03-31,6.512159432608998,7.239255072369435,8.012811145585028,8.416420096538639,9.112977359130694,10.588379349923436
2026-04-01,6.5685543844759895,7.304596876532555,8.08807441576219,8.497020399089784,9.203041839646769,10.699532905081533
2026-04-02,6.527270949723042,7.2641291075251715,8.049288264072086,8.45943517871113,9.168039517473936,10.672097358788593
2026-04-06,6.519387253711559,7.26065201470046,8.051292474887473,8.464614606190214,9.179196128043568,10.697956995010923
2026-04-07,6.540758590088228,7.282148530200841,8.072582994389519,8.485662809106227,9.199613460769388,10.716164592854401
2026-04-08,6.554419855280664,7.317748008343828,8.134584863146102,8.562657761259995,9.30440404466546,10.887716637164155
2026-04-09,6.5718747347676025,7.340350992335876,8.163144871624205,8.594516702251472,9.342257316901122,10.939502783867244
2026-04-10,6.569391160841077,7.338968752851294,8.16314116050847,8.595314469639531,9.344567978900551,10.94555058750993
2026-04-13,6.560501199311593,7.337993596702454,8.17192283429032,8.60971807864108,9.369511954415024,10.9962618245509
2026-04-14,6.609848386391952,7.401417246227445,8.251607637292475,8.698398204142961,9.474522305747232,11.139171699288656
2026-04-15,6.587072081959609,7.3896556333266785,8.253598449432031,8.708373024543388,9.499551454726635,11.201325903641454
2026-04-16,6.585641862782746,7.392071737424736,8.260707632206397,8.71816977553986,9.51436331218067,11.228308150760117
2026-04-17,6.6164580003144815,7.4334072120068795,8.314296580030753,8.778574250610932,9.587196078379105,11.330200638124357
2026-04-20,6.597649162981067,7.412005958322703,8.290063377155679,8.75283408421409,9.558808832131557,11.296016238831493
2026-04-21,6.5352452419302605,7.346483113191154,8.221799629039685,8.683369756057289,9.487634512412562,11.222706656408016
2026-04-22,6.563823402743572,7.3885869425215125,8.279843857864652,8.750347393885024,9.571001836253494,11.344782498813537
2026-04-23,6.5435850821772945,7.363712694568438,8.249680947264064,8.717283353702975,9.532707414901406,11.2944912926392
2026-04-24,6.555640803500448,7.391389822712496,8.296119268766825,8.774361860782022,9.60949187075881,11.418530924978459
2026-04-27,6.539243199740708,7.375421310536609,8.280946285991469,8.759738727055737,9.596030257278175,11.40840264060581
2026-04-28,6.499641048940231,7.327425084920387,8.223423641521855,8.69700866998731,9.523939425146239,11.31494957028183
2026-04-29,6.47703970122831,7.309848310965869,8.212324846444302,8.689739968714115,9.523990811198559,11.333422017304713
2026-04-30,6.50890919350971,7.349468257582862,8.260819425020241,8.743114987826011,9.586182976305318,11.415909818107751
2026-05-01,6.5141824299251905,7.362372277922339,8.28299792427899,8.770597127860393,9.623558485836128,11.47731996736459
2026-05-04,6.458670297857586,7.304536001886309,8.223442411998125,8.710452762021973,9.562896742574633,11.417678651434313
2026-05-05,6.522453260228897,7.378957145631429,8.309792485756647,8.8032739325314,9.667281797125082,11.54821626936016
2026-05-06,6.6635668120761355,7.5379583098449,8.48812920198352,8.991819605892772,9.873635240157322,11.793059066602037
2026-05-07,6.657830303356634,7.531215868695104,8.480252490050392,8.983325148203296,9.864033075811498,11.780936215596716
2026-05-08,6.739349487947681,7.631955866480055,8.603264737667255,9.118698275072237,10.021929008947168,11.991545782031597
2026-05-11,6.755567698192413,7.650703960855793,8.624827276094424,9.141778886462083,10.047708917728897,12.023375034912004
2026-05-12,6.723815859446827,7.6117888603701775,8.577640943222558,9.09001307155658,9.987615495180988,11.943858223246002
2026-05-13,6.747881776393767,7.644445158238234,8.620515220491683,9.138657184931827,10.04692334995671,12.028728541171793
2026-05-14,6.764993938645077,7.667411639873627,8.650430051899537,9.172490030227445,10.087989133378588,12.08709986159517
2026-05-15,6.6519518754802744,7.540569885620634,8.508760685859636,9.023027683426427,9.924990557110416,11.895084681032774
2026-05-18,6.646383158557496,7.531565204660244,8.495582493339931,9.007461189177857,9.904962760989038,11.864175352806365
2026-05-19,6.581980026385868,7.461313419895417,8.419398217183137,8.928301278664279,9.820862801414025,11.770448719195867
2026-05-20,6.672400617697917,7.56598666355827,8.5399474702321,9.057421738686205,9.96523615809993,11.949055949043759
2026-05-21,6.6791022692392055,7.5742912003325635,8.550111419681652,9.068618415949143,9.978315746978703,11.966547125441123
2026-05-22,6.681383383613323,7.579931097180252,8.559898539714261,9.080802934267766,9.995014165414117,11.994394858617277
2026-05-26,6.738348766134723,7.651814656318438,8.649203143335452,9.179826498946358,10.111823418324587,12.153138901590378
2026-05-27,6.706985746164909,7.619015279614043,8.615278445664599,9.145479464827448,10.07701436764425,12.118483615294728
2026-05-28,6.76126345333193,7.6809441404637795,8.685607520054555,9.2202959220803,10.159741681893655,12.21865914209193
2026-05-29,6.79799893249514,7.721266431131451,8.72962693655745,9.266194991075228,10.208803758484574,12.274072184715909
2026-06-01,6.787539158000406,7.7153534029281765,8.729626336961296,9.269727846872104,10.219164449033375,12.301995199187527
2026-06-02,6.804843142568486,7.7366120524575495,8.755477001037086,9.298131777035119,10.252229643082163,12.346015138506672
2026-06-03,6.76059633797977,7.6893279679369195,8.70538191345987,9.246744459041519,10.198898320563371,12.289800392367326
2026-06-04,6.776767782565489,7.702119108139959,8.713532065324948,9.25204331534274,10.19857665409593,12.274583961465206
2026-06-05,6.527418974990516,7.410080859336421,8.373370808934212,8.88567168889187,9.785193991007647,11.754123201096657
2026-06-08,6.571677872598235,7.46681063850237,8.444819677855877,8.965394870979178,9.880161055794694,11.885477127426226
2026-06-09,6.504402046824175,7.389424234299712,8.356225868181074,8.870770961088644,9.774837436256112,11.75626150783339
2026-06-10,6.33761745129007,7.204121351889053,8.151403048262381,8.65584463726055,9.54261597842111,11.488062219900566
2026-06-11,6.510395696265388,7.405227016721399,8.384272479868454,8.905948392204529,9.823528106942911,11.838720867284788
2026-06-12,6.536382562102112,7.436199191411689,8.42093692395246,8.945741370190754,9.868976603885958,11.897233582692314
2026-06-15,6.699542703280615,7.626666188848313,8.642101781971384,9.183592947689592,10.136705935299759,12.232802828771016
2026-06-16,6.648879289461694,7.5601271581955505,8.556693828162091,9.087528995189915,10.020936189552518,12.069697615469721
2026-06-17,6.548915302650121,7.450235345714537,8.436581111741756,8.962227583779393,9.886920183816823,11.91827805417487
2026-06-18,6.619054004713499,7.540826448816146,8.551368271231132,9.09063756864942,10.040459611654558,12.13192941599895
2026-06-22,6.592460337126168,7.511691924651538,8.51964122584127,9.057604375541578,10.005249421452621,12.092445437827376
2026-06-23,6.44593991567524,7.3365079881576225,8.3116621319408,8.831574965739112,9.746550143911545,11.75811527045649
2026-06-24,6.37305005198724,7.258800934522091,8.22955950901055,8.747481455988751,9.65951680063851,11.666993491435361
2026-06-25,6.413269822263084,7.305939953676301,8.284502988757133,8.806677424910351,9.726342810115792,11.75121000932792
2026-06-26,6.390160846152268,7.272027558825426,8.237487378531277,8.752164798393164,9.657819574724588,11.6484441035869
2026-06-29,6.451996761917349,7.353574317379659,8.342486073128713,8.870416808321957,9.800594270281845,11.85018011434786
2026-06-30,6.505805312661687,7.421449149210863,8.426873119165851,8.964052718772118,9.911218766656546,12.001151965916486
2026-07-01,6.479966903181969,7.383385506535934,8.373957387833544,8.902629549020126,9.83388062006717,11.884845086272506
2026-07-02,6.440777682550243,7.330429824703803,8.304472735487122,8.823745454871741,9.737511607928603,11.746036701060282
2026-07-06,6.489733698568086,7.391021158341875,8.378652862646407,8.905512745354919,9.833181163110854,11.874601591918362
2026-07-07,6.440117809457103,7.326537007321571,8.296492438157085,8.813365047590795,9.722552409716805,11.719506184813357
2026-07-08,6.439373288327181,7.327812312301743,8.30034931520326,8.818747521356347,9.730859535729202,11.735259937052344
2026-07-09,6.493056964368892,7.394897136626513,8.38315031790204,8.910348106921962,9.838621733602777,11.881417382979127
2026-07-10,6.51002703455788,7.414568782521083,8.405842152340512,8.934675189270541,9.865866801513224,11.91524786936938
2026-07-13,6.452393382955175,7.341473800569088,8.314511273489156,8.833094885444982,9.745402307728959,11.749677312766703
2026-07-14,6.483938606809595,7.381900738388202,8.36545139598947,8.889958000684864,9.81319980740913,11.843679300976786
2026-07-15,6.4870430692283145,7.383107334743437,8.364174373394864,8.88719324850465,9.807553965800198,11.830584742693244
2026-07-16,6.440397675066508,7.323283617863095,8.288747767867193,8.802974737472958,9.707102606755237,11.691222163435954
2026-07-17,6.387821158072903,7.258582458387944,8.209923951254956,8.716279906660137,9.606007235543732,11.556141374251087
2026-07-20,6.386739025454055,7.258212856865795,8.210484785895074,8.717397410180508,9.60820179612142,11.561116800618526
2026-07-21,6.443011671111256,7.329039105472118,8.298427591865446,8.814942274736213,9.723410282228915,11.718403267517933
2026-07-22,6.430219631901663,7.312243519335087,8.276858671607606,8.790671289904495,9.694131524461042,11.677044384978203
2026-07-23,6.3636959966757285,7.230413976428595,8.177204630258558,8.681084467470566,9.566374158965473,11.506413070550325
2026-07-24,6.343651660824419,7.202008815871952,8.138670399004088,8.63675690389246,9.511219627103744,11.424778089143047
2026-07-27,6.338093551870787,7.194166295821756,8.128062295128846,8.624567736696118,9.496076734226701,11.402415293678054
2026-07-28,6.323800765219284,7.172777537807401,8.09801132998265,8.58953853353903,9.451708085569066,11.335061484055917
2026-07-29,6.250115143903114,7.083225187424716,7.990095174085824,8.471432228322737,9.315026799192104,11.154822747773148
2026-07-30,6.350595249100644,7.208442325658293,8.144289250068141,8.641838092244342,9.515188537261189,11.425597513135356
2026-07-31,6.379982681851094,7.243094801984289,8.184916471444712,8.68573534528037,9.564976443826783,11.488911814721591
